player_id,player_name,team_name,gameweek,total_points,minutes,goals_scored,assists,clean_sheets,yellow_cards,red_cards,influence,creativity,threat,ict_index,clearances_blocks_interceptions,recoveries,tackles,defensive_contribution,starts,expected_goals,expected_assists,expected_goal_involvements,expected_goals_conceded
1,David Raya Martín,Arsenal,1,10,90,0,0,1,1,0,49.2,0.0,0.0,4.9,1,13,0,0,1,0.00,0.00,0.00,1.52
1,David Raya Martín,Arsenal,2,6,90,0,0,1,0,0,13.4,0.0,0.0,1.3,0,3,0,0,1,0.00,0.00,0.00,0.17
1,David Raya Martín,Arsenal,3,2,90,0,0,0,0,0,20.0,10.0,0.0,3.0,0,12,0,0,1,0.00,0.02,0.02,0.52
1,David Raya Martín,Arsenal,4,6,90,0,0,1,0,0,12.8,0.0,0.0,1.3,0,9,0,0,1,0.00,0.00,0.00,0.20
1,David Raya Martín,Arsenal,5,2,90,0,0,0,0,0,21.4,0.0,0.0,2.1,1,6,0,0,1,0.00,0.01,0.01,0.89
1,David Raya Martín,Arsenal,6,2,90,0,0,0,0,0,15.8,0.0,0.0,1.6,2,10,0,0,1,0.00,0.01,0.01,0.61
1,David Raya Martín,Arsenal,7,6,90,0,0,1,0,0,3.2,0.0,0.0,0.3,0,8,0,0,1,0.00,0.00,0.00,0.49
1,David Raya Martín,Arsenal,8,6,90,0,0,1,0,0,4.6,0.0,0.0,0.5,2,7,0,0,1,0.00,0.00,0.00,0.44
1,David Raya Martín,Arsenal,9,6,90,0,0,1,0,0,15.0,0.1,0.0,1.5,2,10,0,0,1,0.00,0.00,0.00,0.47
2,Kepa Arrizabalaga Revuelta,Arsenal,1,0,0,0,0,0,0,0,0.0,0.0,0.0,0.0,0,0,0,0,0,0.00,0.00,0.00,0.00
2,Kepa Arrizabalaga Revuelta,Arsenal,2,0,0,0,0,0,0,0,0.0,0.0,0.0,0.0,0,0,0,0,0,0.00,0.00,0.00,0.00
2,Kepa Arrizabalaga Revuelta,Arsenal,3,0,0,0,0,0,0,0,0.0,0.0,0.0,0.0,0,0,0,0,0,0.00,0.00,0.00,0.00
2,Kepa Arrizabalaga Revuelta,Arsenal,4,0,0,0,0,0,0,0,0.0,0.0,0.0,0.0,0,0,0,0,0,0.00,0.00,0.00,0.00
2,Kepa Arrizabalaga Revuelta,Arsenal,5,0,0,0,0,0,0,0,0.0,0.0,0.0,0.0,0,0,0,0,0,0.00,0.00,0.00,0.00
2,Kepa Arrizabalaga Revuelta,Arsenal,6,0,0,0,0,0,0,0,0.0,0.0,0.0,0.0,0,0,0,0,0,0.00,0.00,0.00,0.00
2,Kepa Arrizabalaga Revuelta,Arsenal,7,0,0,0,0,0,0,0,0.0,0.0,0.0,0.0,0,0,0,0,0,0.00,0.00,0.00,0.00
2,Kepa Arrizabalaga Revuelta,Arsenal,8,0,0,0,0,0,0,0,0.0,0.0,0.0,0.0,0,0,0,0,0,0.00,0.00,0.00,0.00
2,Kepa Arrizabalaga Revuelta,Arsenal,9,0,0,0,0,0,0,0,0.0,0.0,0.0,0.0,0,0,0,0,0,0.00,0.00,0.00,0.00
3,Karl Hein,Arsenal,1,0,0,0,0,0,0,0,0.0,0.0,0.0,0.0,0,0,0,0,0,0.00,0.00,0.00,0.00
3,Karl Hein,Arsenal,2,0,0,0,0,0,0,0,0.0,0.0,0.0,0.0,0,0,0,0,0,0.00,0.00,0.00,0.00
3,Karl Hein,Arsenal,3,0,0,0,0,0,0,0,0.0,0.0,0.0,0.0,0,0,0,0,0,0.00,0.00,0.00,0.00
3,Karl Hein,Arsenal,4,0,0,0,0,0,0,0,0.0,0.0,0.0,0.0,0,0,0,0,0,0.00,0.00,0.00,0.00
3,Karl Hein,Arsenal,5,0,0,0,0,0,0,0,0.0,0.0,0.0,0.0,0,0,0,0,0,0.00,0.00,0.00,0.00
3,Karl Hein,Arsenal,6,0,0,0,0,0,0,0,0.0,0.0,0.0,0.0,0,0,0,0,0,0.00,0.00,0.00,0.00
3,Karl Hein,Arsenal,7,0,0,0,0,0,0,0,0.0,0.0,0.0,0.0,0,0,0,0,0,0.00,0.00,0.00,0.00
3,Karl Hein,Arsenal,8,0,0,0,0,0,0,0,0.0,0.0,0.0,0.0,0,0,0,0,0,0.00,0.00,0.00,0.00
3,Karl Hein,Arsenal,9,0,0,0,0,0,0,0,0.0,0.0,0.0,0.0,0,0,0,0,0,0.00,0.00,0.00,0.00
4,Tommy Setford,Arsenal,1,0,0,0,0,0,0,0,0.0,0.0,0.0,0.0,0,0,0,0,0,0.00,0.00,0.00,0.00
4,Tommy Setford,Arsenal,2,0,0,0,0,0,0,0,0.0,0.0,0.0,0.0,0,0,0,0,0,0.00,0.00,0.00,0.00
4,Tommy Setford,Arsenal,3,0,0,0,0,0,0,0,0.0,0.0,0.0,0.0,0,0,0,0,0,0.00,0.00,0.00,0.00
4,Tommy Setford,Arsenal,4,0,0,0,0,0,0,0,0.0,0.0,0.0,0.0,0,0,0,0,0,0.00,0.00,0.00,0.00
4,Tommy Setford,Arsenal,5,0,0,0,0,0,0,0,0.0,0.0,0.0,0.0,0,0,0,0,0,0.00,0.00,0.00,0.00
4,Tommy Setford,Arsenal,6,0,0,0,0,0,0,0,0.0,0.0,0.0,0.0,0,0,0,0,0,0.00,0.00,0.00,0.00
4,Tommy Setford,Arsenal,7,0,0,0,0,0,0,0,0.0,0.0,0.0,0.0,0,0,0,0,0,0.00,0.00,0.00,0.00
4,Tommy Setford,Arsenal,8,0,0,0,0,0,0,0,0.0,0.0,0.0,0.0,0,0,0,0,0,0.00,0.00,0.00,0.00
4,Tommy Setford,Arsenal,9,0,0,0,0,0,0,0,0.0,0.0,0.0,0.0,0,0,0,0,0,0.00,0.00,0.00,0.00
5,Gabriel dos Santos Magalhães,Arsenal,1,6,90,0,0,1,0,0,22.8,0.3,4.0,2.7,6,1,1,7,1,0.00,0.00,0.00,1.52
5,Gabriel dos Santos Magalhães,Arsenal,2,6,90,0,0,1,0,0,13.4,3.3,6.0,2.3,3,4,0,3,1,0.04,0.01,0.05,0.17
5,Gabriel dos Santos Magalhães,Arsenal,3,2,90,0,0,0,0,0,15.4,1.4,2.0,1.9,6,2,1,7,1,0.02,0.01,0.03,0.52
5,Gabriel dos Santos Magalhães,Arsenal,4,9,90,0,0,1,0,0,28.0,1.3,9.0,3.8,8,3,2,10,1,0.20,0.01,0.21,0.20
5,Gabriel dos Santos Magalhães,Arsenal,5,2,90,0,0,0,0,0,19.6,2.3,0.0,2.2,7,1,1,8,1,0.00,0.01,0.01,0.89
5,Gabriel dos Santos Magalhães,Arsenal,6,13,90,1,0,0,0,0,76.8,2.5,33.0,11.2,16,2,3,19,1,0.22,0.02,0.24,0.61
5,Gabriel dos Santos Magalhães,Arsenal,7,9,90,0,0,1,0,0,24.6,2.0,2.0,2.9,10,0,2,12,1,0.00,0.03,0.03,0.49
5,Gabriel dos Santos Magalhães,Arsenal,8,12,90,0,1,1,0,0,33.4,11.6,15.0,6.0,9,1,0,9,1,0.24,0.02,0.26,0.44
5,Gabriel dos Santos Magalhães,Arsenal,9,9,90,0,0,1,0,0,27.2,11.2,9.0,4.7,9,0,0,9,1,0.10,0.03,0.13,0.47
6,William Saliba,Arsenal,1,9,90,0,0,1,0,0,31.4,0.1,0.0,3.2,10,3,4,14,1,0.00,0.00,0.00,1.52
6,William Saliba,Arsenal,2,6,90,0,0,1,0,0,18.4,2.1,2.0,2.3,5,4,0,5,1,0.00,0.01,0.01,0.17
6,William Saliba,Arsenal,3,1,4,0,0,0,0,0,3.0,0.0,0.0,0.3,3,0,0,3,1,0.00,0.00,0.00,0.00
6,William Saliba,Arsenal,4,0,0,0,0,0,0,0,0.0,0.0,0.0,0.0,0,0,0,0,0,0.00,0.00,0.00,0.00
6,William Saliba,Arsenal,5,2,90,0,0,0,0,0,22.0,3.0,4.0,2.9,5,8,4,9,1,0.13,0.02,0.15,0.89
6,William Saliba,Arsenal,6,1,45,0,0,0,0,0,5.4,11.8,2.0,1.9,1,1,0,1,0,0.00,0.07,0.07,0.20
6,William Saliba,Arsenal,7,6,90,0,0,1,0,0,28.2,2.2,0.0,3.0,8,4,0,8,1,0.00,0.02,0.02,0.49
6,William Saliba,Arsenal,8,6,90,0,0,1,0,0,17.4,2.8,2.0,2.2,4,5,0,4,1,0.00,0.05,0.05,0.44
6,William Saliba,Arsenal,9,1,45,0,0,0,0,0,7.4,1.5,0.0,0.9,1,1,0,1,1,0.00,0.02,0.02,0.08
7,Riccardo Calafiori,Arsenal,1,13,71,1,0,1,1,0,36.2,2.1,35.0,7.3,3,5,1,4,1,0.91,0.01,0.92,0.87
7,Riccardo Calafiori,Arsenal,2,13,63,0,2,1,0,0,38.0,21.4,22.0,8.1,1,1,0,1,1,0.39,0.01,0.40,0.17
7,Riccardo Calafiori,Arsenal,3,2,90,0,0,0,0,0,9.8,1.9,11.0,2.3,5,3,2,7,1,0.13,0.01,0.14,0.52
7,Riccardo Calafiori,Arsenal,4,5,67,0,0,1,1,0,5.4,12.6,2.0,2.0,1,1,2,3,1,0.00,0.01,0.01,0.10
7,Riccardo Calafiori,Arsenal,5,2,90,0,0,0,0,0,3.6,6.2,19.0,2.9,2,6,3,5,1,0.14,0.05,0.19,0.89
7,Riccardo Calafiori,Arsenal,6,1,69,0,0,0,1,0,3.6,16.8,10.0,3.0,3,3,0,3,1,0.10,0.04,0.14,0.53
7,Riccardo Calafiori,Arsenal,7,6,74,0,0,1,0,0,8.8,5.4,19.0,3.3,3,5,3,6,1,0.17,0.02,0.19,0.36
7,Riccardo Calafiori,Arsenal,8,6,90,0,0,1,0,0,12.6,8.0,9.0,3.0,4,6,1,5,1,0.04,0.02,0.06,0.44
7,Riccardo Calafiori,Arsenal,9,6,81,0,0,1,0,0,4.6,3.8,2.0,1.0,1,6,0,1,1,0.07,0.02,0.09,0.46
8,Jurriën Timber,Arsenal,1,0,19,0,0,0,1,0,3.0,0.3,0.0,0.3,1,1,2,3,0,0.00,0.00,0.00,0.66
8,Jurriën Timber,Arsenal,2,24,63,2,1,1,0,0,95.0,28.5,75.0,19.9,2,1,4,6,1,0.81,0.05,0.86,0.17
8,Jurriën Timber,Arsenal,3,2,90,0,0,0,0,0,11.4,12.4,11.0,3.5,5,4,2,7,1,0.09,0.05,0.14,0.52
8,Jurriën Timber,Arsenal,4,8,90,0,0,1,0,0,19.8,13.0,35.0,6.8,4,2,2,6,1,0.30,0.02,0.32,0.20
8,Jurriën Timber,Arsenal,5,1,79,0,0,0,1,0,17.0,13.9,8.0,3.9,1,3,7,8,1,0.00,0.05,0.05,0.65
8,Jurriën Timber,Arsenal,6,2,90,0,0,0,0,0,24.6,38.2,25.0,8.8,4,4,2,6,1,0.53,0.21,0.74,0.61
8,Jurriën Timber,Arsenal,7,11,90,0,1,1,0,0,20.2,16.8,29.0,6.6,3,3,6,9,1,0.16,0.03,0.19,0.49
8,Jurriën Timber,Arsenal,8,6,90,0,0,1,0,0,16.8,31.8,6.0,5.5,2,5,2,4,1,0.00,0.15,0.15,0.44
8,Jurriën Timber,Arsenal,9,6,90,0,0,1,0,0,11.8,16.7,2.0,3.1,2,4,2,4,1,0.00,0.04,0.04,0.47
9,Jakub Kiwior,Arsenal,1,0,0,0,0,0,0,0,0.0,0.0,0.0,0.0,0,0,0,0,0,0.00,0.00,0.00,0.00
9,Jakub Kiwior,Arsenal,2,0,0,0,0,0,0,0,0.0,0.0,0.0,0.0,0,0,0,0,0,0.00,0.00,0.00,0.00
9,Jakub Kiwior,Arsenal,3,0,0,0,0,0,0,0,0.0,0.0,0.0,0.0,0,0,0,0,0,0.00,0.00,0.00,0.00
9,Jakub Kiwior,Arsenal,4,0,0,0,0,0,0,0,0.0,0.0,0.0,0.0,0,0,0,0,0,0.00,0.00,0.00,0.00
9,Jakub Kiwior,Arsenal,5,0,0,0,0,0,0,0,0.0,0.0,0.0,0.0,0,0,0,0,0,0.00,0.00,0.00,0.00
9,Jakub Kiwior,Arsenal,6,0,0,0,0,0,0,0,0.0,0.0,0.0,0.0,0,0,0,0,0,0.00,0.00,0.00,0.00
9,Jakub Kiwior,Arsenal,7,0,0,0,0,0,0,0,0.0,0.0,0.0,0.0,0,0,0,0,0,0.00,0.00,0.00,0.00
9,Jakub Kiwior,Arsenal,8,0,0,0,0,0,0,0,0.0,0.0,0.0,0.0,0,0,0,0,0,0.00,0.00,0.00,0.00
9,Jakub Kiwior,Arsenal,9,0,0,0,0,0,0,0,0.0,0.0,0.0,0.0,0,0,0,0,0,0.00,0.00,0.00,0.00
10,Myles Lewis-Skelly,Arsenal,1,0,18,0,0,0,1,0,0.2,0.0,0.0,0.0,1,0,0,1,0,0.00,0.00,0.00,0.66
10,Myles Lewis-Skelly,Arsenal,2,1,26,0,0,0,0,0,4.2,3.7,0.0,0.8,0,2,1,1,0,0.00,0.00,0.00,0.00
10,Myles Lewis-Skelly,Arsenal,3,0,0,0,0,0,0,0,0.0,0.0,0.0,0.0,0,0,0,0,0,0.00,0.00,0.00,0.00
10,Myles Lewis-Skelly,Arsenal,4,1,22,0,0,0,0,0,0.0,2.0,0.0,0.1,0,2,0,0,0,0.00,0.00,0.00,0.10
10,Myles Lewis-Skelly,Arsenal,5,0,0,0,0,0,0,0,0.0,0.0,0.0,0.0,0,0,0,0,0,0.00,0.00,0.00,0.00
10,Myles Lewis-Skelly,Arsenal,6,1,2,0,0,0,0,0,0.0,0.9,2.0,0.2,0,1,0,0,0,0.00,0.00,0.00,0.04
10,Myles Lewis-Skelly,Arsenal,7,1,15,0,0,0,0,0,3.2,0.3,2.0,0.6,2,1,0,2,0,0.00,0.00,0.00,0.13
10,Myles Lewis-Skelly,Arsenal,8,0,0,0,0,0,0,0,0.0,0.0,0.0,0.0,0,0,0,0,0,0.00,0.00,0.00,0.00
10,Myles Lewis-Skelly,Arsenal,9,1,2,0,0,0,0,0,0.2,0.3,0.0,0.1,0,1,0,0,0,0.00,0.00,0.00,0.01
11,Benjamin White,Arsenal,1,6,70,0,0,1,0,0,15.4,11.3,1.0,2.8,6,4,2,8,1,0.01,0.01,0.02,0.87
11,Benjamin White,Arsenal,2,0,0,0,0,0,0,0,0.0,0.0,0.0,0.0,0,0,0,0,0,0.00,0.00,0.00,0.00
11,Benjamin White,Arsenal,3,0,0,0,0,0,0,0,0.0,0.0,0.0,0.0,0,0,0,0,0,0.00,0.00,0.00,0.00
11,Benjamin White,Arsenal,4,0,0,0,0,0,0,0,0.0,0.0,0.0,0.0,0,0,0,0,0,0.00,0.00,0.00,0.00
11,Benjamin White,Arsenal,5,0,0,0,0,0,0,0,0.0,0.0,0.0,0.0,0,0,0,0,0,0.00,0.00,0.00,0.00
11,Benjamin White,Arsenal,6,0,0,0,0,0,0,0,0.0,0.0,0.0,0.0,0,0,0,0,0,0.00,0.00,0.00,0.00
11,Benjamin White,Arsenal,7,0,0,0,0,0,0,0,0.0,0.0,0.0,0.0,0,0,0,0,0,0.00,0.00,0.00,0.00
11,Benjamin White,Arsenal,8,0,0,0,0,0,0,0,0.0,0.0,0.0,0.0,0,0,0,0,0,0.00,0.00,0.00,0.00
11,Benjamin White,Arsenal,9,0,0,0,0,0,0,0,0.0,0.0,0.0,0.0,0,0,0,0,0,0.00,0.00,0.00,0.00
13,Brayden Clarke,Arsenal,1,0,0,0,0,0,0,0,0.0,0.0,0.0,0.0,0,0,0,0,0,0.00,0.00,0.00,0.00
13,Brayden Clarke,Arsenal,2,0,0,0,0,0,0,0,0.0,0.0,0.0,0.0,0,0,0,0,0,0.00,0.00,0.00,0.00
13,Brayden Clarke,Arsenal,3,0,0,0,0,0,0,0,0.0,0.0,0.0,0.0,0,0,0,0,0,0.00,0.00,0.00,0.00
13,Brayden Clarke,Arsenal,4,0,0,0,0,0,0,0,0.0,0.0,0.0,0.0,0,0,0,0,0,0.00,0.00,0.00,0.00
13,Brayden Clarke,Arsenal,5,0,0,0,0,0,0,0,0.0,0.0,0.0,0.0,0,0,0,0,0,0.00,0.00,0.00,0.00
13,Brayden Clarke,Arsenal,6,0,0,0,0,0,0,0,0.0,0.0,0.0,0.0,0,0,0,0,0,0.00,0.00,0.00,0.00
13,Brayden Clarke,Arsenal,7,0,0,0,0,0,0,0,0.0,0.0,0.0,0.0,0,0,0,0,0,0.00,0.00,0.00,0.00
13,Brayden Clarke,Arsenal,8,0,0,0,0,0,0,0,0.0,0.0,0.0,0.0,0,0,0,0,0,0.00,0.00,0.00,0.00
13,Brayden Clarke,Arsenal,9,0,0,0,0,0,0,0,0.0,0.0,0.0,0.0,0,0,0,0,0,0.00,0.00,0.00,0.00
14,Maldini Kacurri,Arsenal,1,0,0,0,0,0,0,0,0.0,0.0,0.0,0.0,0,0,0,0,0,0.00,0.00,0.00,0.00
14,Maldini Kacurri,Arsenal,2,0,0,0,0,0,0,0,0.0,0.0,0.0,0.0,0,0,0,0,0,0.00,0.00,0.00,0.00
14,Maldini Kacurri,Arsenal,3,0,0,0,0,0,0,0,0.0,0.0,0.0,0.0,0,0,0,0,0,0.00,0.00,0.00,0.00
14,Maldini Kacurri,Arsenal,4,0,0,0,0,0,0,0,0.0,0.0,0.0,0.0,0,0,0,0,0,0.00,0.00,0.00,0.00
14,Maldini Kacurri,Arsenal,5,0,0,0,0,0,0,0,0.0,0.0,0.0,0.0,0,0,0,0,0,0.00,0.00,0.00,0.00
14,Maldini Kacurri,Arsenal,6,0,0,0,0,0,0,0,0.0,0.0,0.0,0.0,0,0,0,0,0,0.00,0.00,0.00,0.00
14,Maldini Kacurri,Arsenal,7,0,0,0,0,0,0,0,0.0,0.0,0.0,0.0,0,0,0,0,0,0.00,0.00,0.00,0.00
14,Maldini Kacurri,Arsenal,8,0,0,0,0,0,0,0,0.0,0.0,0.0,0.0,0,0,0,0,0,0.00,0.00,0.00,0.00
14,Maldini Kacurri,Arsenal,9,0,0,0,0,0,0,0,0.0,0.0,0.0,0.0,0,0,0,0,0,0.00,0.00,0.00,0.00
15,Josh Nichols,Arsenal,1,0,0,0,0,0,0,0,0.0,0.0,0.0,0.0,0,0,0,0,0,0.00,0.00,0.00,0.00
15,Josh Nichols,Arsenal,2,0,0,0,0,0,0,0,0.0,0.0,0.0,0.0,0,0,0,0,0,0.00,0.00,0.00,0.00
15,Josh Nichols,Arsenal,3,0,0,0,0,0,0,0,0.0,0.0,0.0,0.0,0,0,0,0,0,0.00,0.00,0.00,0.00
15,Josh Nichols,Arsenal,4,0,0,0,0,0,0,0,0.0,0.0,0.0,0.0,0,0,0,0,0,0.00,0.00,0.00,0.00
15,Josh Nichols,Arsenal,5,0,0,0,0,0,0,0,0.0,0.0,0.0,0.0,0,0,0,0,0,0.00,0.00,0.00,0.00
15,Josh Nichols,Arsenal,6,0,0,0,0,0,0,0,0.0,0.0,0.0,0.0,0,0,0,0,0,0.00,0.00,0.00,0.00
15,Josh Nichols,Arsenal,7,0,0,0,0,0,0,0,0.0,0.0,0.0,0.0,0,0,0,0,0,0.00,0.00,0.00,0.00
15,Josh Nichols,Arsenal,8,0,0,0,0,0,0,0,0.0,0.0,0.0,0.0,0,0,0,0,0,0.00,0.00,0.00,0.00
15,Josh Nichols,Arsenal,9,0,0,0,0,0,0,0,0.0,0.0,0.0,0.0,0,0,0,0,0,0.00,0.00,0.00,0.00
16,Bukayo Saka,Arsenal,1,3,90,0,0,1,0,0,12.0,16.4,7.0,3.5,0,2,3,5,1,0.15,0.09,0.24,1.52
16,Bukayo Saka,Arsenal,2,6,52,1,0,0,0,0,40.4,30.4,21.0,9.2,0,4,0,4,1,0.11,0.03,0.14,0.17
16,Bukayo Saka,Arsenal,3,0,0,0,0,0,0,0,0.0,0.0,0.0,0.0,0,0,0,0,0,0.00,0.00,0.00,0.00
16,Bukayo Saka,Arsenal,4,0,0,0,0,0,0,0,0.0,0.0,0.0,0.0,0,0,0,0,0,0.00,0.00,0.00,0.00
16,Bukayo Saka,Arsenal,5,1,45,0,0,0,0,0,5.6,32.3,7.0,4.5,0,3,0,3,0,0.04,0.21,0.25,0.34
16,Bukayo Saka,Arsenal,6,2,69,0,0,0,0,0,4.4,11.4,30.0,4.6,0,5,0,5,1,0.08,0.01,0.09,0.53
16,Bukayo Saka,Arsenal,7,8,90,1,0,1,0,0,38.8,23.6,31.0,9.3,1,4,2,7,1,0.84,1.11,1.95,0.49
16,Bukayo Saka,Arsenal,8,7,90,0,0,1,0,0,28.8,80.3,44.0,15.3,1,9,2,12,1,0.07,0.55,0.62,0.44
16,Bukayo Saka,Arsenal,9,3,65,0,0,1,0,0,2.2,1.9,3.0,0.7,0,5,2,7,1,0.02,0.01,0.03,0.08
17,Martin Ødegaard,Arsenal,1,5,90,0,0,1,0,0,17.8,20.3,17.0,5.5,6,7,1,14,1,0.09,0.29,0.38,1.52
17,Martin Ødegaard,Arsenal,2,1,37,0,0,0,0,0,1.6,4.4,3.0,0.9,0,1,1,2,1,0.05,0.05,0.10,0.17
17,Martin Ødegaard,Arsenal,3,1,20,0,0,0,0,0,1.4,2.2,2.0,0.6,0,1,0,1,0,0.00,0.01,0.01,0.25
17,Martin Ødegaard,Arsenal,4,1,17,0,0,0,0,0,0.0,5.2,0.0,0.5,0,0,0,0,1,0.00,0.00,0.00,0.00
17,Martin Ødegaard,Arsenal,5,0,0,0,0,0,0,0,0.0,0.0,0.0,0.0,0,0,0,0,0,0.00,0.00,0.00,0.00
17,Martin Ødegaard,Arsenal,6,4,8,0,1,0,0,0,19.0,16.4,0.0,3.5,0,1,0,1,0,0.00,0.25,0.25,0.08
17,Martin Ødegaard,Arsenal,7,1,29,0,0,0,0,0,3.2,16.5,0.0,2.0,0,0,1,1,1,0.00,0.21,0.21,0.34
17,Martin Ødegaard,Arsenal,8,0,0,0,0,0,0,0,0.0,0.0,0.0,0.0,0,0,0,0,0,0.00,0.00,0.00,0.00
17,Martin Ødegaard,Arsenal,9,0,0,0,0,0,0,0,0.0,0.0,0.0,0.0,0,0,0,0,0,0.00,0.00,0.00,0.00
18,Noni Madueke,Arsenal,1,1,30,0,0,0,0,0,1.6,10.7,2.0,1.4,0,0,0,0,0,0.00,0.02,0.02,0.82
18,Noni Madueke,Arsenal,2,3,63,0,0,1,0,0,5.6,26.9,10.0,4.3,0,3,0,3,1,0.00,0.09,0.09,0.17
18,Noni Madueke,Arsenal,3,2,88,0,0,0,0,0,0.0,1.6,38.0,3.9,0,2,0,2,1,0.14,0.03,0.17,0.40
18,Noni Madueke,Arsenal,4,3,78,0,0,1,0,0,22.6,70.8,26.0,11.9,1,3,3,7,1,0.00,0.71,0.71,0.10
18,Noni Madueke,Arsenal,5,1,45,0,0,0,0,0,0.4,1.7,29.0,3.1,0,2,0,2,1,0.15,0.01,0.16,0.55
18,Noni Madueke,Arsenal,6,0,0,0,0,0,0,0,0.0,0.0,0.0,0.0,0,0,0,0,0,0.00,0.00,0.00,0.00
18,Noni Madueke,Arsenal,7,0,0,0,0,0,0,0,0.0,0.0,0.0,0.0,0,0,0,0,0,0.00,0.00,0.00,0.00
18,Noni Madueke,Arsenal,8,0,0,0,0,0,0,0,0.0,0.0,0.0,0.0,0,0,0,0,0,0.00,0.00,0.00,0.00
18,Noni Madueke,Arsenal,9,0,0,0,0,0,0,0,0.0,0.0,0.0,0.0,0,0,0,0,0,0.00,0.00,0.00,0.00
19,Gabriel Martinelli Silva,Arsenal,1,1,59,0,0,0,0,0,6.2,10.3,21.0,3.8,0,3,1,4,1,0.02,0.01,0.03,0.70
19,Gabriel Martinelli Silva,Arsenal,2,0,0,0,0,0,0,0,0.0,0.0,0.0,0.0,0,0,0,0,0,0.00,0.00,0.00,0.00
19,Gabriel Martinelli Silva,Arsenal,3,3,69,0,0,1,0,0,1.4,0.4,6.0,0.8,0,2,1,3,1,0.00,0.00,0.00,0.28
19,Gabriel Martinelli Silva,Arsenal,4,1,12,0,0,0,0,0,2.0,4.3,0.0,0.6,0,1,0,1,0,0.00,0.00,0.00,0.10
19,Gabriel Martinelli Silva,Arsenal,5,7,10,1,0,0,0,0,33.0,0.3,17.0,5.0,0,0,0,0,0,0.16,0.00,0.16,0.25
19,Gabriel Martinelli Silva,Arsenal,6,1,20,0,0,0,0,0,2.2,0.5,4.0,0.7,1,2,0,3,0,0.05,0.01,0.06,0.08
19,Gabriel Martinelli Silva,Arsenal,7,1,11,0,0,0,0,0,2.0,14.0,2.0,1.8,1,1,0,2,0,0.00,0.06,0.06,0.13
19,Gabriel Martinelli Silva,Arsenal,8,1,9,0,0,0,0,0,3.2,0.5,41.0,4.5,0,1,1,2,0,0.52,0.00,0.52,0.04
19,Gabriel Martinelli Silva,Arsenal,9,1,24,0,0,0,0,0,1.0,0.3,2.0,0.3,1,0,0,1,0,0.00,0.00,0.00,0.39
20,Leandro Trossard,Arsenal,1,0,0,0,0,0,0,0,0.0,0.0,0.0,0.0,0,0,0,0,0,0.00,0.00,0.00,0.00
20,Leandro Trossard,Arsenal,2,1,37,0,0,0,0,0,5.4,21.5,4.0,3.1,0,0,0,0,0,0.07,0.03,0.10,0.00
20,Leandro Trossard,Arsenal,3,0,0,0,0,0,0,0,0.0,0.0,0.0,0.0,0,0,0,0,0,0.00,0.00,0.00,0.00
20,Leandro Trossard,Arsenal,4,4,11,0,1,0,0,0,17.2,10.5,4.0,3.2,0,0,0,0,0,0.00,0.26,0.26,0.10
20,Leandro Trossard,Arsenal,5,2,83,0,0,0,0,0,7.6,4.3,17.0,2.9,2,1,1,4,1,0.14,0.07,0.21,0.89
20,Leandro Trossard,Arsenal,6,2,87,0,0,0,0,0,2.4,17.0,12.0,3.1,0,2,0,2,1,0.33,0.12,0.45,0.58
20,Leandro Trossard,Arsenal,7,3,74,0,0,1,0,0,10.8,28.5,20.0,5.9,1,1,2,4,1,0.12,0.09,0.21,0.36
20,Leandro Trossard,Arsenal,8,10,80,1,0,1,0,0,33.2,18.2,56.0,10.7,2,4,0,6,1,0.60,0.07,0.67,0.40
20,Leandro Trossard,Arsenal,9,3,90,0,0,1,0,0,4.8,7.7,33.0,4.6,1,6,0,7,1,0.34,0.05,0.39,0.47
21,Declan Rice,Arsenal,1,6,82,0,1,1,0,0,2.6,1.3,8.0,1.2,1,3,0,4,1,0.13,0.01,0.14,1.04
21,Declan Rice,Arsenal,2,6,90,0,1,1,0,0,25.2,50.0,2.0,7.7,0,3,0,3,1,0.00,0.54,0.54,0.17
21,Declan Rice,Arsenal,3,4,90,0,0,0,0,0,13.2,22.7,3.0,3.9,6,7,0,13,1,0.02,0.10,0.12,0.52
21,Declan Rice,Arsenal,4,1,22,0,0,0,0,0,3.4,1.3,2.0,0.7,0,2,1,3,0,0.00,0.03,0.03,0.10
21,Declan Rice,Arsenal,5,3,90,0,0,0,0,0,18.8,37.0,0.0,5.6,1,6,2,9,1,0.00,0.16,0.16,0.89
21,Declan Rice,Arsenal,6,9,90,0,1,0,0,0,47.6,53.7,4.0,10.5,4,5,3,12,1,0.00,0.20,0.20,0.61
21,Declan Rice,Arsenal,7,11,78,1,0,1,0,0,45.6,40.4,23.0,10.9,2,3,0,5,1,0.32,0.12,0.44,0.36
21,Declan Rice,Arsenal,8,3,90,0,0,1,0,0,15.6,19.5,1.0,3.6,3,2,0,5,1,0.03,0.08,0.11,0.44
21,Declan Rice,Arsenal,9,7,81,0,1,1,0,0,21.2,40.8,29.0,9.1,3,3,3,9,1,0.37,0.61,0.98,0.46
22,Mikel Merino Zazón,Arsenal,1,1,7,0,0,0,0,0,1.2,0.0,0.0,0.1,1,0,0,1,0,0.00,0.00,0.00,0.49
22,Mikel Merino Zazón,Arsenal,2,0,0,0,0,0,0,0,0.0,0.0,0.0,0.0,0,0,0,0,0,0.00,0.00,0.00,0.00
22,Mikel Merino Zazón,Arsenal,3,3,69,0,0,1,0,0,5.2,2.3,0.0,0.8,0,2,3,5,1,0.00,0.02,0.02,0.28
22,Mikel Merino Zazón,Arsenal,4,3,90,0,0,1,0,0,13.2,20.3,33.0,6.7,2,8,0,10,1,0.13,0.07,0.20,0.20
22,Mikel Merino Zazón,Arsenal,5,1,45,0,0,0,0,0,8.8,17.3,0.0,2.6,2,4,1,7,1,0.00,0.03,0.03,0.55
22,Mikel Merino Zazón,Arsenal,6,6,20,1,0,0,0,0,35.2,0.1,19.0,5.4,1,1,1,3,0,0.05,0.00,0.05,0.08
22,Mikel Merino Zazón,Arsenal,7,1,11,0,0,0,0,0,0.0,3.7,12.0,1.2,0,0,0,0,0,0.16,0.00,0.16,0.13
22,Mikel Merino Zazón,Arsenal,8,1,28,0,0,0,0,0,5.4,1.1,4.0,1.1,1,2,2,5,0,0.00,0.01,0.01,0.04
22,Mikel Merino Zazón,Arsenal,9,1,8,0,0,0,0,0,4.0,0.3,0.0,0.4,2,0,0,2,0,0.00,0.00,0.00,0.01
23,Fábio Ferreira Vieira,Arsenal,1,0,0,0,0,0,0,0,0.0,0.0,0.0,0.0,0,0,0,0,0,0.00,0.00,0.00,0.00
23,Fábio Ferreira Vieira,Arsenal,2,0,0,0,0,0,0,0,0.0,0.0,0.0,0.0,0,0,0,0,0,0.00,0.00,0.00,0.00
23,Fábio Ferreira Vieira,Arsenal,3,0,0,0,0,0,0,0,0.0,0.0,0.0,0.0,0,0,0,0,0,0.00,0.00,0.00,0.00
23,Fábio Ferreira Vieira,Arsenal,4,0,0,0,0,0,0,0,0.0,0.0,0.0,0.0,0,0,0,0,0,0.00,0.00,0.00,0.00
23,Fábio Ferreira Vieira,Arsenal,5,0,0,0,0,0,0,0,0.0,0.0,0.0,0.0,0,0,0,0,0,0.00,0.00,0.00,0.00
23,Fábio Ferreira Vieira,Arsenal,6,0,0,0,0,0,0,0,0.0,0.0,0.0,0.0,0,0,0,0,0,0.00,0.00,0.00,0.00
23,Fábio Ferreira Vieira,Arsenal,7,0,0,0,0,0,0,0,0.0,0.0,0.0,0.0,0,0,0,0,0,0.00,0.00,0.00,0.00
23,Fábio Ferreira Vieira,Arsenal,8,0,0,0,0,0,0,0,0.0,0.0,0.0,0.0,0,0,0,0,0,0.00,0.00,0.00,0.00
23,Fábio Ferreira Vieira,Arsenal,9,0,0,0,0,0,0,0,0.0,0.0,0.0,0.0,0,0,0,0,0,0.00,0.00,0.00,0.00
24,Christian Nørgaard,Arsenal,1,0,0,0,0,0,0,0,0.0,0.0,0.0,0.0,0,0,0,0,0,0.00,0.00,0.00,0.00
24,Christian Nørgaard,Arsenal,2,0,0,0,0,0,0,0,0.0,0.0,0.0,0.0,0,0,0,0,0,0.00,0.00,0.00,0.00
24,Christian Nørgaard,Arsenal,3,0,0,0,0,0,0,0,0.0,0.0,0.0,0.0,0,0,0,0,0,0.00,0.00,0.00,0.00
24,Christian Nørgaard,Arsenal,4,0,0,0,0,0,0,0,0.0,0.0,0.0,0.0,0,0,0,0,0,0.00,0.00,0.00,0.00
24,Christian Nørgaard,Arsenal,5,0,0,0,0,0,0,0,0.0,0.0,0.0,0.0,0,0,0,0,0,0.00,0.00,0.00,0.00
24,Christian Nørgaard,Arsenal,6,0,0,0,0,0,0,0,0.0,0.0,0.0,0.0,0,0,0,0,0,0.00,0.00,0.00,0.00
24,Christian Nørgaard,Arsenal,7,0,0,0,0,0,0,0,0.0,0.0,0.0,0.0,0,0,0,0,0,0.00,0.00,0.00,0.00
24,Christian Nørgaard,Arsenal,8,1,1,0,0,0,0,0,1.0,0.0,0.0,0.1,1,1,0,2,0,0.00,0.00,0.00,0.00
24,Christian Nørgaard,Arsenal,9,0,0,0,0,0,0,0,0.0,0.0,0.0,0.0,0,0,0,0,0,0.00,0.00,0.00,0.00
25,Ethan Nwaneri,Arsenal,1,0,0,0,0,0,0,0,0.0,0.0,0.0,0.0,0,0,0,0,0,0.00,0.00,0.00,0.00
25,Ethan Nwaneri,Arsenal,2,1,52,0,0,0,0,0,5.6,1.8,5.0,1.2,0,3,1,4,0,0.02,0.01,0.03,0.00
25,Ethan Nwaneri,Arsenal,3,0,0,0,0,0,0,0,0.0,0.0,0.0,0.0,0,0,0,0,0,0.00,0.00,0.00,0.00
25,Ethan Nwaneri,Arsenal,4,3,72,0,0,1,0,0,2.4,18.7,15.0,3.6,1,3,0,4,0,0.15,0.03,0.18,0.20
25,Ethan Nwaneri,Arsenal,5,1,6,0,0,0,0,0,0.2,0.4,0.0,0.1,0,1,0,1,0,0.00,0.00,0.00,0.00
25,Ethan Nwaneri,Arsenal,6,0,0,0,0,0,0,0,0.0,0.0,0.0,0.0,0,0,0,0,0,0.00,0.00,0.00,0.00
25,Ethan Nwaneri,Arsenal,7,1,15,0,0,0,0,0,0.0,1.1,1.0,0.1,0,0,0,0,0,0.02,0.04,0.06,0.13
25,Ethan Nwaneri,Arsenal,8,0,0,0,0,0,0,0,0.0,0.0,0.0,0.0,0,0,0,0,0,0.00,0.00,0.00,0.00
25,Ethan Nwaneri,Arsenal,9,0,0,0,0,0,0,0,0.0,0.0,0.0,0.0,0,0,0,0,0,0.00,0.00,0.00,0.00
26,Martín Zubimendi Ibáñez,Arsenal,1,5,90,0,0,1,0,0,16.0,1.9,2.0,2.0,4,5,3,12,1,0.00,0.01,0.01,1.52
26,Martín Zubimendi Ibáñez,Arsenal,2,3,90,0,0,1,0,0,6.4,6.9,1.0,1.4,1,5,2,8,1,0.02,0.02,0.04,0.17
26,Martín Zubimendi Ibáñez,Arsenal,3,1,90,0,0,0,1,0,1.4,2.6,5.0,0.9,1,5,1,7,1,0.03,0.02,0.05,0.52
26,Martín Zubimendi Ibáñez,Arsenal,4,16,90,2,0,1,0,0,68.6,14.5,25.0,10.8,1,1,0,2,1,0.16,0.03,0.19,0.20
26,Martín Zubimendi Ibáñez,Arsenal,5,2,90,0,0,0,0,0,8.6,19.0,12.0,4.0,2,3,0,5,1,0.05,0.04,0.09,0.89
26,Martín Zubimendi Ibáñez,Arsenal,6,2,81,0,0,0,0,0,17.8,31.9,0.0,5.0,4,2,3,9,1,0.00,0.52,0.52,0.53
26,Martín Zubimendi Ibáñez,Arsenal,7,3,60,0,0,1,0,0,22.6,18.4,0.0,4.1,3,3,5,11,0,0.00,0.16,0.16,0.15
26,Martín Zubimendi Ibáñez,Arsenal,8,3,90,0,0,1,0,0,11.2,15.6,2.0,2.9,2,2,1,5,1,0.00,0.06,0.06,0.44
26,Martín Zubimendi Ibáñez,Arsenal,9,5,90,0,0,1,0,0,18.2,15.5,0.0,3.4,9,4,2,15,1,0.00,0.03,0.03,0.47
28,Ismeal Kabia,Arsenal,1,0,0,0,0,0,0,0,0.0,0.0,0.0,0.0,0,0,0,0,0,0.00,0.00,0.00,0.00
28,Ismeal Kabia,Arsenal,2,0,0,0,0,0,0,0,0.0,0.0,0.0,0.0,0,0,0,0,0,0.00,0.00,0.00,0.00
28,Ismeal Kabia,Arsenal,3,0,0,0,0,0,0,0,0.0,0.0,0.0,0.0,0,0,0,0,0,0.00,0.00,0.00,0.00
28,Ismeal Kabia,Arsenal,4,0,0,0,0,0,0,0,0.0,0.0,0.0,0.0,0,0,0,0,0,0.00,0.00,0.00,0.00
28,Ismeal Kabia,Arsenal,5,0,0,0,0,0,0,0,0.0,0.0,0.0,0.0,0,0,0,0,0,0.00,0.00,0.00,0.00
28,Ismeal Kabia,Arsenal,6,0,0,0,0,0,0,0,0.0,0.0,0.0,0.0,0,0,0,0,0,0.00,0.00,0.00,0.00
28,Ismeal Kabia,Arsenal,7,0,0,0,0,0,0,0,0.0,0.0,0.0,0.0,0,0,0,0,0,0.00,0.00,0.00,0.00
28,Ismeal Kabia,Arsenal,8,0,0,0,0,0,0,0,0.0,0.0,0.0,0.0,0,0,0,0,0,0.00,0.00,0.00,0.00
28,Ismeal Kabia,Arsenal,9,0,0,0,0,0,0,0,0.0,0.0,0.0,0.0,0,0,0,0,0,0.00,0.00,0.00,0.00
29,Albert Sambi Lokonga,Arsenal,1,0,0,0,0,0,0,0,0.0,0.0,0.0,0.0,0,0,0,0,0,0.00,0.00,0.00,0.00
29,Albert Sambi Lokonga,Arsenal,2,0,0,0,0,0,0,0,0.0,0.0,0.0,0.0,0,0,0,0,0,0.00,0.00,0.00,0.00
29,Albert Sambi Lokonga,Arsenal,3,0,0,0,0,0,0,0,0.0,0.0,0.0,0.0,0,0,0,0,0,0.00,0.00,0.00,0.00
29,Albert Sambi Lokonga,Arsenal,4,0,0,0,0,0,0,0,0.0,0.0,0.0,0.0,0,0,0,0,0,0.00,0.00,0.00,0.00
29,Albert Sambi Lokonga,Arsenal,5,0,0,0,0,0,0,0,0.0,0.0,0.0,0.0,0,0,0,0,0,0.00,0.00,0.00,0.00
29,Albert Sambi Lokonga,Arsenal,6,0,0,0,0,0,0,0,0.0,0.0,0.0,0.0,0,0,0,0,0,0.00,0.00,0.00,0.00
29,Albert Sambi Lokonga,Arsenal,7,0,0,0,0,0,0,0,0.0,0.0,0.0,0.0,0,0,0,0,0,0.00,0.00,0.00,0.00
29,Albert Sambi Lokonga,Arsenal,8,0,0,0,0,0,0,0,0.0,0.0,0.0,0.0,0,0,0,0,0,0.00,0.00,0.00,0.00
29,Albert Sambi Lokonga,Arsenal,9,0,0,0,0,0,0,0,0.0,0.0,0.0,0.0,0,0,0,0,0,0.00,0.00,0.00,0.00
30,Kai Havertz,Arsenal,1,1,30,0,0,0,0,0,2.8,0.8,2.0,0.6,1,2,0,3,0,0.00,0.01,0.01,0.82
30,Kai Havertz,Arsenal,2,0,0,0,0,0,0,0,0.0,0.0,0.0,0.0,0,0,0,0,0,0.00,0.00,0.00,0.00
30,Kai Havertz,Arsenal,3,0,0,0,0,0,0,0,0.0,0.0,0.0,0.0,0,0,0,0,0,0.00,0.00,0.00,0.00
30,Kai Havertz,Arsenal,4,0,0,0,0,0,0,0,0.0,0.0,0.0,0.0,0,0,0,0,0,0.00,0.00,0.00,0.00
30,Kai Havertz,Arsenal,5,0,0,0,0,0,0,0,0.0,0.0,0.0,0.0,0,0,0,0,0,0.00,0.00,0.00,0.00
30,Kai Havertz,Arsenal,6,0,0,0,0,0,0,0,0.0,0.0,0.0,0.0,0,0,0,0,0,0.00,0.00,0.00,0.00
30,Kai Havertz,Arsenal,7,0,0,0,0,0,0,0,0.0,0.0,0.0,0.0,0,0,0,0,0,0.00,0.00,0.00,0.00
30,Kai Havertz,Arsenal,8,0,0,0,0,0,0,0,0.0,0.0,0.0,0.0,0,0,0,0,0,0.00,0.00,0.00,0.00
30,Kai Havertz,Arsenal,9,0,0,0,0,0,0,0,0.0,0.0,0.0,0.0,0,0,0,0,0,0.00,0.00,0.00,0.00
31,Gabriel Fernando de Jesus,Arsenal,1,0,0,0,0,0,0,0,0.0,0.0,0.0,0.0,0,0,0,0,0,0.00,0.00,0.00,0.00
31,Gabriel Fernando de Jesus,Arsenal,2,0,0,0,0,0,0,0,0.0,0.0,0.0,0.0,0,0,0,0,0,0.00,0.00,0.00,0.00
31,Gabriel Fernando de Jesus,Arsenal,3,0,0,0,0,0,0,0,0.0,0.0,0.0,0.0,0,0,0,0,0,0.00,0.00,0.00,0.00
31,Gabriel Fernando de Jesus,Arsenal,4,0,0,0,0,0,0,0,0.0,0.0,0.0,0.0,0,0,0,0,0,0.00,0.00,0.00,0.00
31,Gabriel Fernando de Jesus,Arsenal,5,0,0,0,0,0,0,0,0.0,0.0,0.0,0.0,0,0,0,0,0,0.00,0.00,0.00,0.00
31,Gabriel Fernando de Jesus,Arsenal,6,0,0,0,0,0,0,0,0.0,0.0,0.0,0.0,0,0,0,0,0,0.00,0.00,0.00,0.00
31,Gabriel Fernando de Jesus,Arsenal,7,0,0,0,0,0,0,0,0.0,0.0,0.0,0.0,0,0,0,0,0,0.00,0.00,0.00,0.00
31,Gabriel Fernando de Jesus,Arsenal,8,0,0,0,0,0,0,0,0.0,0.0,0.0,0.0,0,0,0,0,0,0.00,0.00,0.00,0.00
31,Gabriel Fernando de Jesus,Arsenal,9,0,0,0,0,0,0,0,0.0,0.0,0.0,0.0,0,0,0,0,0,0.00,0.00,0.00,0.00
266,Eberechi Eze,Arsenal,1,3,83,0,0,1,0,0,7.2,2.6,26.0,3.6,1,5,1,7,1,0.24,0.00,0.24,1.22
266,Eberechi Eze,Arsenal,2,0,0,0,0,0,0,0,0.0,0.0,0.0,0.0,0,0,0,0,0,0.00,0.00,0.00,0.00
266,Eberechi Eze,Arsenal,3,1,20,0,0,0,0,0,1.8,2.8,2.0,0.7,0,1,0,1,0,0.00,0.03,0.03,0.25
266,Eberechi Eze,Arsenal,4,6,78,0,1,1,0,0,20.4,16.3,11.0,4.8,0,2,0,2,1,0.06,0.44,0.50,0.10
266,Eberechi Eze,Arsenal,5,4,45,0,1,0,0,0,24.6,16.6,21.0,6.2,1,2,1,4,0,0.14,0.23,0.37,0.34
266,Eberechi Eze,Arsenal,6,2,90,0,0,0,0,0,10.6,17.1,47.0,7.5,1,5,0,6,1,0.42,0.09,0.51,0.61
266,Eberechi Eze,Arsenal,7,6,78,0,1,1,0,0,5.6,6.8,35.0,4.7,1,2,2,5,1,0.49,0.05,0.54,0.36
266,Eberechi Eze,Arsenal,8,3,61,0,0,1,0,0,6.2,21.0,4.0,3.1,1,1,0,2,1,0.01,0.03,0.04,0.40
266,Eberechi Eze,Arsenal,9,11,87,1,0,1,0,0,42.6,4.6,19.0,6.6,1,1,2,4,1,0.08,0.02,0.10,0.46
662,Cristhian Mosquera,Arsenal,1,0,0,0,0,0,0,0,0.0,0.0,0.0,0.0,0,0,0,0,0,0.00,0.00,0.00,0.00
662,Cristhian Mosquera,Arsenal,2,1,26,0,0,0,0,0,4.8,0.0,0.0,0.5,0,0,2,2,0,0.00,0.00,0.00,0.00
662,Cristhian Mosquera,Arsenal,3,2,85,0,0,0,0,0,25.2,0.8,2.0,2.8,5,3,4,9,0,0.00,0.00,0.00,0.52
662,Cristhian Mosquera,Arsenal,4,7,90,0,0,1,0,0,21.4,1.6,2.0,2.5,6,6,2,8,1,0.00,0.04,0.04,0.20
662,Cristhian Mosquera,Arsenal,5,1,1,0,0,0,0,0,0.0,0.0,0.0,0.0,0,1,0,0,0,0.00,0.00,0.00,0.00
662,Cristhian Mosquera,Arsenal,6,1,45,0,0,0,0,0,3.8,0.2,0.0,0.4,4,0,0,4,1,0.00,0.00,0.00,0.41
662,Cristhian Mosquera,Arsenal,7,0,0,0,0,0,0,0,0.0,0.0,0.0,0.0,0,0,0,0,0,0.00,0.00,0.00,0.00
662,Cristhian Mosquera,Arsenal,8,0,0,0,0,0,0,0,0.0,0.0,0.0,0.0,0,0,0,0,0,0.00,0.00,0.00,0.00
662,Cristhian Mosquera,Arsenal,9,1,45,0,0,0,0,0,11.8,10.8,4.0,2.7,5,3,0,5,0,0.00,0.05,0.05,0.39
666,Viktor Gyökeres,Arsenal,1,1,59,0,0,0,0,0,0.4,5.5,6.0,1.2,1,1,0,2,1,0.00,0.06,0.06,0.70
666,Viktor Gyökeres,Arsenal,2,12,90,2,0,1,0,0,67.0,1.6,44.0,11.3,2,3,0,5,1,1.28,0.03,1.31,0.17
666,Viktor Gyökeres,Arsenal,3,1,90,0,0,0,1,0,7.0,26.0,4.0,3.7,1,1,0,2,1,0.00,0.16,0.16,0.52
666,Viktor Gyökeres,Arsenal,4,6,67,1,0,1,0,0,34.6,11.3,44.0,9.0,1,1,1,3,1,0.84,0.02,0.86,0.10
666,Viktor Gyökeres,Arsenal,5,2,90,0,0,0,0,0,0.2,1.8,12.0,1.4,0,3,0,3,1,0.00,0.01,0.01,0.89
666,Viktor Gyökeres,Arsenal,6,2,90,0,0,0,0,0,7.6,21.7,52.0,8.1,1,4,1,6,1,0.26,0.12,0.38,0.61
666,Viktor Gyökeres,Arsenal,7,2,90,0,0,1,0,0,1.4,1.3,52.0,5.5,0,1,0,1,1,0.63,0.05,0.68,0.49
666,Viktor Gyökeres,Arsenal,8,2,90,0,0,1,0,0,3.4,0.9,48.0,5.2,0,2,0,2,1,0.40,0.02,0.42,0.44
666,Viktor Gyökeres,Arsenal,9,2,90,0,0,1,0,0,0.0,3.3,13.0,1.5,1,2,0,3,1,0.17,0.02,0.19,0.47
700,Max Dowman,Arsenal,2,4,26,0,1,0,0,0,1.0,0.5,15.0,1.7,0,1,2,3,0,0.08,0.02,0.10,0.00
700,Max Dowman,Arsenal,3,1,1,0,0,0,0,0,0.0,0.3,11.0,1.1,0,0,0,0,0,0.06,0.00,0.06,0.12
700,Max Dowman,Arsenal,4,0,0,0,0,0,0,0,0.0,0.0,0.0,0.0,0,0,0,0,0,0.00,0.00,0.00,0.00
700,Max Dowman,Arsenal,5,0,0,0,0,0,0,0,0.0,0.0,0.0,0.0,0,0,0,0,0,0.00,0.00,0.00,0.00
700,Max Dowman,Arsenal,6,0,0,0,0,0,0,0,0.0,0.0,0.0,0.0,0,0,0,0,0,0.00,0.00,0.00,0.00
700,Max Dowman,Arsenal,7,0,0,0,0,0,0,0,0.0,0.0,0.0,0.0,0,0,0,0,0,0.00,0.00,0.00,0.00
700,Max Dowman,Arsenal,8,0,0,0,0,0,0,0,0.0,0.0,0.0,0.0,0,0,0,0,0,0.00,0.00,0.00,0.00
700,Max Dowman,Arsenal,9,0,0,0,0,0,0,0,0.0,0.0,0.0,0.0,0,0,0,0,0,0.00,0.00,0.00,0.00
711,Andre Harriman-Annous,Arsenal,3,0,0,0,0,0,0,0,0.0,0.0,0.0,0.0,0,0,0,0,0,0.00,0.00,0.00,0.00
711,Andre Harriman-Annous,Arsenal,4,0,0,0,0,0,0,0,0.0,0.0,0.0,0.0,0,0,0,0,0,0.00,0.00,0.00,0.00
711,Andre Harriman-Annous,Arsenal,5,0,0,0,0,0,0,0,0.0,0.0,0.0,0.0,0,0,0,0,0,0.00,0.00,0.00,0.00
711,Andre Harriman-Annous,Arsenal,6,0,0,0,0,0,0,0,0.0,0.0,0.0,0.0,0,0,0,0,0,0.00,0.00,0.00,0.00
711,Andre Harriman-Annous,Arsenal,7,0,0,0,0,0,0,0,0.0,0.0,0.0,0.0,0,0,0,0,0,0.00,0.00,0.00,0.00
711,Andre Harriman-Annous,Arsenal,8,0,0,0,0,0,0,0,0.0,0.0,0.0,0.0,0,0,0,0,0,0.00,0.00,0.00,0.00
711,Andre Harriman-Annous,Arsenal,9,0,0,0,0,0,0,0,0.0,0.0,0.0,0.0,0,0,0,0,0,0.00,0.00,0.00,0.00
725,Piero Hincapié,Arsenal,4,0,0,0,0,0,0,0,0.0,0.0,0.0,0.0,0,0,0,0,0,0.00,0.00,0.00,0.00
725,Piero Hincapié,Arsenal,5,0,0,0,0,0,0,0,0.0,0.0,0.0,0.0,0,0,0,0,0,0.00,0.00,0.00,0.00
725,Piero Hincapié,Arsenal,6,0,0,0,0,0,0,0,0.0,0.0,0.0,0.0,0,0,0,0,0,0.00,0.00,0.00,0.00
725,Piero Hincapié,Arsenal,7,0,0,0,0,0,0,0,0.0,0.0,0.0,0.0,0,0,0,0,0,0.00,0.00,0.00,0.00
725,Piero Hincapié,Arsenal,8,0,0,0,0,0,0,0,0.0,0.0,0.0,0.0,0,0,0,0,0,0.00,0.00,0.00,0.00
725,Piero Hincapié,Arsenal,9,1,8,0,0,0,0,0,0.0,0.3,0.0,0.0,0,0,0,0,0,0.00,0.00,0.00,0.01
32,Emiliano Martínez Romero,Aston Villa,1,0,0,0,0,0,0,0,0.0,0.0,0.0,0.0,0,0,0,0,0,0.00,0.00,0.00,0.00
32,Emiliano Martínez Romero,Aston Villa,2,2,90,0,0,0,0,0,12.8,0.0,0.0,1.3,0,10,0,0,1,0.00,0.01,0.01,1.21
32,Emiliano Martínez Romero,Aston Villa,3,0,0,0,0,0,0,0,0.0,0.0,0.0,0.0,0,0,0,0,0,0.00,0.00,0.00,0.00
32,Emiliano Martínez Romero,Aston Villa,4,6,90,0,0,1,0,0,20.2,0.0,0.0,2.0,2,3,0,0,1,0.00,0.00,0.00,2.08
32,Emiliano Martínez Romero,Aston Villa,5,3,90,0,0,0,0,0,18.8,0.0,0.0,1.9,1,7,0,0,1,0.00,0.00,0.00,1.05
32,Emiliano Martínez Romero,Aston Villa,6,3,90,0,0,0,0,0,23.0,3.0,0.0,2.6,1,10,0,0,1,0.00,0.02,0.02,0.92
32,Emiliano Martínez Romero,Aston Villa,7,1,90,0,0,0,1,0,11.4,0.0,0.0,1.1,1,8,0,0,1,0.00,0.00,0.00,0.42
32,Emiliano Martínez Romero,Aston Villa,8,2,90,0,0,0,0,0,16.4,0.0,0.0,1.6,2,7,0,0,1,0.00,0.00,0.00,0.75
32,Emiliano Martínez Romero,Aston Villa,9,8,90,0,0,1,0,0,27.2,0.0,0.0,2.7,0,16,0,0,1,0.00,0.00,0.00,1.18
33,Marco Bizot,Aston Villa,1,7,90,0,0,1,0,0,19.6,0.0,0.0,2.0,1,12,0,0,1,0.00,0.00,0.00,1.43
33,Marco Bizot,Aston Villa,2,0,0,0,0,0,0,0,0.0,0.0,0.0,0.0,0,0,0,0,0,0.00,0.00,0.00,0.00
33,Marco Bizot,Aston Villa,3,0,90,0,0,0,1,0,5.8,0.0,0.0,0.6,3,7,0,0,1,0.00,0.00,0.00,2.67
33,Marco Bizot,Aston Villa,4,0,0,0,0,0,0,0,0.0,0.0,0.0,0.0,0,0,0,0,0,0.00,0.00,0.00,0.00
33,Marco Bizot,Aston Villa,5,0,0,0,0,0,0,0,0.0,0.0,0.0,0.0,0,0,0,0,0,0.00,0.00,0.00,0.00
33,Marco Bizot,Aston Villa,6,0,0,0,0,0,0,0,0.0,0.0,0.0,0.0,0,0,0,0,0,0.00,0.00,0.00,0.00
33,Marco Bizot,Aston Villa,7,0,0,0,0,0,0,0,0.0,0.0,0.0,0.0,0,0,0,0,0,0.00,0.00,0.00,0.00
33,Marco Bizot,Aston Villa,8,0,0,0,0,0,0,0,0.0,0.0,0.0,0.0,0,0,0,0,0,0.00,0.00,0.00,0.00
33,Marco Bizot,Aston Villa,9,0,0,0,0,0,0,0,0.0,0.0,0.0,0.0,0,0,0,0,0,0.00,0.00,0.00,0.00
34,Joe Gauci,Aston Villa,1,0,0,0,0,0,0,0,0.0,0.0,0.0,0.0,0,0,0,0,0,0.00,0.00,0.00,0.00
34,Joe Gauci,Aston Villa,2,0,0,0,0,0,0,0,0.0,0.0,0.0,0.0,0,0,0,0,0,0.00,0.00,0.00,0.00
34,Joe Gauci,Aston Villa,3,0,0,0,0,0,0,0,0.0,0.0,0.0,0.0,0,0,0,0,0,0.00,0.00,0.00,0.00
34,Joe Gauci,Aston Villa,4,0,0,0,0,0,0,0,0.0,0.0,0.0,0.0,0,0,0,0,0,0.00,0.00,0.00,0.00
34,Joe Gauci,Aston Villa,5,0,0,0,0,0,0,0,0.0,0.0,0.0,0.0,0,0,0,0,0,0.00,0.00,0.00,0.00
34,Joe Gauci,Aston Villa,6,0,0,0,0,0,0,0,0.0,0.0,0.0,0.0,0,0,0,0,0,0.00,0.00,0.00,0.00
34,Joe Gauci,Aston Villa,7,0,0,0,0,0,0,0,0.0,0.0,0.0,0.0,0,0,0,0,0,0.00,0.00,0.00,0.00
34,Joe Gauci,Aston Villa,8,0,0,0,0,0,0,0,0.0,0.0,0.0,0.0,0,0,0,0,0,0.00,0.00,0.00,0.00
34,Joe Gauci,Aston Villa,9,0,0,0,0,0,0,0,0.0,0.0,0.0,0.0,0,0,0,0,0,0.00,0.00,0.00,0.00
35,Filip Marschall,Aston Villa,1,0,0,0,0,0,0,0,0.0,0.0,0.0,0.0,0,0,0,0,0,0.00,0.00,0.00,0.00
35,Filip Marschall,Aston Villa,2,0,0,0,0,0,0,0,0.0,0.0,0.0,0.0,0,0,0,0,0,0.00,0.00,0.00,0.00
35,Filip Marschall,Aston Villa,3,0,0,0,0,0,0,0,0.0,0.0,0.0,0.0,0,0,0,0,0,0.00,0.00,0.00,0.00
35,Filip Marschall,Aston Villa,4,0,0,0,0,0,0,0,0.0,0.0,0.0,0.0,0,0,0,0,0,0.00,0.00,0.00,0.00
35,Filip Marschall,Aston Villa,5,0,0,0,0,0,0,0,0.0,0.0,0.0,0.0,0,0,0,0,0,0.00,0.00,0.00,0.00
35,Filip Marschall,Aston Villa,6,0,0,0,0,0,0,0,0.0,0.0,0.0,0.0,0,0,0,0,0,0.00,0.00,0.00,0.00
35,Filip Marschall,Aston Villa,7,0,0,0,0,0,0,0,0.0,0.0,0.0,0.0,0,0,0,0,0,0.00,0.00,0.00,0.00
35,Filip Marschall,Aston Villa,8,0,0,0,0,0,0,0,0.0,0.0,0.0,0.0,0,0,0,0,0,0.00,0.00,0.00,0.00
35,Filip Marschall,Aston Villa,9,0,0,0,0,0,0,0,0.0,0.0,0.0,0.0,0,0,0,0,0,0.00,0.00,0.00,0.00
36,Matty Cash,Aston Villa,1,8,90,0,0,1,0,0,37.6,1.1,2.0,4.1,9,2,2,11,1,0.00,0.00,0.00,1.43
36,Matty Cash,Aston Villa,2,2,90,0,0,0,0,0,20.4,25.4,4.0,5.0,3,5,3,6,1,0.00,0.23,0.23,1.21
36,Matty Cash,Aston Villa,3,0,73,0,0,0,1,0,6.2,22.3,1.0,3.0,3,1,0,3,1,0.01,0.11,0.12,1.77
36,Matty Cash,Aston Villa,4,5,90,0,0,1,1,0,13.2,16.6,2.0,3.2,1,0,3,4,1,0.00,0.14,0.14,2.08
36,Matty Cash,Aston Villa,5,10,90,1,0,0,0,0,44.4,7.2,11.0,6.3,3,3,2,5,1,0.05,0.05,0.10,1.05
36,Matty Cash,Aston Villa,6,2,90,0,0,0,0,0,18.0,1.5,1.0,2.1,7,7,2,9,1,0.01,0.01,0.02,0.92
36,Matty Cash,Aston Villa,7,2,83,0,0,0,0,0,10.6,16.4,9.0,3.6,2,2,1,3,1,0.01,0.03,0.04,0.39
36,Matty Cash,Aston Villa,8,2,90,0,0,0,0,0,6.4,12.0,3.0,2.1,4,1,1,5,1,0.04,0.02,0.06,0.75
36,Matty Cash,Aston Villa,9,15,90,1,0,1,0,0,48.0,19.8,7.0,7.5,5,2,2,7,1,0.06,0.07,0.13,1.18
37,Lucas Digne,Aston Villa,1,6,90,0,0,1,0,0,11.6,5.8,0.0,1.7,5,3,2,7,1,0.00,0.01,0.01,1.43
37,Lucas Digne,Aston Villa,2,2,63,0,0,0,0,0,6.8,8.4,6.0,2.1,1,2,1,2,1,0.00,0.16,0.16,1.11
37,Lucas Digne,Aston Villa,3,1,7,0,0,0,0,0,0.0,0.7,0.0,0.1,0,0,0,0,0,0.00,0.00,0.00,0.38
37,Lucas Digne,Aston Villa,4,5,90,0,0,1,1,0,7.4,6.8,9.0,2.3,3,6,1,4,1,0.08,0.01,0.09,2.08
37,Lucas Digne,Aston Villa,5,1,57,0,0,0,0,0,1.2,3.8,2.0,0.7,0,2,0,0,1,0.00,0.04,0.04,0.37
37,Lucas Digne,Aston Villa,6,5,90,0,1,0,0,0,28.2,15.2,11.0,5.4,3,3,0,3,1,0.05,0.33,0.38,0.92
37,Lucas Digne,Aston Villa,7,1,90,0,0,0,1,0,27.6,81.8,17.0,12.6,4,4,2,6,1,0.08,0.58,0.66,0.42
37,Lucas Digne,Aston Villa,8,5,81,0,1,0,0,0,26.6,10.6,2.0,3.9,2,2,3,5,1,0.00,0.01,0.01,0.55
37,Lucas Digne,Aston Villa,9,6,85,0,0,1,0,0,11.2,16.7,11.0,3.9,1,0,3,4,1,0.06,0.06,0.12,0.98
38,Ezri Konsa Ngoyo,Aston Villa,1,3,65,0,0,1,0,1,1.8,1.1,0.0,0.3,3,1,0,3,1,0.00,0.01,0.01,1.11
38,Ezri Konsa Ngoyo,Aston Villa,2,0,0,0,0,0,0,0,0.0,0.0,0.0,0.0,0,0,0,0,0,0.00,0.00,0.00,0.00
38,Ezri Konsa Ngoyo,Aston Villa,3,1,90,0,0,0,0,0,18.4,14.3,4.0,3.7,5,5,0,5,1,0.00,0.03,0.03,2.67
38,Ezri Konsa Ngoyo,Aston Villa,4,6,90,0,0,1,0,0,15.4,1.0,0.0,1.6,3,2,1,4,1,0.00,0.01,0.01,2.08
38,Ezri Konsa Ngoyo,Aston Villa,5,2,90,0,0,0,0,0,26.2,3.0,0.0,2.9,5,4,1,6,1,0.00,0.02,0.02,1.05
38,Ezri Konsa Ngoyo,Aston Villa,6,2,90,0,0,0,0,0,22.4,0.7,0.0,2.3,5,3,0,5,1,0.00,0.00,0.00,0.92
38,Ezri Konsa Ngoyo,Aston Villa,7,2,90,0,0,0,0,0,15.8,1.1,19.0,3.6,3,4,0,3,1,0.04,0.01,0.05,0.42
38,Ezri Konsa Ngoyo,Aston Villa,8,2,90,0,0,0,0,0,17.8,4.1,2.0,2.4,5,2,1,6,1,0.00,0.01,0.01,0.75
38,Ezri Konsa Ngoyo,Aston Villa,9,8,90,0,0,1,0,0,30.8,0.5,2.0,3.3,11,4,1,12,1,0.00,0.00,0.00,1.18
39,Ian Maatsen,Aston Villa,1,0,0,0,0,0,0,0,0.0,0.0,0.0,0.0,0,0,0,0,0,0.00,0.00,0.00,0.00
39,Ian Maatsen,Aston Villa,2,1,26,0,0,0,0,0,10.6,15.4,2.0,2.8,3,2,1,4,0,0.02,0.06,0.08,0.11
39,Ian Maatsen,Aston Villa,3,1,83,0,0,0,0,0,19.0,38.1,5.0,6.2,6,5,0,6,1,0.09,0.12,0.21,2.29
39,Ian Maatsen,Aston Villa,4,0,0,0,0,0,0,0,0.0,0.0,0.0,0.0,0,0,0,0,0,0.00,0.00,0.00,0.00
39,Ian Maatsen,Aston Villa,5,0,32,0,0,0,1,0,5.0,3.5,6.0,1.5,2,3,0,2,0,0.00,0.02,0.02,0.68
39,Ian Maatsen,Aston Villa,6,0,0,0,0,0,0,0,0.0,0.0,0.0,0.0,0,0,0,0,0,0.00,0.00,0.00,0.00
39,Ian Maatsen,Aston Villa,7,1,1,0,0,0,0,0,2.0,0.0,0.0,0.2,0,0,1,1,0,0.00,0.00,0.00,0.00
39,Ian Maatsen,Aston Villa,8,1,8,0,0,0,0,0,7.4,10.2,1.0,1.9,2,2,2,4,0,0.04,0.00,0.04,0.20
39,Ian Maatsen,Aston Villa,9,1,4,0,0,0,0,0,0.0,0.0,0.0,0.0,0,0,0,0,0,0.00,0.00,0.00,0.20
40,Tyrone Mings,Aston Villa,1,6,90,0,0,1,0,0,13.0,3.7,0.0,1.7,5,2,0,5,1,0.00,0.00,0.00,1.43
40,Tyrone Mings,Aston Villa,2,2,90,0,0,0,0,0,17.6,12.3,15.0,4.5,5,6,0,5,1,0.11,0.03,0.14,1.21
40,Tyrone Mings,Aston Villa,3,1,90,0,0,0,0,0,14.4,2.1,0.0,1.7,3,2,1,4,1,0.00,0.02,0.02,2.67
40,Tyrone Mings,Aston Villa,4,9,90,0,0,1,0,0,36.0,1.3,8.0,4.5,12,3,1,13,1,0.22,0.01,0.23,2.08
40,Tyrone Mings,Aston Villa,5,4,90,0,0,0,0,0,34.4,24.4,2.0,6.1,12,2,0,12,1,0.00,0.03,0.03,1.05
40,Tyrone Mings,Aston Villa,6,1,31,0,0,0,0,0,2.8,0.4,0.0,0.3,1,1,0,1,1,0.00,0.00,0.00,0.28
40,Tyrone Mings,Aston Villa,7,0,0,0,0,0,0,0,0.0,0.0,0.0,0.0,0,0,0,0,0,0.00,0.00,0.00,0.00
40,Tyrone Mings,Aston Villa,8,0,0,0,0,0,0,0,0.0,0.0,0.0,0.0,0,0,0,0,0,0.00,0.00,0.00,0.00
40,Tyrone Mings,Aston Villa,9,0,0,0,0,0,0,0,0.0,0.0,0.0,0.0,0,0,0,0,0,0.00,0.00,0.00,0.00
41,Pau Torres,Aston Villa,1,0,0,0,0,0,0,0,0.0,0.0,0.0,0.0,0,0,0,0,0,0.00,0.00,0.00,0.00
41,Pau Torres,Aston Villa,2,2,90,0,0,0,0,0,17.0,5.8,9.0,3.2,1,8,2,3,1,0.07,0.13,0.20,1.21
41,Pau Torres,Aston Villa,3,1,16,0,0,0,0,0,3.4,0.5,0.0,0.4,0,1,1,1,0,0.00,0.00,0.00,0.90
41,Pau Torres,Aston Villa,4,0,0,0,0,0,0,0,0.0,0.0,0.0,0.0,0,0,0,0,0,0.00,0.00,0.00,0.00
41,Pau Torres,Aston Villa,5,0,0,0,0,0,0,0,0.0,0.0,0.0,0.0,0,0,0,0,0,0.00,0.00,0.00,0.00
41,Pau Torres,Aston Villa,6,1,58,0,0,0,0,0,12.6,0.5,0.0,1.3,7,5,0,7,0,0.00,0.01,0.01,0.64
41,Pau Torres,Aston Villa,7,4,90,0,0,0,0,0,29.4,1.6,4.0,3.5,10,7,3,13,1,0.03,0.01,0.04,0.42
41,Pau Torres,Aston Villa,8,2,90,0,0,0,0,0,12.4,1.1,0.0,1.4,3,4,1,4,1,0.00,0.01,0.01,0.75
41,Pau Torres,Aston Villa,9,8,90,0,0,1,0,0,20.4,1.3,0.0,2.2,6,1,0,6,1,0.00,0.01,0.01,1.18
42,Andrés García,Aston Villa,1,0,0,0,0,0,0,0,0.0,0.0,0.0,0.0,0,0,0,0,0,0.00,0.00,0.00,0.00
42,Andrés García,Aston Villa,2,0,0,0,0,0,0,0,0.0,0.0,0.0,0.0,0,0,0,0,0,0.00,0.00,0.00,0.00
42,Andrés García,Aston Villa,3,0,0,0,0,0,0,0,0.0,0.0,0.0,0.0,0,0,0,0,0,0.00,0.00,0.00,0.00
42,Andrés García,Aston Villa,4,0,0,0,0,0,0,0,0.0,0.0,0.0,0.0,0,0,0,0,0,0.00,0.00,0.00,0.00
42,Andrés García,Aston Villa,5,0,0,0,0,0,0,0,0.0,0.0,0.0,0.0,0,0,0,0,0,0.00,0.00,0.00,0.00
42,Andrés García,Aston Villa,6,0,0,0,0,0,0,0,0.0,0.0,0.0,0.0,0,0,0,0,0,0.00,0.00,0.00,0.00
42,Andrés García,Aston Villa,7,0,0,0,0,0,0,0,0.0,0.0,0.0,0.0,0,0,0,0,0,0.00,0.00,0.00,0.00
42,Andrés García,Aston Villa,8,0,0,0,0,0,0,0,0.0,0.0,0.0,0.0,0,0,0,0,0,0.00,0.00,0.00,0.00
42,Andrés García,Aston Villa,9,0,0,0,0,0,0,0,0.0,0.0,0.0,0.0,0,0,0,0,0,0.00,0.00,0.00,0.00
43,Álex Moreno Lopera,Aston Villa,1,0,0,0,0,0,0,0,0.0,0.0,0.0,0.0,0,0,0,0,0,0.00,0.00,0.00,0.00
43,Álex Moreno Lopera,Aston Villa,2,0,0,0,0,0,0,0,0.0,0.0,0.0,0.0,0,0,0,0,0,0.00,0.00,0.00,0.00
43,Álex Moreno Lopera,Aston Villa,3,0,0,0,0,0,0,0,0.0,0.0,0.0,0.0,0,0,0,0,0,0.00,0.00,0.00,0.00
43,Álex Moreno Lopera,Aston Villa,4,0,0,0,0,0,0,0,0.0,0.0,0.0,0.0,0,0,0,0,0,0.00,0.00,0.00,0.00
43,Álex Moreno Lopera,Aston Villa,5,0,0,0,0,0,0,0,0.0,0.0,0.0,0.0,0,0,0,0,0,0.00,0.00,0.00,0.00
43,Álex Moreno Lopera,Aston Villa,6,0,0,0,0,0,0,0,0.0,0.0,0.0,0.0,0,0,0,0,0,0.00,0.00,0.00,0.00
43,Álex Moreno Lopera,Aston Villa,7,0,0,0,0,0,0,0,0.0,0.0,0.0,0.0,0,0,0,0,0,0.00,0.00,0.00,0.00
43,Álex Moreno Lopera,Aston Villa,8,0,0,0,0,0,0,0,0.0,0.0,0.0,0.0,0,0,0,0,0,0.00,0.00,0.00,0.00
43,Álex Moreno Lopera,Aston Villa,9,0,0,0,0,0,0,0,0.0,0.0,0.0,0.0,0,0,0,0,0,0.00,0.00,0.00,0.00
44,Lamare Bogarde,Aston Villa,1,0,0,0,0,0,0,0,0.0,0.0,0.0,0.0,0,0,0,0,0,0.00,0.00,0.00,0.00
44,Lamare Bogarde,Aston Villa,2,0,16,0,0,0,1,0,0.0,2.3,2.0,0.3,0,0,0,0,0,0.00,0.03,0.03,0.11
44,Lamare Bogarde,Aston Villa,3,1,6,0,0,0,0,0,0.2,1.7,0.0,0.2,0,0,0,0,0,0.00,0.00,0.00,0.38
44,Lamare Bogarde,Aston Villa,4,9,82,0,0,1,0,0,13.0,2.0,0.0,1.5,4,3,3,7,1,0.00,0.02,0.02,1.60
44,Lamare Bogarde,Aston Villa,5,1,8,0,0,0,0,0,0.0,1.3,4.0,0.5,0,2,0,0,0,0.00,0.00,0.00,0.00
44,Lamare Bogarde,Aston Villa,6,2,81,0,0,0,0,0,3.2,12.8,0.0,1.6,0,2,1,1,1,0.00,0.02,0.02,0.80
44,Lamare Bogarde,Aston Villa,7,2,89,0,0,0,0,0,3.8,12.0,0.0,1.6,0,2,0,0,1,0.00,0.01,0.01,0.39
44,Lamare Bogarde,Aston Villa,8,0,0,0,0,0,0,0,0.0,0.0,0.0,0.0,0,0,0,0,0,0.00,0.00,0.00,0.00
44,Lamare Bogarde,Aston Villa,9,0,0,0,0,0,0,0,0.0,0.0,0.0,0.0,0,0,0,0,0,0.00,0.00,0.00,0.00
45,Lino da Cruz Sousa,Aston Villa,1,0,0,0,0,0,0,0,0.0,0.0,0.0,0.0,0,0,0,0,0,0.00,0.00,0.00,0.00
45,Lino da Cruz Sousa,Aston Villa,2,0,0,0,0,0,0,0,0.0,0.0,0.0,0.0,0,0,0,0,0,0.00,0.00,0.00,0.00
45,Lino da Cruz Sousa,Aston Villa,3,0,0,0,0,0,0,0,0.0,0.0,0.0,0.0,0,0,0,0,0,0.00,0.00,0.00,0.00
45,Lino da Cruz Sousa,Aston Villa,4,0,0,0,0,0,0,0,0.0,0.0,0.0,0.0,0,0,0,0,0,0.00,0.00,0.00,0.00
45,Lino da Cruz Sousa,Aston Villa,5,0,0,0,0,0,0,0,0.0,0.0,0.0,0.0,0,0,0,0,0,0.00,0.00,0.00,0.00
45,Lino da Cruz Sousa,Aston Villa,6,0,0,0,0,0,0,0,0.0,0.0,0.0,0.0,0,0,0,0,0,0.00,0.00,0.00,0.00
45,Lino da Cruz Sousa,Aston Villa,7,0,0,0,0,0,0,0,0.0,0.0,0.0,0.0,0,0,0,0,0,0.00,0.00,0.00,0.00
45,Lino da Cruz Sousa,Aston Villa,8,0,0,0,0,0,0,0,0.0,0.0,0.0,0.0,0,0,0,0,0,0.00,0.00,0.00,0.00
45,Lino da Cruz Sousa,Aston Villa,9,0,0,0,0,0,0,0,0.0,0.0,0.0,0.0,0,0,0,0,0,0.00,0.00,0.00,0.00
46,Yasin Özcan,Aston Villa,1,0,0,0,0,0,0,0,0.0,0.0,0.0,0.0,0,0,0,0,0,0.00,0.00,0.00,0.00
46,Yasin Özcan,Aston Villa,2,0,0,0,0,0,0,0,0.0,0.0,0.0,0.0,0,0,0,0,0,0.00,0.00,0.00,0.00
46,Yasin Özcan,Aston Villa,3,0,0,0,0,0,0,0,0.0,0.0,0.0,0.0,0,0,0,0,0,0.00,0.00,0.00,0.00
46,Yasin Özcan,Aston Villa,4,0,0,0,0,0,0,0,0.0,0.0,0.0,0.0,0,0,0,0,0,0.00,0.00,0.00,0.00
46,Yasin Özcan,Aston Villa,5,0,0,0,0,0,0,0,0.0,0.0,0.0,0.0,0,0,0,0,0,0.00,0.00,0.00,0.00
46,Yasin Özcan,Aston Villa,6,0,0,0,0,0,0,0,0.0,0.0,0.0,0.0,0,0,0,0,0,0.00,0.00,0.00,0.00
46,Yasin Özcan,Aston Villa,7,0,0,0,0,0,0,0,0.0,0.0,0.0,0.0,0,0,0,0,0,0.00,0.00,0.00,0.00
46,Yasin Özcan,Aston Villa,8,0,0,0,0,0,0,0,0.0,0.0,0.0,0.0,0,0,0,0,0,0.00,0.00,0.00,0.00
46,Yasin Özcan,Aston Villa,9,0,0,0,0,0,0,0,0.0,0.0,0.0,0.0,0,0,0,0,0,0.00,0.00,0.00,0.00
47,Morgan Rogers,Aston Villa,1,3,90,0,0,1,0,0,7.2,20.1,4.0,3.1,1,5,1,7,1,0.00,0.05,0.05,1.43
47,Morgan Rogers,Aston Villa,2,2,90,0,0,0,0,0,4.4,21.3,17.0,4.3,0,1,0,1,1,0.10,0.12,0.22,1.21
47,Morgan Rogers,Aston Villa,3,2,90,0,0,0,0,0,9.4,4.9,21.0,3.5,2,4,1,7,1,0.04,0.04,0.08,2.67
47,Morgan Rogers,Aston Villa,4,3,90,0,0,1,0,0,6.4,4.0,7.0,1.7,2,4,0,6,1,0.08,0.02,0.10,2.08
47,Morgan Rogers,Aston Villa,5,2,81,0,0,0,0,0,5.2,23.8,10.0,3.9,1,1,0,2,1,0.00,0.27,0.27,1.05
47,Morgan Rogers,Aston Villa,6,5,90,0,1,0,0,0,26.8,30.9,6.0,6.4,3,2,1,6,1,0.00,0.06,0.06,0.92
47,Morgan Rogers,Aston Villa,7,5,90,0,1,0,0,0,30.6,13.3,33.0,7.7,2,5,2,9,1,0.24,0.08,0.32,0.42
47,Morgan Rogers,Aston Villa,8,7,90,1,0,0,0,0,35.6,4.0,9.0,4.9,0,4,0,4,1,0.03,0.01,0.04,0.75
47,Morgan Rogers,Aston Villa,9,3,90,0,0,1,0,0,11.2,12.3,6.0,3.0,0,6,3,9,1,0.00,0.07,0.07,1.18
48,Youri Tielemans,Aston Villa,1,3,90,0,0,1,0,0,4.0,1.1,0.0,0.5,3,2,2,7,1,0.00,0.01,0.01,1.43
48,Youri Tielemans,Aston Villa,2,2,90,0,0,0,0,0,11.2,50.8,12.0,7.4,0,2,1,3,1,0.04,0.29,0.33,1.21
48,Youri Tielemans,Aston Villa,3,2,90,0,0,0,0,0,15.6,20.0,17.0,5.3,1,5,1,7,1,0.09,0.05,0.14,2.67
48,Youri Tielemans,Aston Villa,4,1,45,0,0,0,0,0,3.4,2.3,0.0,0.6,0,3,1,4,1,0.00,0.02,0.02,1.17
48,Youri Tielemans,Aston Villa,5,0,0,0,0,0,0,0,0.0,0.0,0.0,0.0,0,0,0,0,0,0.00,0.00,0.00,0.00
48,Youri Tielemans,Aston Villa,6,0,0,0,0,0,0,0,0.0,0.0,0.0,0.0,0,0,0,0,0,0.00,0.00,0.00,0.00
48,Youri Tielemans,Aston Villa,7,0,0,0,0,0,0,0,0.0,0.0,0.0,0.0,0,0,0,0,0,0.00,0.00,0.00,0.00
48,Youri Tielemans,Aston Villa,8,0,0,0,0,0,0,0,0.0,0.0,0.0,0.0,0,0,0,0,0,0.00,0.00,0.00,0.00
48,Youri Tielemans,Aston Villa,9,0,0,0,0,0,0,0,0.0,0.0,0.0,0.0,0,0,0,0,0,0.00,0.00,0.00,0.00
49,Leon Bailey,Aston Villa,1,0,0,0,0,0,0,0,0.0,0.0,0.0,0.0,0,0,0,0,0,0.00,0.00,0.00,0.00
49,Leon Bailey,Aston Villa,2,0,0,0,0,0,0,0,0.0,0.0,0.0,0.0,0,0,0,0,0,0.00,0.00,0.00,0.00
49,Leon Bailey,Aston Villa,3,0,0,0,0,0,0,0,0.0,0.0,0.0,0.0,0,0,0,0,0,0.00,0.00,0.00,0.00
49,Leon Bailey,Aston Villa,4,0,0,0,0,0,0,0,0.0,0.0,0.0,0.0,0,0,0,0,0,0.00,0.00,0.00,0.00
49,Leon Bailey,Aston Villa,5,0,0,0,0,0,0,0,0.0,0.0,0.0,0.0,0,0,0,0,0,0.00,0.00,0.00,0.00
49,Leon Bailey,Aston Villa,6,0,0,0,0,0,0,0,0.0,0.0,0.0,0.0,0,0,0,0,0,0.00,0.00,0.00,0.00
49,Leon Bailey,Aston Villa,7,0,0,0,0,0,0,0,0.0,0.0,0.0,0.0,0,0,0,0,0,0.00,0.00,0.00,0.00
49,Leon Bailey,Aston Villa,8,0,0,0,0,0,0,0,0.0,0.0,0.0,0.0,0,0,0,0,0,0.00,0.00,0.00,0.00
49,Leon Bailey,Aston Villa,9,0,0,0,0,0,0,0,0.0,0.0,0.0,0.0,0,0,0,0,0,0.00,0.00,0.00,0.00
50,Emiliano Buendía Stati,Aston Villa,1,0,0,0,0,0,0,0,0.0,0.0,0.0,0.0,0,0,0,0,0,0.00,0.00,0.00,0.00
50,Emiliano Buendía Stati,Aston Villa,2,1,58,0,0,0,0,0,0.8,12.2,9.0,2.2,2,0,1,3,0,0.20,0.20,0.40,0.28
50,Emiliano Buendía Stati,Aston Villa,3,1,45,0,0,0,0,0,11.4,34.1,12.0,5.8,1,3,3,7,0,0.01,0.12,0.13,0.95
50,Emiliano Buendía Stati,Aston Villa,4,2,70,0,0,1,1,0,8.6,13.2,13.0,3.5,1,5,2,8,1,0.16,0.06,0.22,1.53
50,Emiliano Buendía Stati,Aston Villa,5,1,57,0,0,0,0,0,2.6,3.5,12.0,1.8,2,3,2,7,1,0.06,0.06,0.12,0.37
50,Emiliano Buendía Stati,Aston Villa,6,12,45,1,1,0,0,0,51.0,14.3,34.0,9.9,0,3,1,4,0,0.29,0.07,0.36,0.41
50,Emiliano Buendía Stati,Aston Villa,7,0,33,0,0,0,1,0,1.4,0.3,2.0,0.4,2,1,1,4,0,0.00,0.07,0.07,0.33
50,Emiliano Buendía Stati,Aston Villa,8,7,29,1,0,0,0,0,38.8,1.1,7.0,4.7,0,3,2,5,0,0.04,0.03,0.07,0.24
50,Emiliano Buendía Stati,Aston Villa,9,4,28,0,1,0,0,0,15.8,11.8,4.0,3.2,0,2,0,2,1,0.02,0.03,0.05,0.19
51,Samuel Iling-Junior,Aston Villa,1,0,0,0,0,0,0,0,0.0,0.0,0.0,0.0,0,0,0,0,0,0.00,0.00,0.00,0.00
51,Samuel Iling-Junior,Aston Villa,2,0,0,0,0,0,0,0,0.0,0.0,0.0,0.0,0,0,0,0,0,0.00,0.00,0.00,0.00
51,Samuel Iling-Junior,Aston Villa,3,0,0,0,0,0,0,0,0.0,0.0,0.0,0.0,0,0,0,0,0,0.00,0.00,0.00,0.00
51,Samuel Iling-Junior,Aston Villa,4,0,0,0,0,0,0,0,0.0,0.0,0.0,0.0,0,0,0,0,0,0.00,0.00,0.00,0.00
51,Samuel Iling-Junior,Aston Villa,5,0,0,0,0,0,0,0,0.0,0.0,0.0,0.0,0,0,0,0,0,0.00,0.00,0.00,0.00
51,Samuel Iling-Junior,Aston Villa,6,0,0,0,0,0,0,0,0.0,0.0,0.0,0.0,0,0,0,0,0,0.00,0.00,0.00,0.00
51,Samuel Iling-Junior,Aston Villa,7,0,0,0,0,0,0,0,0.0,0.0,0.0,0.0,0,0,0,0,0,0.00,0.00,0.00,0.00
51,Samuel Iling-Junior,Aston Villa,8,0,0,0,0,0,0,0,0.0,0.0,0.0,0.0,0,0,0,0,0,0.00,0.00,0.00,0.00
51,Samuel Iling-Junior,Aston Villa,9,0,0,0,0,0,0,0,0.0,0.0,0.0,0.0,0,0,0,0,0,0.00,0.00,0.00,0.00
53,Donyell Malen,Aston Villa,1,1,6,0,0,0,0,0,3.0,0.0,17.0,2.0,0,0,0,0,0,0.03,0.00,0.03,0.10
53,Donyell Malen,Aston Villa,2,1,26,0,0,0,0,0,0.4,2.8,2.0,0.5,0,1,0,1,0,0.00,0.02,0.02,0.11
53,Donyell Malen,Aston Villa,3,2,82,0,0,0,0,0,0.0,6.2,5.0,0.9,0,3,0,3,1,0.18,0.02,0.20,2.29
53,Donyell Malen,Aston Villa,4,1,7,0,0,0,0,0,1.0,0.3,0.0,0.1,0,0,0,0,0,0.00,0.00,0.00,0.48
53,Donyell Malen,Aston Villa,5,1,17,0,0,0,0,0,2.2,12.8,14.0,2.9,0,0,1,1,0,0.10,0.05,0.15,0.27
53,Donyell Malen,Aston Villa,6,1,7,0,0,0,0,0,2.0,0.0,0.0,0.2,1,0,0,1,0,0.00,0.00,0.00,0.13
53,Donyell Malen,Aston Villa,7,15,83,2,0,0,0,0,71.8,22.3,45.0,13.9,0,2,1,3,1,0.49,0.04,0.53,0.39
53,Donyell Malen,Aston Villa,8,2,60,0,0,0,0,0,0.0,0.2,6.0,0.2,0,0,0,0,1,0.05,0.00,0.05,0.51
53,Donyell Malen,Aston Villa,9,1,4,0,0,0,0,0,2.0,0.0,0.0,0.2,0,0,1,1,0,0.00,0.00,0.00,0.20
54,John McGinn,Aston Villa,1,3,83,0,0,1,0,0,5.0,19.3,6.0,3.0,0,7,0,7,1,0.00,0.09,0.09,1.33
54,John McGinn,Aston Villa,2,2,73,0,0,0,0,0,17.6,31.1,15.0,6.4,2,2,0,4,1,0.05,0.12,0.17,1.11
54,John McGinn,Aston Villa,3,2,73,0,0,0,0,0,8.0,13.9,0.0,2.2,1,3,2,6,1,0.00,0.12,0.12,1.77
54,John McGinn,Aston Villa,4,3,90,0,0,1,0,0,10.4,13.4,0.0,2.4,3,5,0,8,1,0.00,0.03,0.03,2.08
54,John McGinn,Aston Villa,5,2,90,0,0,0,0,0,11.8,19.4,3.0,3.4,1,3,1,5,1,0.06,0.08,0.14,1.05
54,John McGinn,Aston Villa,6,6,71,1,0,0,1,0,36.0,18.5,13.0,6.8,3,5,1,9,1,0.45,0.29,0.74,0.73
54,John McGinn,Aston Villa,7,3,66,0,0,1,0,0,1.8,16.0,1.0,1.9,0,2,1,3,1,0.05,0.18,0.23,0.10
54,John McGinn,Aston Villa,8,2,90,0,0,0,0,0,10.8,14.8,1.0,2.7,2,1,4,7,1,0.03,0.03,0.06,0.75
54,John McGinn,Aston Villa,9,3,73,0,0,1,0,0,2.6,11.4,10.0,2.4,1,3,0,4,1,0.27,0.15,0.42,0.64
55,Ross Barkley,Aston Villa,1,0,0,0,0,0,0,0,0.0,0.0,0.0,0.0,0,0,0,0,0,0.00,0.00,0.00,0.00
55,Ross Barkley,Aston Villa,2,0,0,0,0,0,0,0,0.0,0.0,0.0,0.0,0,0,0,0,0,0.00,0.00,0.00,0.00
55,Ross Barkley,Aston Villa,3,0,0,0,0,0,0,0,0.0,0.0,0.0,0.0,0,0,0,0,0,0.00,0.00,0.00,0.00
55,Ross Barkley,Aston Villa,4,0,0,0,0,0,0,0,0.0,0.0,0.0,0.0,0,0,0,0,0,0.00,0.00,0.00,0.00
55,Ross Barkley,Aston Villa,5,0,0,0,0,0,0,0,0.0,0.0,0.0,0.0,0,0,0,0,0,0.00,0.00,0.00,0.00
55,Ross Barkley,Aston Villa,6,0,0,0,0,0,0,0,0.0,0.0,0.0,0.0,0,0,0,0,0,0.00,0.00,0.00,0.00
55,Ross Barkley,Aston Villa,7,1,6,0,0,0,0,0,0.0,0.3,7.0,0.7,1,2,0,3,0,0.16,0.00,0.16,0.03
55,Ross Barkley,Aston Villa,8,1,8,0,0,0,0,0,2.4,1.3,0.0,0.4,0,0,1,1,0,0.00,0.00,0.00,0.20
55,Ross Barkley,Aston Villa,9,1,16,0,0,0,0,0,6.0,3.1,0.0,0.9,1,1,0,2,0,0.00,0.00,0.00,0.54
56,Enzo Barrenechea,Aston Villa,1,0,0,0,0,0,0,0,0.0,0.0,0.0,0.0,0,0,0,0,0,0.00,0.00,0.00,0.00
56,Enzo Barrenechea,Aston Villa,2,0,0,0,0,0,0,0,0.0,0.0,0.0,0.0,0,0,0,0,0,0.00,0.00,0.00,0.00
56,Enzo Barrenechea,Aston Villa,3,0,0,0,0,0,0,0,0.0,0.0,0.0,0.0,0,0,0,0,0,0.00,0.00,0.00,0.00
56,Enzo Barrenechea,Aston Villa,4,0,0,0,0,0,0,0,0.0,0.0,0.0,0.0,0,0,0,0,0,0.00,0.00,0.00,0.00
56,Enzo Barrenechea,Aston Villa,5,0,0,0,0,0,0,0,0.0,0.0,0.0,0.0,0,0,0,0,0,0.00,0.00,0.00,0.00
56,Enzo Barrenechea,Aston Villa,6,0,0,0,0,0,0,0,0.0,0.0,0.0,0.0,0,0,0,0,0,0.00,0.00,0.00,0.00
56,Enzo Barrenechea,Aston Villa,7,0,0,0,0,0,0,0,0.0,0.0,0.0,0.0,0,0,0,0,0,0.00,0.00,0.00,0.00
56,Enzo Barrenechea,Aston Villa,8,0,0,0,0,0,0,0,0.0,0.0,0.0,0.0,0,0,0,0,0,0.00,0.00,0.00,0.00
56,Enzo Barrenechea,Aston Villa,9,0,0,0,0,0,0,0,0.0,0.0,0.0,0.0,0,0,0,0,0,0.00,0.00,0.00,0.00
57,Lewis Dobbin,Aston Villa,1,0,0,0,0,0,0,0,0.0,0.0,0.0,0.0,0,0,0,0,0,0.00,0.00,0.00,0.00
57,Lewis Dobbin,Aston Villa,2,0,0,0,0,0,0,0,0.0,0.0,0.0,0.0,0,0,0,0,0,0.00,0.00,0.00,0.00
57,Lewis Dobbin,Aston Villa,3,0,0,0,0,0,0,0,0.0,0.0,0.0,0.0,0,0,0,0,0,0.00,0.00,0.00,0.00
57,Lewis Dobbin,Aston Villa,4,0,0,0,0,0,0,0,0.0,0.0,0.0,0.0,0,0,0,0,0,0.00,0.00,0.00,0.00
57,Lewis Dobbin,Aston Villa,5,0,0,0,0,0,0,0,0.0,0.0,0.0,0.0,0,0,0,0,0,0.00,0.00,0.00,0.00
57,Lewis Dobbin,Aston Villa,6,0,0,0,0,0,0,0,0.0,0.0,0.0,0.0,0,0,0,0,0,0.00,0.00,0.00,0.00
57,Lewis Dobbin,Aston Villa,7,0,0,0,0,0,0,0,0.0,0.0,0.0,0.0,0,0,0,0,0,0.00,0.00,0.00,0.00
57,Lewis Dobbin,Aston Villa,8,0,0,0,0,0,0,0,0.0,0.0,0.0,0.0,0,0,0,0,0,0.00,0.00,0.00,0.00
57,Lewis Dobbin,Aston Villa,9,0,0,0,0,0,0,0,0.0,0.0,0.0,0.0,0,0,0,0,0,0.00,0.00,0.00,0.00
58,Boubacar Kamara,Aston Villa,1,2,90,0,0,1,1,0,13.8,2.2,17.0,3.3,3,6,2,11,1,0.05,0.03,0.08,1.43
58,Boubacar Kamara,Aston Villa,2,1,15,0,0,0,0,0,1.6,0.8,2.0,0.4,0,0,1,1,1,0.00,0.00,0.00,0.83
58,Boubacar Kamara,Aston Villa,3,0,0,0,0,0,0,0,0.0,0.0,0.0,0.0,0,0,0,0,0,0.00,0.00,0.00,0.00
58,Boubacar Kamara,Aston Villa,4,0,0,0,0,0,0,0,0.0,0.0,0.0,0.0,0,0,0,0,0,0.00,0.00,0.00,0.00
58,Boubacar Kamara,Aston Villa,5,6,81,0,1,0,0,0,38.2,29.0,0.0,6.7,4,2,2,8,1,0.00,0.08,0.08,1.05
58,Boubacar Kamara,Aston Villa,6,1,18,0,0,0,0,0,7.6,0.7,0.0,0.8,4,1,1,6,0,0.00,0.01,0.01,0.20
58,Boubacar Kamara,Aston Villa,7,5,90,0,1,0,0,0,31.2,30.4,5.0,6.7,2,7,1,10,1,0.02,0.19,0.20,0.42
58,Boubacar Kamara,Aston Villa,8,2,90,0,0,0,0,0,17.0,4.9,0.0,2.2,2,5,4,11,1,0.00,0.02,0.02,0.75
58,Boubacar Kamara,Aston Villa,9,2,90,0,0,1,1,0,13.0,14.3,0.0,2.7,2,5,2,9,1,0.00,0.04,0.04,1.18
59,Amadou Onana,Aston Villa,1,5,90,0,0,1,0,0,19.4,3.0,0.0,2.2,5,7,2,14,1,0.00,0.01,0.01,1.43
59,Amadou Onana,Aston Villa,2,1,63,0,0,0,1,0,14.6,3.2,16.0,3.4,4,3,2,9,1,0.23,0.04,0.27,1.11
59,Amadou Onana,Aston Villa,3,0,0,0,0,0,0,0,0.0,0.0,0.0,0.0,0,0,0,0,0,0.00,0.00,0.00,0.00
59,Amadou Onana,Aston Villa,4,0,0,0,0,0,0,0,0.0,0.0,0.0,0.0,0,0,0,0,0,0.00,0.00,0.00,0.00
59,Amadou Onana,Aston Villa,5,0,0,0,0,0,0,0,0.0,0.0,0.0,0.0,0,0,0,0,0,0.00,0.00,0.00,0.00
59,Amadou Onana,Aston Villa,6,0,0,0,0,0,0,0,0.0,0.0,0.0,0.0,0,0,0,0,0,0.00,0.00,0.00,0.00
59,Amadou Onana,Aston Villa,7,1,1,0,0,0,0,0,0.2,0.1,0.0,0.0,0,0,0,0,0,0.00,0.00,0.00,0.03
59,Amadou Onana,Aston Villa,8,4,81,0,0,0,0,0,18.6,6.6,0.0,2.5,7,4,3,14,1,0.00,0.01,0.01,0.55
59,Amadou Onana,Aston Villa,9,3,90,0,0,1,0,0,33.6,3.5,0.0,3.7,8,0,3,11,1,0.00,0.02,0.02,1.18
60,Ben Broggio,Aston Villa,1,0,0,0,0,0,0,0,0.0,0.0,0.0,0.0,0,0,0,0,0,0.00,0.00,0.00,0.00
60,Ben Broggio,Aston Villa,2,0,0,0,0,0,0,0,0.0,0.0,0.0,0.0,0,0,0,0,0,0.00,0.00,0.00,0.00
60,Ben Broggio,Aston Villa,3,0,0,0,0,0,0,0,0.0,0.0,0.0,0.0,0,0,0,0,0,0.00,0.00,0.00,0.00
60,Ben Broggio,Aston Villa,4,0,0,0,0,0,0,0,0.0,0.0,0.0,0.0,0,0,0,0,0,0.00,0.00,0.00,0.00
60,Ben Broggio,Aston Villa,5,0,0,0,0,0,0,0,0.0,0.0,0.0,0.0,0,0,0,0,0,0.00,0.00,0.00,0.00
60,Ben Broggio,Aston Villa,6,0,0,0,0,0,0,0,0.0,0.0,0.0,0.0,0,0,0,0,0,0.00,0.00,0.00,0.00
60,Ben Broggio,Aston Villa,7,0,0,0,0,0,0,0,0.0,0.0,0.0,0.0,0,0,0,0,0,0.00,0.00,0.00,0.00
60,Ben Broggio,Aston Villa,8,0,0,0,0,0,0,0,0.0,0.0,0.0,0.0,0,0,0,0,0,0.00,0.00,0.00,0.00
60,Ben Broggio,Aston Villa,9,0,0,0,0,0,0,0,0.0,0.0,0.0,0.0,0,0,0,0,0,0.00,0.00,0.00,0.00
61,Leander Dendoncker,Aston Villa,1,0,0,0,0,0,0,0,0.0,0.0,0.0,0.0,0,0,0,0,0,0.00,0.00,0.00,0.00
61,Leander Dendoncker,Aston Villa,2,0,0,0,0,0,0,0,0.0,0.0,0.0,0.0,0,0,0,0,0,0.00,0.00,0.00,0.00
61,Leander Dendoncker,Aston Villa,3,0,0,0,0,0,0,0,0.0,0.0,0.0,0.0,0,0,0,0,0,0.00,0.00,0.00,0.00
61,Leander Dendoncker,Aston Villa,4,0,0,0,0,0,0,0,0.0,0.0,0.0,0.0,0,0,0,0,0,0.00,0.00,0.00,0.00
61,Leander Dendoncker,Aston Villa,5,0,0,0,0,0,0,0,0.0,0.0,0.0,0.0,0,0,0,0,0,0.00,0.00,0.00,0.00
61,Leander Dendoncker,Aston Villa,6,0,0,0,0,0,0,0,0.0,0.0,0.0,0.0,0,0,0,0,0,0.00,0.00,0.00,0.00
61,Leander Dendoncker,Aston Villa,7,0,0,0,0,0,0,0,0.0,0.0,0.0,0.0,0,0,0,0,0,0.00,0.00,0.00,0.00
61,Leander Dendoncker,Aston Villa,8,0,0,0,0,0,0,0,0.0,0.0,0.0,0.0,0,0,0,0,0,0.00,0.00,0.00,0.00
61,Leander Dendoncker,Aston Villa,9,0,0,0,0,0,0,0,0.0,0.0,0.0,0.0,0,0,0,0,0,0.00,0.00,0.00,0.00
62,Jamaldeen Jimoh-Aloba,Aston Villa,1,0,0,0,0,0,0,0,0.0,0.0,0.0,0.0,0,0,0,0,0,0.00,0.00,0.00,0.00
62,Jamaldeen Jimoh-Aloba,Aston Villa,2,0,0,0,0,0,0,0,0.0,0.0,0.0,0.0,0,0,0,0,0,0.00,0.00,0.00,0.00
62,Jamaldeen Jimoh-Aloba,Aston Villa,3,0,0,0,0,0,0,0,0.0,0.0,0.0,0.0,0,0,0,0,0,0.00,0.00,0.00,0.00
62,Jamaldeen Jimoh-Aloba,Aston Villa,4,0,0,0,0,0,0,0,0.0,0.0,0.0,0.0,0,0,0,0,0,0.00,0.00,0.00,0.00
62,Jamaldeen Jimoh-Aloba,Aston Villa,5,0,0,0,0,0,0,0,0.0,0.0,0.0,0.0,0,0,0,0,0,0.00,0.00,0.00,0.00
62,Jamaldeen Jimoh-Aloba,Aston Villa,6,0,0,0,0,0,0,0,0.0,0.0,0.0,0.0,0,0,0,0,0,0.00,0.00,0.00,0.00
62,Jamaldeen Jimoh-Aloba,Aston Villa,7,0,0,0,0,0,0,0,0.0,0.0,0.0,0.0,0,0,0,0,0,0.00,0.00,0.00,0.00
62,Jamaldeen Jimoh-Aloba,Aston Villa,8,0,0,0,0,0,0,0,0.0,0.0,0.0,0.0,0,0,0,0,0,0.00,0.00,0.00,0.00
62,Jamaldeen Jimoh-Aloba,Aston Villa,9,0,0,0,0,0,0,0,0.0,0.0,0.0,0.0,0,0,0,0,0,0.00,0.00,0.00,0.00
63,Kadan Young,Aston Villa,1,0,0,0,0,0,0,0,0.0,0.0,0.0,0.0,0,0,0,0,0,0.00,0.00,0.00,0.00
63,Kadan Young,Aston Villa,2,0,0,0,0,0,0,0,0.0,0.0,0.0,0.0,0,0,0,0,0,0.00,0.00,0.00,0.00
63,Kadan Young,Aston Villa,3,0,0,0,0,0,0,0,0.0,0.0,0.0,0.0,0,0,0,0,0,0.00,0.00,0.00,0.00
63,Kadan Young,Aston Villa,4,0,0,0,0,0,0,0,0.0,0.0,0.0,0.0,0,0,0,0,0,0.00,0.00,0.00,0.00
63,Kadan Young,Aston Villa,5,0,0,0,0,0,0,0,0.0,0.0,0.0,0.0,0,0,0,0,0,0.00,0.00,0.00,0.00
63,Kadan Young,Aston Villa,6,0,0,0,0,0,0,0,0.0,0.0,0.0,0.0,0,0,0,0,0,0.00,0.00,0.00,0.00
63,Kadan Young,Aston Villa,7,0,0,0,0,0,0,0,0.0,0.0,0.0,0.0,0,0,0,0,0,0.00,0.00,0.00,0.00
63,Kadan Young,Aston Villa,8,0,0,0,0,0,0,0,0.0,0.0,0.0,0.0,0,0,0,0,0,0.00,0.00,0.00,0.00
63,Kadan Young,Aston Villa,9,0,0,0,0,0,0,0,0.0,0.0,0.0,0.0,0,0,0,0,0,0.00,0.00,0.00,0.00
64,Ollie Watkins,Aston Villa,1,2,90,0,0,1,0,0,10.6,12.2,27.0,5.0,2,3,0,5,1,0.12,0.01,0.13,1.43
64,Ollie Watkins,Aston Villa,2,2,90,0,0,0,0,0,1.8,14.1,22.0,3.8,0,3,1,4,1,0.37,0.08,0.45,1.21
64,Ollie Watkins,Aston Villa,3,2,90,0,0,0,0,0,3.8,11.8,43.0,5.9,0,0,1,1,1,0.64,0.04,0.68,2.67
64,Ollie Watkins,Aston Villa,4,2,82,0,0,1,0,0,2.0,17.3,2.0,2.1,0,2,0,2,1,0.00,0.04,0.04,1.60
64,Ollie Watkins,Aston Villa,5,2,90,0,0,0,0,0,1.2,0.8,6.0,0.8,0,1,1,2,1,0.00,0.00,0.00,1.05
64,Ollie Watkins,Aston Villa,6,8,90,1,0,0,0,0,37.4,4.3,27.0,6.9,1,1,1,3,1,0.29,0.02,0.31,0.92
64,Ollie Watkins,Aston Villa,7,2,66,0,0,1,0,0,0.0,3.8,13.0,1.5,1,0,0,1,1,0.26,0.03,0.29,0.10
64,Ollie Watkins,Aston Villa,8,1,29,0,0,0,0,0,2.6,1.3,7.0,1.1,1,4,0,5,0,0.08,0.00,0.08,0.24
64,Ollie Watkins,Aston Villa,9,2,85,0,0,1,0,0,4.2,13.0,26.0,4.3,0,1,1,2,1,0.13,0.07,0.20,0.98
65,Zépiqueno Redmond,Aston Villa,1,0,0,0,0,0,0,0,0.0,0.0,0.0,0.0,0,0,0,0,0,0.00,0.00,0.00,0.00
65,Zépiqueno Redmond,Aston Villa,2,0,0,0,0,0,0,0,0.0,0.0,0.0,0.0,0,0,0,0,0,0.00,0.00,0.00,0.00
65,Zépiqueno Redmond,Aston Villa,3,0,0,0,0,0,0,0,0.0,0.0,0.0,0.0,0,0,0,0,0,0.00,0.00,0.00,0.00
65,Zépiqueno Redmond,Aston Villa,4,0,0,0,0,0,0,0,0.0,0.0,0.0,0.0,0,0,0,0,0,0.00,0.00,0.00,0.00
65,Zépiqueno Redmond,Aston Villa,5,0,0,0,0,0,0,0,0.0,0.0,0.0,0.0,0,0,0,0,0,0.00,0.00,0.00,0.00
65,Zépiqueno Redmond,Aston Villa,6,0,0,0,0,0,0,0,0.0,0.0,0.0,0.0,0,0,0,0,0,0.00,0.00,0.00,0.00
65,Zépiqueno Redmond,Aston Villa,7,0,0,0,0,0,0,0,0.0,0.0,0.0,0.0,0,0,0,0,0,0.00,0.00,0.00,0.00
65,Zépiqueno Redmond,Aston Villa,8,0,0,0,0,0,0,0,0.0,0.0,0.0,0.0,0,0,0,0,0,0.00,0.00,0.00,0.00
65,Zépiqueno Redmond,Aston Villa,9,0,0,0,0,0,0,0,0.0,0.0,0.0,0.0,0,0,0,0,0,0.00,0.00,0.00,0.00
389,Harvey Elliott,Aston Villa,1,0,0,0,0,0,0,0,0.0,0.0,0.0,0.0,0,0,0,0,0,0.00,0.00,0.00,0.00
389,Harvey Elliott,Aston Villa,2,1,1,0,0,0,0,0,0.2,0.8,0.0,0.1,0,0,0,0,0,0.00,0.00,0.00,0.00
389,Harvey Elliott,Aston Villa,3,0,0,0,0,0,0,0,0.0,0.0,0.0,0.0,0,0,0,0,0,0.00,0.00,0.00,0.00
389,Harvey Elliott,Aston Villa,4,1,19,0,0,0,0,0,1.4,2.0,0.0,0.3,1,1,0,2,0,0.00,0.00,0.00,0.55
389,Harvey Elliott,Aston Villa,5,1,32,0,0,0,0,0,2.2,8.8,11.0,2.2,0,1,0,1,0,0.17,0.05,0.22,0.68
389,Harvey Elliott,Aston Villa,6,1,45,0,0,0,0,0,4.8,6.2,7.0,1.8,1,1,0,2,1,0.02,0.01,0.03,0.51
389,Harvey Elliott,Aston Villa,7,0,0,0,0,0,0,0,0.0,0.0,0.0,0.0,0,0,0,0,0,0.00,0.00,0.00,0.00
389,Harvey Elliott,Aston Villa,8,0,0,0,0,0,0,0,0.0,0.0,0.0,0.0,0,0,0,0,0,0.00,0.00,0.00,0.00
389,Harvey Elliott,Aston Villa,9,0,0,0,0,0,0,0,0.0,0.0,0.0,0.0,0,0,0,0,0,0.00,0.00,0.00,0.00
456,Jadon Sancho,Aston Villa,1,0,0,0,0,0,0,0,0.0,0.0,0.0,0.0,0,0,0,0,0,0.00,0.00,0.00,0.00
456,Jadon Sancho,Aston Villa,2,0,0,0,0,0,0,0,0.0,0.0,0.0,0.0,0,0,0,0,0,0.00,0.00,0.00,0.00
456,Jadon Sancho,Aston Villa,3,0,0,0,0,0,0,0,0.0,0.0,0.0,0.0,0,0,0,0,0,0.00,0.00,0.00,0.00
456,Jadon Sancho,Aston Villa,4,0,0,0,0,0,0,0,0.0,0.0,0.0,0.0,0,0,0,0,0,0.00,0.00,0.00,0.00
456,Jadon Sancho,Aston Villa,5,1,8,0,0,0,0,0,0.8,2.8,7.0,1.1,0,0,0,0,0,0.02,0.04,0.06,0.00
456,Jadon Sancho,Aston Villa,6,0,0,0,0,0,0,0,0.0,0.0,0.0,0.0,0,0,0,0,0,0.00,0.00,0.00,0.00
456,Jadon Sancho,Aston Villa,7,0,0,0,0,0,0,0,0.0,0.0,0.0,0.0,0,0,0,0,0,0.00,0.00,0.00,0.00
456,Jadon Sancho,Aston Villa,8,0,0,0,0,0,0,0,0.0,0.0,0.0,0.0,0,0,0,0,0,0.00,0.00,0.00,0.00
456,Jadon Sancho,Aston Villa,9,1,44,0,0,0,0,0,8.0,2.3,56.0,6.6,1,1,0,2,0,0.27,0.02,0.29,0.45
677,Evann Guessand,Aston Villa,1,0,0,0,0,0,0,0,0.0,0.0,0.0,0.0,0,0,0,0,0,0.00,0.00,0.00,0.00
677,Evann Guessand,Aston Villa,2,1,15,0,0,0,0,0,2.4,1.0,2.0,0.5,0,1,1,2,0,0.00,0.01,0.01,0.11
677,Evann Guessand,Aston Villa,3,1,45,0,0,0,0,0,4.2,2.2,17.0,2.3,0,3,1,4,1,0.07,0.00,0.07,1.72
677,Evann Guessand,Aston Villa,4,1,45,0,0,0,0,0,6.2,0.8,0.0,0.7,0,1,4,5,0,0.00,0.00,0.00,0.91
677,Evann Guessand,Aston Villa,5,3,72,0,0,1,0,0,13.2,3.3,21.0,3.8,3,4,1,8,1,0.25,0.11,0.36,0.78
677,Evann Guessand,Aston Villa,6,2,82,0,0,0,0,0,7.6,1.3,6.0,1.5,0,4,2,6,1,0.00,0.01,0.01,0.80
677,Evann Guessand,Aston Villa,7,1,23,0,0,0,0,0,5.0,0.8,6.0,1.2,0,2,2,4,0,0.00,0.17,0.17,0.33
677,Evann Guessand,Aston Villa,8,2,60,0,0,0,0,0,7.4,12.3,0.0,2.0,2,2,2,6,1,0.00,0.01,0.01,0.51
677,Evann Guessand,Aston Villa,9,1,16,0,0,0,0,0,4.2,0.0,0.0,0.4,0,3,2,5,0,0.00,0.00,0.00,0.54
688,James Wright,Aston Villa,1,0,0,0,0,0,0,0,0.0,0.0,0.0,0.0,0,0,0,0,0,0.00,0.00,0.00,0.00
688,James Wright,Aston Villa,2,0,0,0,0,0,0,0,0.0,0.0,0.0,0.0,0,0,0,0,0,0.00,0.00,0.00,0.00
688,James Wright,Aston Villa,3,0,0,0,0,0,0,0,0.0,0.0,0.0,0.0,0,0,0,0,0,0.00,0.00,0.00,0.00
688,James Wright,Aston Villa,4,0,0,0,0,0,0,0,0.0,0.0,0.0,0.0,0,0,0,0,0,0.00,0.00,0.00,0.00
688,James Wright,Aston Villa,5,0,0,0,0,0,0,0,0.0,0.0,0.0,0.0,0,0,0,0,0,0.00,0.00,0.00,0.00
688,James Wright,Aston Villa,6,0,0,0,0,0,0,0,0.0,0.0,0.0,0.0,0,0,0,0,0,0.00,0.00,0.00,0.00
688,James Wright,Aston Villa,7,0,0,0,0,0,0,0,0.0,0.0,0.0,0.0,0,0,0,0,0,0.00,0.00,0.00,0.00
688,James Wright,Aston Villa,8,0,0,0,0,0,0,0,0.0,0.0,0.0,0.0,0,0,0,0,0,0.00,0.00,0.00,0.00
688,James Wright,Aston Villa,9,0,0,0,0,0,0,0,0.0,0.0,0.0,0.0,0,0,0,0,0,0.00,0.00,0.00,0.00
701,Triston Rowe,Aston Villa,2,0,0,0,0,0,0,0,0.0,0.0,0.0,0.0,0,0,0,0,0,0.00,0.00,0.00,0.00
701,Triston Rowe,Aston Villa,3,0,0,0,0,0,0,0,0.0,0.0,0.0,0.0,0,0,0,0,0,0.00,0.00,0.00,0.00
701,Triston Rowe,Aston Villa,4,0,0,0,0,0,0,0,0.0,0.0,0.0,0.0,0,0,0,0,0,0.00,0.00,0.00,0.00
701,Triston Rowe,Aston Villa,5,0,0,0,0,0,0,0,0.0,0.0,0.0,0.0,0,0,0,0,0,0.00,0.00,0.00,0.00
701,Triston Rowe,Aston Villa,6,0,0,0,0,0,0,0,0.0,0.0,0.0,0.0,0,0,0,0,0,0.00,0.00,0.00,0.00
701,Triston Rowe,Aston Villa,7,0,0,0,0,0,0,0,0.0,0.0,0.0,0.0,0,0,0,0,0,0.00,0.00,0.00,0.00
701,Triston Rowe,Aston Villa,8,0,0,0,0,0,0,0,0.0,0.0,0.0,0.0,0,0,0,0,0,0.00,0.00,0.00,0.00
701,Triston Rowe,Aston Villa,9,0,0,0,0,0,0,0,0.0,0.0,0.0,0.0,0,0,0,0,0,0.00,0.00,0.00,0.00
702,Bradley Burrowes,Aston Villa,2,0,0,0,0,0,0,0,0.0,0.0,0.0,0.0,0,0,0,0,0,0.00,0.00,0.00,0.00
702,Bradley Burrowes,Aston Villa,3,1,16,0,0,0,0,0,0.0,0.3,0.0,0.0,0,1,0,1,0,0.00,0.00,0.00,0.90
702,Bradley Burrowes,Aston Villa,4,0,0,0,0,0,0,0,0.0,0.0,0.0,0.0,0,0,0,0,0,0.00,0.00,0.00,0.00
702,Bradley Burrowes,Aston Villa,5,0,0,0,0,0,0,0,0.0,0.0,0.0,0.0,0,0,0,0,0,0.00,0.00,0.00,0.00
702,Bradley Burrowes,Aston Villa,6,0,0,0,0,0,0,0,0.0,0.0,0.0,0.0,0,0,0,0,0,0.00,0.00,0.00,0.00
702,Bradley Burrowes,Aston Villa,7,0,0,0,0,0,0,0,0.0,0.0,0.0,0.0,0,0,0,0,0,0.00,0.00,0.00,0.00
702,Bradley Burrowes,Aston Villa,8,0,0,0,0,0,0,0,0.0,0.0,0.0,0.0,0,0,0,0,0,0.00,0.00,0.00,0.00
702,Bradley Burrowes,Aston Villa,9,0,0,0,0,0,0,0,0.0,0.0,0.0,0.0,0,0,0,0,0,0.00,0.00,0.00,0.00
703,Sam Proctor,Aston Villa,2,0,0,0,0,0,0,0,0.0,0.0,0.0,0.0,0,0,0,0,0,0.00,0.00,0.00,0.00
703,Sam Proctor,Aston Villa,3,0,0,0,0,0,0,0,0.0,0.0,0.0,0.0,0,0,0,0,0,0.00,0.00,0.00,0.00
703,Sam Proctor,Aston Villa,4,0,0,0,0,0,0,0,0.0,0.0,0.0,0.0,0,0,0,0,0,0.00,0.00,0.00,0.00
703,Sam Proctor,Aston Villa,5,0,0,0,0,0,0,0,0.0,0.0,0.0,0.0,0,0,0,0,0,0.00,0.00,0.00,0.00
703,Sam Proctor,Aston Villa,6,0,0,0,0,0,0,0,0.0,0.0,0.0,0.0,0,0,0,0,0,0.00,0.00,0.00,0.00
703,Sam Proctor,Aston Villa,7,0,0,0,0,0,0,0,0.0,0.0,0.0,0.0,0,0,0,0,0,0.00,0.00,0.00,0.00
703,Sam Proctor,Aston Villa,8,0,0,0,0,0,0,0,0.0,0.0,0.0,0.0,0,0,0,0,0,0.00,0.00,0.00,0.00
703,Sam Proctor,Aston Villa,9,0,0,0,0,0,0,0,0.0,0.0,0.0,0.0,0,0,0,0,0,0.00,0.00,0.00,0.00
710,Travis Patterson,Aston Villa,3,0,0,0,0,0,0,0,0.0,0.0,0.0,0.0,0,0,0,0,0,0.00,0.00,0.00,0.00
710,Travis Patterson,Aston Villa,4,0,0,0,0,0,0,0,0.0,0.0,0.0,0.0,0,0,0,0,0,0.00,0.00,0.00,0.00
710,Travis Patterson,Aston Villa,5,0,0,0,0,0,0,0,0.0,0.0,0.0,0.0,0,0,0,0,0,0.00,0.00,0.00,0.00
710,Travis Patterson,Aston Villa,6,0,0,0,0,0,0,0,0.0,0.0,0.0,0.0,0,0,0,0,0,0.00,0.00,0.00,0.00
710,Travis Patterson,Aston Villa,7,0,0,0,0,0,0,0,0.0,0.0,0.0,0.0,0,0,0,0,0,0.00,0.00,0.00,0.00
710,Travis Patterson,Aston Villa,8,0,0,0,0,0,0,0,0.0,0.0,0.0,0.0,0,0,0,0,0,0.00,0.00,0.00,0.00
710,Travis Patterson,Aston Villa,9,0,0,0,0,0,0,0,0.0,0.0,0.0,0.0,0,0,0,0,0,0.00,0.00,0.00,0.00
719,Victor Lindelöf,Aston Villa,4,1,7,0,0,0,0,0,0.4,0.3,0.0,0.1,0,0,0,0,0,0.00,0.00,0.00,0.48
719,Victor Lindelöf,Aston Villa,5,0,0,0,0,0,0,0,0.0,0.0,0.0,0.0,0,0,0,0,0,0.00,0.00,0.00,0.00
719,Victor Lindelöf,Aston Villa,6,1,8,0,0,0,0,0,0.2,0.0,0.0,0.0,0,0,0,0,0,0.00,0.00,0.00,0.13
719,Victor Lindelöf,Aston Villa,7,1,6,0,0,0,0,0,2.4,0.1,0.0,0.3,1,0,0,1,0,0.00,0.00,0.00,0.03
719,Victor Lindelöf,Aston Villa,8,0,0,0,0,0,0,0,0.0,0.0,0.0,0.0,0,0,0,0,0,0.00,0.00,0.00,0.00
719,Victor Lindelöf,Aston Villa,9,0,0,0,0,0,0,0,0.0,0.0,0.0,0.0,0,0,0,0,0,0.00,0.00,0.00,0.00
183,Max Weiß,Burnley,1,0,0,0,0,0,0,0,0.0,0.0,0.0,0.0,0,0,0,0,0,0.00,0.00,0.00,0.00
183,Max Weiß,Burnley,2,0,0,0,0,0,0,0,0.0,0.0,0.0,0.0,0,0,0,0,0,0.00,0.00,0.00,0.00
183,Max Weiß,Burnley,3,0,0,0,0,0,0,0,0.0,0.0,0.0,0.0,0,0,0,0,0,0.00,0.00,0.00,0.00
183,Max Weiß,Burnley,4,0,0,0,0,0,0,0,0.0,0.0,0.0,0.0,0,0,0,0,0,0.00,0.00,0.00,0.00
183,Max Weiß,Burnley,5,0,0,0,0,0,0,0,0.0,0.0,0.0,0.0,0,0,0,0,0,0.00,0.00,0.00,0.00
183,Max Weiß,Burnley,6,0,0,0,0,0,0,0,0.0,0.0,0.0,0.0,0,0,0,0,0,0.00,0.00,0.00,0.00
183,Max Weiß,Burnley,7,0,0,0,0,0,0,0,0.0,0.0,0.0,0.0,0,0,0,0,0,0.00,0.00,0.00,0.00
183,Max Weiß,Burnley,8,0,0,0,0,0,0,0,0.0,0.0,0.0,0.0,0,0,0,0,0,0.00,0.00,0.00,0.00
183,Max Weiß,Burnley,9,0,0,0,0,0,0,0,0.0,0.0,0.0,0.0,0,0,0,0,0,0.00,0.00,0.00,0.00
184,Etienne Green,Burnley,1,0,0,0,0,0,0,0,0.0,0.0,0.0,0.0,0,0,0,0,0,0.00,0.00,0.00,0.00
184,Etienne Green,Burnley,2,0,0,0,0,0,0,0,0.0,0.0,0.0,0.0,0,0,0,0,0,0.00,0.00,0.00,0.00
184,Etienne Green,Burnley,3,0,0,0,0,0,0,0,0.0,0.0,0.0,0.0,0,0,0,0,0,0.00,0.00,0.00,0.00
184,Etienne Green,Burnley,4,0,0,0,0,0,0,0,0.0,0.0,0.0,0.0,0,0,0,0,0,0.00,0.00,0.00,0.00
184,Etienne Green,Burnley,5,0,0,0,0,0,0,0,0.0,0.0,0.0,0.0,0,0,0,0,0,0.00,0.00,0.00,0.00
184,Etienne Green,Burnley,6,0,0,0,0,0,0,0,0.0,0.0,0.0,0.0,0,0,0,0,0,0.00,0.00,0.00,0.00
184,Etienne Green,Burnley,7,0,0,0,0,0,0,0,0.0,0.0,0.0,0.0,0,0,0,0,0,0.00,0.00,0.00,0.00
184,Etienne Green,Burnley,8,0,0,0,0,0,0,0,0.0,0.0,0.0,0.0,0,0,0,0,0,0.00,0.00,0.00,0.00
184,Etienne Green,Burnley,9,0,0,0,0,0,0,0,0.0,0.0,0.0,0.0,0,0,0,0,0,0.00,0.00,0.00,0.00
185,Václav Hladký,Burnley,1,0,0,0,0,0,0,0,0.0,0.0,0.0,0.0,0,0,0,0,0,0.00,0.00,0.00,0.00
185,Václav Hladký,Burnley,2,0,0,0,0,0,0,0,0.0,0.0,0.0,0.0,0,0,0,0,0,0.00,0.00,0.00,0.00
185,Václav Hladký,Burnley,3,0,0,0,0,0,0,0,0.0,0.0,0.0,0.0,0,0,0,0,0,0.00,0.00,0.00,0.00
185,Václav Hladký,Burnley,4,0,0,0,0,0,0,0,0.0,0.0,0.0,0.0,0,0,0,0,0,0.00,0.00,0.00,0.00
185,Václav Hladký,Burnley,5,0,0,0,0,0,0,0,0.0,0.0,0.0,0.0,0,0,0,0,0,0.00,0.00,0.00,0.00
185,Václav Hladký,Burnley,6,0,0,0,0,0,0,0,0.0,0.0,0.0,0.0,0,0,0,0,0,0.00,0.00,0.00,0.00
185,Václav Hladký,Burnley,7,0,0,0,0,0,0,0,0.0,0.0,0.0,0.0,0,0,0,0,0,0.00,0.00,0.00,0.00
185,Václav Hladký,Burnley,8,0,0,0,0,0,0,0,0.0,0.0,0.0,0.0,0,0,0,0,0,0.00,0.00,0.00,0.00
185,Václav Hladký,Burnley,9,0,0,0,0,0,0,0,0.0,0.0,0.0,0.0,0,0,0,0,0,0.00,0.00,0.00,0.00
186,Connor Roberts,Burnley,1,0,0,0,0,0,0,0,0.0,0.0,0.0,0.0,0,0,0,0,0,0.00,0.00,0.00,0.00
186,Connor Roberts,Burnley,2,0,0,0,0,0,0,0,0.0,0.0,0.0,0.0,0,0,0,0,0,0.00,0.00,0.00,0.00
186,Connor Roberts,Burnley,3,0,0,0,0,0,0,0,0.0,0.0,0.0,0.0,0,0,0,0,0,0.00,0.00,0.00,0.00
186,Connor Roberts,Burnley,4,0,0,0,0,0,0,0,0.0,0.0,0.0,0.0,0,0,0,0,0,0.00,0.00,0.00,0.00
186,Connor Roberts,Burnley,5,0,0,0,0,0,0,0,0.0,0.0,0.0,0.0,0,0,0,0,0,0.00,0.00,0.00,0.00
186,Connor Roberts,Burnley,6,0,0,0,0,0,0,0,0.0,0.0,0.0,0.0,0,0,0,0,0,0.00,0.00,0.00,0.00
186,Connor Roberts,Burnley,7,0,0,0,0,0,0,0,0.0,0.0,0.0,0.0,0,0,0,0,0,0.00,0.00,0.00,0.00
186,Connor Roberts,Burnley,8,0,0,0,0,0,0,0,0.0,0.0,0.0,0.0,0,0,0,0,0,0.00,0.00,0.00,0.00
186,Connor Roberts,Burnley,9,0,0,0,0,0,0,0,0.0,0.0,0.0,0.0,0,0,0,0,0,0.00,0.00,0.00,0.00
187,Kyle Walker,Burnley,1,1,90,0,0,0,0,0,8.2,0.9,1.0,1.0,5,4,0,5,1,0.01,0.02,0.03,2.32
187,Kyle Walker,Burnley,2,6,90,0,0,1,0,0,15.4,2.1,0.0,1.8,6,6,1,7,1,0.00,0.02,0.02,0.77
187,Kyle Walker,Burnley,3,0,90,0,0,0,1,0,15.4,4.3,0.0,2.0,4,3,3,7,1,0.00,0.10,0.10,3.63
187,Kyle Walker,Burnley,4,2,90,0,0,0,0,0,8.6,0.8,0.0,0.9,3,1,1,4,1,0.00,0.00,0.00,2.45
187,Kyle Walker,Burnley,5,2,90,0,0,0,0,0,20.2,3.4,2.0,2.6,7,7,2,9,1,0.00,0.02,0.02,1.10
187,Kyle Walker,Burnley,6,-1,90,0,0,0,1,0,11.4,2.2,4.0,1.8,5,7,1,6,1,0.03,0.02,0.05,2.03
187,Kyle Walker,Burnley,7,1,90,0,0,0,0,0,10.6,2.7,7.0,2.0,1,5,3,4,1,0.08,0.01,0.09,1.37
187,Kyle Walker,Burnley,8,14,90,0,1,1,0,0,37.4,15.0,0.0,5.2,11,8,1,12,1,0.00,0.16,0.16,2.63
187,Kyle Walker,Burnley,9,3,90,0,0,0,0,0,26.8,2.3,0.0,2.9,13,6,3,16,1,0.00,0.01,0.01,2.52
188,Hannes Delcroix,Burnley,1,0,0,0,0,0,0,0,0.0,0.0,0.0,0.0,0,0,0,0,0,0.00,0.00,0.00,0.00
188,Hannes Delcroix,Burnley,2,0,0,0,0,0,0,0,0.0,0.0,0.0,0.0,0,0,0,0,0,0.00,0.00,0.00,0.00
188,Hannes Delcroix,Burnley,3,0,0,0,0,0,0,0,0.0,0.0,0.0,0.0,0,0,0,0,0,0.00,0.00,0.00,0.00
188,Hannes Delcroix,Burnley,4,0,0,0,0,0,0,0,0.0,0.0,0.0,0.0,0,0,0,0,0,0.00,0.00,0.00,0.00
188,Hannes Delcroix,Burnley,5,0,0,0,0,0,0,0,0.0,0.0,0.0,0.0,0,0,0,0,0,0.00,0.00,0.00,0.00
188,Hannes Delcroix,Burnley,6,0,0,0,0,0,0,0,0.0,0.0,0.0,0.0,0,0,0,0,0,0.00,0.00,0.00,0.00
188,Hannes Delcroix,Burnley,7,0,0,0,0,0,0,0,0.0,0.0,0.0,0.0,0,0,0,0,0,0.00,0.00,0.00,0.00
188,Hannes Delcroix,Burnley,8,0,0,0,0,0,0,0,0.0,0.0,0.0,0.0,0,0,0,0,0,0.00,0.00,0.00,0.00
188,Hannes Delcroix,Burnley,9,0,0,0,0,0,0,0,0.0,0.0,0.0,0.0,0,0,0,0,0,0.00,0.00,0.00,0.00
189,Owen Dodgson,Burnley,1,0,0,0,0,0,0,0,0.0,0.0,0.0,0.0,0,0,0,0,0,0.00,0.00,0.00,0.00
189,Owen Dodgson,Burnley,2,0,0,0,0,0,0,0,0.0,0.0,0.0,0.0,0,0,0,0,0,0.00,0.00,0.00,0.00
189,Owen Dodgson,Burnley,3,0,0,0,0,0,0,0,0.0,0.0,0.0,0.0,0,0,0,0,0,0.00,0.00,0.00,0.00
189,Owen Dodgson,Burnley,4,0,0,0,0,0,0,0,0.0,0.0,0.0,0.0,0,0,0,0,0,0.00,0.00,0.00,0.00
189,Owen Dodgson,Burnley,5,0,0,0,0,0,0,0,0.0,0.0,0.0,0.0,0,0,0,0,0,0.00,0.00,0.00,0.00
189,Owen Dodgson,Burnley,6,0,0,0,0,0,0,0,0.0,0.0,0.0,0.0,0,0,0,0,0,0.00,0.00,0.00,0.00
189,Owen Dodgson,Burnley,7,0,0,0,0,0,0,0,0.0,0.0,0.0,0.0,0,0,0,0,0,0.00,0.00,0.00,0.00
189,Owen Dodgson,Burnley,8,0,0,0,0,0,0,0,0.0,0.0,0.0,0.0,0,0,0,0,0,0.00,0.00,0.00,0.00
189,Owen Dodgson,Burnley,9,0,0,0,0,0,0,0,0.0,0.0,0.0,0.0,0,0,0,0,0,0.00,0.00,0.00,0.00
190,Hjalmar Ekdal,Burnley,1,1,90,0,0,0,0,0,9.8,0.5,8.0,1.8,5,1,0,5,1,0.00,0.00,0.00,2.32
190,Hjalmar Ekdal,Burnley,2,9,90,0,0,1,0,0,31.8,14.3,4.0,5.0,12,3,2,14,1,0.00,0.01,0.01,0.77
190,Hjalmar Ekdal,Burnley,3,3,82,0,0,0,0,0,24.6,0.3,2.0,2.7,10,6,2,12,1,0.00,0.00,0.00,2.57
190,Hjalmar Ekdal,Burnley,4,4,90,0,0,0,0,0,27.6,0.3,4.0,3.2,11,0,1,12,1,0.01,0.00,0.01,2.45
190,Hjalmar Ekdal,Burnley,5,2,90,0,0,0,0,0,17.8,0.4,39.0,5.7,8,3,0,8,1,0.14,0.00,0.14,1.10
190,Hjalmar Ekdal,Burnley,6,0,90,0,0,0,0,0,18.6,10.6,4.0,3.3,6,1,3,9,1,0.00,0.15,0.15,2.03
190,Hjalmar Ekdal,Burnley,7,0,0,0,0,0,0,0,0.0,0.0,0.0,0.0,0,0,0,0,0,0.00,0.00,0.00,0.00
190,Hjalmar Ekdal,Burnley,8,0,0,0,0,0,0,0,0.0,0.0,0.0,0.0,0,0,0,0,0,0.00,0.00,0.00,0.00
190,Hjalmar Ekdal,Burnley,9,1,1,0,0,0,0,0,0.0,0.0,0.0,0.0,0,0,0,0,0,0.00,0.00,0.00,0.05
191,Maxime Estève,Burnley,1,1,90,0,0,0,0,0,19.4,0.5,17.0,3.7,8,2,0,8,1,0.05,0.00,0.05,2.32
191,Maxime Estève,Burnley,2,6,82,0,0,1,0,0,21.0,1.1,0.0,2.2,6,1,1,7,1,0.00,0.01,0.01,0.66
191,Maxime Estève,Burnley,3,1,90,0,0,0,0,0,16.4,0.2,2.0,1.9,7,1,1,8,1,0.00,0.00,0.00,3.63
191,Maxime Estève,Burnley,4,4,90,0,0,0,0,0,36.8,0.1,0.0,3.7,15,0,0,15,1,0.00,0.00,0.00,2.45
191,Maxime Estève,Burnley,5,4,90,0,0,0,0,0,19.6,10.4,8.0,3.8,10,5,1,11,1,0.12,0.00,0.12,1.10
191,Maxime Estève,Burnley,6,-2,90,0,0,0,0,0,9.2,0.7,1.0,1.1,8,3,4,12,1,0.02,0.00,0.02,2.03
191,Maxime Estève,Burnley,7,1,90,0,0,0,0,0,13.2,1.4,2.0,1.7,6,3,0,6,1,0.00,0.01,0.01,1.37
191,Maxime Estève,Burnley,8,8,90,0,0,1,0,0,25.4,0.3,0.0,2.6,12,3,2,14,1,0.00,0.00,0.00,2.63
191,Maxime Estève,Burnley,9,1,90,0,0,0,0,0,17.8,0.8,2.0,2.1,7,2,1,8,1,0.00,0.00,0.00,2.52
192,Quilindschy Hartman,Burnley,1,1,90,0,0,0,0,0,13.4,11.7,2.0,2.7,5,2,1,6,1,0.00,0.04,0.04,2.32
192,Quilindschy Hartman,Burnley,2,6,90,0,0,1,0,0,19.8,7.3,2.0,2.9,3,3,5,8,1,0.00,0.04,0.04,0.77
192,Quilindschy Hartman,Burnley,3,1,90,0,0,0,0,0,19.6,1.8,7.0,2.8,7,3,2,9,1,0.09,0.00,0.09,3.63
192,Quilindschy Hartman,Burnley,4,4,90,0,0,0,0,0,25.4,10.2,0.0,3.6,15,2,2,17,1,0.00,0.01,0.01,2.45
192,Quilindschy Hartman,Burnley,5,2,90,0,0,0,0,0,26.4,47.3,9.0,8.3,3,0,2,5,1,0.02,0.31,0.33,1.10
192,Quilindschy Hartman,Burnley,6,3,87,0,1,0,1,0,28.6,11.4,7.0,4.7,4,1,2,6,1,0.02,0.12,0.14,1.41
192,Quilindschy Hartman,Burnley,7,4,90,0,1,0,0,0,21.6,32.8,2.0,5.6,0,4,0,0,1,0.00,0.17,0.17,1.37
192,Quilindschy Hartman,Burnley,8,6,90,0,0,1,0,0,16.4,0.9,0.0,1.7,4,2,4,8,1,0.00,0.01,0.01,2.63
192,Quilindschy Hartman,Burnley,9,7,90,0,2,0,0,0,44.0,23.1,5.0,7.2,6,2,0,6,1,0.01,0.58,0.59,2.52
193,Bashir Humphreys,Burnley,1,0,0,0,0,0,0,0,0.0,0.0,0.0,0.0,0,0,0,0,0,0.00,0.00,0.00,0.00
193,Bashir Humphreys,Burnley,2,0,0,0,0,0,0,0,0.0,0.0,0.0,0.0,0,0,0,0,0,0.00,0.00,0.00,0.00
193,Bashir Humphreys,Burnley,3,0,0,0,0,0,0,0,0.0,0.0,0.0,0.0,0,0,0,0,0,0.00,0.00,0.00,0.00
193,Bashir Humphreys,Burnley,4,0,0,0,0,0,0,0,0.0,0.0,0.0,0.0,0,0,0,0,0,0.00,0.00,0.00,0.00
193,Bashir Humphreys,Burnley,5,0,0,0,0,0,0,0,0.0,0.0,0.0,0.0,0,0,0,0,0,0.00,0.00,0.00,0.00
193,Bashir Humphreys,Burnley,6,0,2,0,0,0,0,0,0.2,0.0,0.0,0.0,0,0,0,0,0,0.00,0.00,0.00,0.62
193,Bashir Humphreys,Burnley,7,0,0,0,0,0,0,0,0.0,0.0,0.0,0.0,0,0,0,0,0,0.00,0.00,0.00,0.00
193,Bashir Humphreys,Burnley,8,0,0,0,0,0,0,0,0.0,0.0,0.0,0.0,0,0,0,0,0,0.00,0.00,0.00,0.00
193,Bashir Humphreys,Burnley,9,0,0,0,0,0,0,0,0.0,0.0,0.0,0.0,0,0,0,0,0,0.00,0.00,0.00,0.00
194,Jordan Beyer,Burnley,1,0,0,0,0,0,0,0,0.0,0.0,0.0,0.0,0,0,0,0,0,0.00,0.00,0.00,0.00
194,Jordan Beyer,Burnley,2,0,0,0,0,0,0,0,0.0,0.0,0.0,0.0,0,0,0,0,0,0.00,0.00,0.00,0.00
194,Jordan Beyer,Burnley,3,0,0,0,0,0,0,0,0.0,0.0,0.0,0.0,0,0,0,0,0,0.00,0.00,0.00,0.00
194,Jordan Beyer,Burnley,4,0,0,0,0,0,0,0,0.0,0.0,0.0,0.0,0,0,0,0,0,0.00,0.00,0.00,0.00
194,Jordan Beyer,Burnley,5,0,0,0,0,0,0,0,0.0,0.0,0.0,0.0,0,0,0,0,0,0.00,0.00,0.00,0.00
194,Jordan Beyer,Burnley,6,0,0,0,0,0,0,0,0.0,0.0,0.0,0.0,0,0,0,0,0,0.00,0.00,0.00,0.00
194,Jordan Beyer,Burnley,7,0,0,0,0,0,0,0,0.0,0.0,0.0,0.0,0,0,0,0,0,0.00,0.00,0.00,0.00
194,Jordan Beyer,Burnley,8,0,0,0,0,0,0,0,0.0,0.0,0.0,0.0,0,0,0,0,0,0.00,0.00,0.00,0.00
194,Jordan Beyer,Burnley,9,0,0,0,0,0,0,0,0.0,0.0,0.0,0.0,0,0,0,0,0,0.00,0.00,0.00,0.00
195,Lucas Pires Silva,Burnley,1,0,0,0,0,0,0,0,0.0,0.0,0.0,0.0,0,0,0,0,0,0.00,0.00,0.00,0.00
195,Lucas Pires Silva,Burnley,2,0,0,0,0,0,0,0,0.0,0.0,0.0,0.0,0,0,0,0,0,0.00,0.00,0.00,0.00
195,Lucas Pires Silva,Burnley,3,0,0,0,0,0,0,0,0.0,0.0,0.0,0.0,0,0,0,0,0,0.00,0.00,0.00,0.00
195,Lucas Pires Silva,Burnley,4,0,0,0,0,0,0,0,0.0,0.0,0.0,0.0,0,0,0,0,0,0.00,0.00,0.00,0.00
195,Lucas Pires Silva,Burnley,5,0,0,0,0,0,0,0,0.0,0.0,0.0,0.0,0,0,0,0,0,0.00,0.00,0.00,0.00
195,Lucas Pires Silva,Burnley,6,0,0,0,0,0,0,0,0.0,0.0,0.0,0.0,0,0,0,0,0,0.00,0.00,0.00,0.00
195,Lucas Pires Silva,Burnley,7,0,0,0,0,0,0,0,0.0,0.0,0.0,0.0,0,0,0,0,0,0.00,0.00,0.00,0.00
195,Lucas Pires Silva,Burnley,8,0,0,0,0,0,0,0,0.0,0.0,0.0,0.0,0,0,0,0,0,0.00,0.00,0.00,0.00
195,Lucas Pires Silva,Burnley,9,0,0,0,0,0,0,0,0.0,0.0,0.0,0.0,0,0,0,0,0,0.00,0.00,0.00,0.00
196,Shurandy Sambo,Burnley,1,0,0,0,0,0,0,0,0.0,0.0,0.0,0.0,0,0,0,0,0,0.00,0.00,0.00,0.00
196,Shurandy Sambo,Burnley,2,0,0,0,0,0,0,0,0.0,0.0,0.0,0.0,0,0,0,0,0,0.00,0.00,0.00,0.00
196,Shurandy Sambo,Burnley,3,0,0,0,0,0,0,0,0.0,0.0,0.0,0.0,0,0,0,0,0,0.00,0.00,0.00,0.00
196,Shurandy Sambo,Burnley,4,0,0,0,0,0,0,0,0.0,0.0,0.0,0.0,0,0,0,0,0,0.00,0.00,0.00,0.00
196,Shurandy Sambo,Burnley,5,0,0,0,0,0,0,0,0.0,0.0,0.0,0.0,0,0,0,0,0,0.00,0.00,0.00,0.00
196,Shurandy Sambo,Burnley,6,0,0,0,0,0,0,0,0.0,0.0,0.0,0.0,0,0,0,0,0,0.00,0.00,0.00,0.00
196,Shurandy Sambo,Burnley,7,0,0,0,0,0,0,0,0.0,0.0,0.0,0.0,0,0,0,0,0,0.00,0.00,0.00,0.00
196,Shurandy Sambo,Burnley,8,0,0,0,0,0,0,0,0.0,0.0,0.0,0.0,0,0,0,0,0,0.00,0.00,0.00,0.00
196,Shurandy Sambo,Burnley,9,0,0,0,0,0,0,0,0.0,0.0,0.0,0.0,0,0,0,0,0,0.00,0.00,0.00,0.00
197,Oliver Sonne,Burnley,1,1,73,0,0,0,0,0,4.6,15.9,6.0,2.7,0,1,0,0,1,0.03,0.08,0.11,2.09
197,Oliver Sonne,Burnley,2,1,21,0,0,0,0,0,0.0,0.5,0.0,0.0,0,2,0,0,0,0.00,0.00,0.00,0.16
197,Oliver Sonne,Burnley,3,1,8,0,0,0,0,0,3.0,0.0,0.0,0.3,1,0,1,2,0,0.00,0.00,0.00,1.06
197,Oliver Sonne,Burnley,4,0,0,0,0,0,0,0,0.0,0.0,0.0,0.0,0,0,0,0,0,0.00,0.00,0.00,0.00
197,Oliver Sonne,Burnley,5,0,0,0,0,0,0,0,0.0,0.0,0.0,0.0,0,0,0,0,0,0.00,0.00,0.00,0.00
197,Oliver Sonne,Burnley,6,0,0,0,0,0,0,0,0.0,0.0,0.0,0.0,0,0,0,0,0,0.00,0.00,0.00,0.00
197,Oliver Sonne,Burnley,7,0,0,0,0,0,0,0,0.0,0.0,0.0,0.0,0,0,0,0,0,0.00,0.00,0.00,0.00
197,Oliver Sonne,Burnley,8,0,0,0,0,0,0,0,0.0,0.0,0.0,0.0,0,0,0,0,0,0.00,0.00,0.00,0.00
197,Oliver Sonne,Burnley,9,0,0,0,0,0,0,0,0.0,0.0,0.0,0.0,0,0,0,0,0,0.00,0.00,0.00,0.00
198,Axel Tuanzebe,Burnley,1,0,0,0,0,0,0,0,0.0,0.0,0.0,0.0,0,0,0,0,0,0.00,0.00,0.00,0.00
198,Axel Tuanzebe,Burnley,2,0,0,0,0,0,0,0,0.0,0.0,0.0,0.0,0,0,0,0,0,0.00,0.00,0.00,0.00
198,Axel Tuanzebe,Burnley,3,0,0,0,0,0,0,0,0.0,0.0,0.0,0.0,0,0,0,0,0,0.00,0.00,0.00,0.00
198,Axel Tuanzebe,Burnley,4,0,0,0,0,0,0,0,0.0,0.0,0.0,0.0,0,0,0,0,0,0.00,0.00,0.00,0.00
198,Axel Tuanzebe,Burnley,5,0,0,0,0,0,0,0,0.0,0.0,0.0,0.0,0,0,0,0,0,0.00,0.00,0.00,0.00
198,Axel Tuanzebe,Burnley,6,0,0,0,0,0,0,0,0.0,0.0,0.0,0.0,0,0,0,0,0,0.00,0.00,0.00,0.00
198,Axel Tuanzebe,Burnley,7,1,90,0,0,0,0,0,17.6,0.9,0.0,1.9,4,4,3,7,1,0.00,0.01,0.01,1.37
198,Axel Tuanzebe,Burnley,8,8,90,0,0,1,0,0,18.4,0.3,0.0,1.9,11,2,0,11,1,0.00,0.00,0.00,2.63
198,Axel Tuanzebe,Burnley,9,1,90,0,0,0,0,0,16.0,0.6,0.0,1.7,9,1,0,9,1,0.00,0.00,0.00,2.52
199,Joe Worrall,Burnley,1,0,0,0,0,0,0,0,0.0,0.0,0.0,0.0,0,0,0,0,0,0.00,0.00,0.00,0.00
199,Joe Worrall,Burnley,2,1,7,0,0,0,0,0,6.0,0.0,0.0,0.6,2,0,1,3,0,0.00,0.00,0.00,0.11
199,Joe Worrall,Burnley,3,1,7,0,0,0,0,0,3.0,0.0,0.0,0.3,2,1,0,2,0,0.00,0.00,0.00,1.06
199,Joe Worrall,Burnley,4,1,4,0,0,0,0,0,2.0,0.0,0.0,0.2,1,0,0,1,0,0.00,0.00,0.00,1.00
199,Joe Worrall,Burnley,5,0,0,0,0,0,0,0,0.0,0.0,0.0,0.0,0,0,0,0,0,0.00,0.00,0.00,0.00
199,Joe Worrall,Burnley,6,0,0,0,0,0,0,0,0.0,0.0,0.0,0.0,0,0,0,0,0,0.00,0.00,0.00,0.00
199,Joe Worrall,Burnley,7,1,1,0,0,0,0,0,0.2,0.3,0.0,0.1,0,0,0,0,0,0.00,0.00,0.00,0.00
199,Joe Worrall,Burnley,8,0,0,0,0,0,0,0,0.0,0.0,0.0,0.0,0,0,0,0,0,0.00,0.00,0.00,0.00
199,Joe Worrall,Burnley,9,0,0,0,0,0,0,0,0.0,0.0,0.0,0.0,0,0,0,0,0,0.00,0.00,0.00,0.00
200,Jaidon Anthony,Burnley,1,2,84,0,0,0,0,0,7.0,26.2,32.0,6.5,0,4,0,4,1,0.44,0.36,0.80,2.32
200,Jaidon Anthony,Burnley,2,13,90,1,1,1,0,0,58.4,14.6,28.0,10.1,1,7,3,11,1,0.77,0.02,0.79,0.77
200,Jaidon Anthony,Burnley,3,6,90,1,0,0,1,0,40.8,0.8,35.0,7.7,4,2,0,6,1,0.38,0.01,0.39,3.63
200,Jaidon Anthony,Burnley,4,3,88,0,0,1,0,0,9.4,0.5,1.0,1.1,3,6,2,11,1,0.11,0.00,0.11,1.51
200,Jaidon Anthony,Burnley,5,10,90,1,0,0,0,0,52.4,19.7,55.0,12.7,2,3,1,6,1,0.36,0.14,0.50,1.10
200,Jaidon Anthony,Burnley,6,6,87,1,0,0,1,0,45.4,36.5,19.0,10.1,4,4,2,10,1,0.10,0.08,0.18,1.41
200,Jaidon Anthony,Burnley,7,1,58,0,0,0,0,0,5.6,2.1,4.0,1.2,0,3,4,7,1,0.00,0.01,0.01,0.99
200,Jaidon Anthony,Burnley,8,2,82,0,0,1,1,0,0.0,1.9,0.0,0.1,1,6,0,7,1,0.00,0.00,0.00,2.29
200,Jaidon Anthony,Burnley,9,2,76,0,0,0,0,0,8.8,13.2,19.0,4.1,1,5,2,8,1,0.08,0.02,0.10,2.28
201,Manuel Benson Hedilazio,Burnley,1,0,0,0,0,0,0,0,0.0,0.0,0.0,0.0,0,0,0,0,0,0.00,0.00,0.00,0.00
201,Manuel Benson Hedilazio,Burnley,2,0,0,0,0,0,0,0,0.0,0.0,0.0,0.0,0,0,0,0,0,0.00,0.00,0.00,0.00
201,Manuel Benson Hedilazio,Burnley,3,0,0,0,0,0,0,0,0.0,0.0,0.0,0.0,0,0,0,0,0,0.00,0.00,0.00,0.00
201,Manuel Benson Hedilazio,Burnley,4,0,0,0,0,0,0,0,0.0,0.0,0.0,0.0,0,0,0,0,0,0.00,0.00,0.00,0.00
201,Manuel Benson Hedilazio,Burnley,5,0,0,0,0,0,0,0,0.0,0.0,0.0,0.0,0,0,0,0,0,0.00,0.00,0.00,0.00
201,Manuel Benson Hedilazio,Burnley,6,0,0,0,0,0,0,0,0.0,0.0,0.0,0.0,0,0,0,0,0,0.00,0.00,0.00,0.00
201,Manuel Benson Hedilazio,Burnley,7,0,0,0,0,0,0,0,0.0,0.0,0.0,0.0,0,0,0,0,0,0.00,0.00,0.00,0.00
201,Manuel Benson Hedilazio,Burnley,8,0,0,0,0,0,0,0,0.0,0.0,0.0,0.0,0,0,0,0,0,0.00,0.00,0.00,0.00
201,Manuel Benson Hedilazio,Burnley,9,0,0,0,0,0,0,0,0.0,0.0,0.0,0.0,0,0,0,0,0,0.00,0.00,0.00,0.00
202,Jacob Bruun Larsen,Burnley,1,1,27,0,0,0,0,0,3.6,0.7,8.0,1.2,1,1,0,2,0,0.00,0.01,0.01,0.91
202,Jacob Bruun Larsen,Burnley,2,3,68,0,0,1,0,0,0.0,1.8,4.0,0.4,1,3,0,4,1,0.02,0.01,0.03,0.61
202,Jacob Bruun Larsen,Burnley,3,5,81,0,1,0,0,0,29.2,26.6,8.0,6.4,4,2,1,7,1,0.03,0.32,0.35,2.57
202,Jacob Bruun Larsen,Burnley,4,0,0,0,0,0,0,0,0.0,0.0,0.0,0.0,0,0,0,0,0,0.00,0.00,0.00,0.00
202,Jacob Bruun Larsen,Burnley,5,0,0,0,0,0,0,0,0.0,0.0,0.0,0.0,0,0,0,0,0,0.00,0.00,0.00,0.00
202,Jacob Bruun Larsen,Burnley,6,1,28,0,0,0,0,0,0.0,1.6,0.0,0.2,0,1,0,1,0,0.00,0.00,0.00,0.95
202,Jacob Bruun Larsen,Burnley,7,1,31,0,0,0,0,0,0.4,0.5,0.0,0.1,0,1,0,1,0,0.00,0.00,0.00,0.39
202,Jacob Bruun Larsen,Burnley,8,1,57,0,0,0,0,0,5.2,2.4,11.0,1.9,0,0,0,0,1,0.03,0.01,0.04,0.58
202,Jacob Bruun Larsen,Burnley,9,2,68,0,0,0,0,0,3.2,11.3,13.0,2.8,0,0,1,1,1,0.07,0.11,0.18,2.18
203,Enock Agyei,Burnley,1,0,0,0,0,0,0,0,0.0,0.0,0.0,0.0,0,0,0,0,0,0.00,0.00,0.00,0.00
203,Enock Agyei,Burnley,2,0,0,0,0,0,0,0,0.0,0.0,0.0,0.0,0,0,0,0,0,0.00,0.00,0.00,0.00
203,Enock Agyei,Burnley,3,0,0,0,0,0,0,0,0.0,0.0,0.0,0.0,0,0,0,0,0,0.00,0.00,0.00,0.00
203,Enock Agyei,Burnley,4,0,0,0,0,0,0,0,0.0,0.0,0.0,0.0,0,0,0,0,0,0.00,0.00,0.00,0.00
203,Enock Agyei,Burnley,5,0,0,0,0,0,0,0,0.0,0.0,0.0,0.0,0,0,0,0,0,0.00,0.00,0.00,0.00
203,Enock Agyei,Burnley,6,0,0,0,0,0,0,0,0.0,0.0,0.0,0.0,0,0,0,0,0,0.00,0.00,0.00,0.00
203,Enock Agyei,Burnley,7,0,0,0,0,0,0,0,0.0,0.0,0.0,0.0,0,0,0,0,0,0.00,0.00,0.00,0.00
203,Enock Agyei,Burnley,8,0,0,0,0,0,0,0,0.0,0.0,0.0,0.0,0,0,0,0,0,0.00,0.00,0.00,0.00
203,Enock Agyei,Burnley,9,0,0,0,0,0,0,0,0.0,0.0,0.0,0.0,0,0,0,0,0,0.00,0.00,0.00,0.00
204,Darko Churlinov,Burnley,1,0,0,0,0,0,0,0,0.0,0.0,0.0,0.0,0,0,0,0,0,0.00,0.00,0.00,0.00
204,Darko Churlinov,Burnley,2,0,0,0,0,0,0,0,0.0,0.0,0.0,0.0,0,0,0,0,0,0.00,0.00,0.00,0.00
204,Darko Churlinov,Burnley,3,0,0,0,0,0,0,0,0.0,0.0,0.0,0.0,0,0,0,0,0,0.00,0.00,0.00,0.00
204,Darko Churlinov,Burnley,4,0,0,0,0,0,0,0,0.0,0.0,0.0,0.0,0,0,0,0,0,0.00,0.00,0.00,0.00
204,Darko Churlinov,Burnley,5,0,0,0,0,0,0,0,0.0,0.0,0.0,0.0,0,0,0,0,0,0.00,0.00,0.00,0.00
204,Darko Churlinov,Burnley,6,0,0,0,0,0,0,0,0.0,0.0,0.0,0.0,0,0,0,0,0,0.00,0.00,0.00,0.00
204,Darko Churlinov,Burnley,7,0,0,0,0,0,0,0,0.0,0.0,0.0,0.0,0,0,0,0,0,0.00,0.00,0.00,0.00
204,Darko Churlinov,Burnley,8,0,0,0,0,0,0,0,0.0,0.0,0.0,0.0,0,0,0,0,0,0.00,0.00,0.00,0.00
204,Darko Churlinov,Burnley,9,0,0,0,0,0,0,0,0.0,0.0,0.0,0.0,0,0,0,0,0,0.00,0.00,0.00,0.00
205,Josh Cullen,Burnley,1,4,90,0,0,0,0,0,23.8,59.4,0.0,8.3,5,4,3,12,1,0.00,0.28,0.28,2.32
205,Josh Cullen,Burnley,2,14,90,1,1,1,0,0,65.8,17.0,21.0,10.4,2,4,1,7,1,0.08,0.19,0.27,0.77
205,Josh Cullen,Burnley,3,2,90,0,0,0,0,0,15.4,3.3,0.0,1.9,7,5,2,14,1,0.00,0.05,0.05,3.63
205,Josh Cullen,Burnley,4,3,62,0,0,1,0,0,16.6,1.5,0.0,1.8,6,0,1,7,1,0.00,0.00,0.00,1.21
205,Josh Cullen,Burnley,5,4,90,0,0,0,0,0,19.0,6.0,0.0,2.5,7,7,0,14,1,0.00,0.04,0.04,1.10
205,Josh Cullen,Burnley,6,4,78,0,0,0,0,0,27.0,13.5,0.0,4.1,10,2,0,12,1,0.00,0.01,0.01,1.25
205,Josh Cullen,Burnley,7,6,90,0,0,0,0,0,21.6,6.7,7.0,3.5,1,11,8,20,1,0.10,0.02,0.12,1.37
205,Josh Cullen,Burnley,8,3,90,0,0,1,0,0,10.4,17.2,0.0,2.8,5,2,0,7,1,0.00,0.02,0.02,2.63
205,Josh Cullen,Burnley,9,2,90,0,0,0,0,0,21.0,3.5,14.0,3.9,4,2,3,9,1,0.05,0.06,0.11,2.52
206,Marcus Edwards,Burnley,1,1,5,0,0,0,0,0,0.0,0.0,0.0,0.0,0,0,0,0,0,0.00,0.00,0.00,0.00
206,Marcus Edwards,Burnley,2,0,0,0,0,0,0,0,0.0,0.0,0.0,0.0,0,0,0,0,0,0.00,0.00,0.00,0.00
206,Marcus Edwards,Burnley,3,0,0,0,0,0,0,0,0.0,0.0,0.0,0.0,0,0,0,0,0,0.00,0.00,0.00,0.00
206,Marcus Edwards,Burnley,4,0,0,0,0,0,0,0,0.0,0.0,0.0,0.0,0,0,0,0,0,0.00,0.00,0.00,0.00
206,Marcus Edwards,Burnley,5,0,0,0,0,0,0,0,0.0,0.0,0.0,0.0,0,0,0,0,0,0.00,0.00,0.00,0.00
206,Marcus Edwards,Burnley,6,0,0,0,0,0,0,0,0.0,0.0,0.0,0.0,0,0,0,0,0,0.00,0.00,0.00,0.00
206,Marcus Edwards,Burnley,7,0,0,0,0,0,0,0,0.0,0.0,0.0,0.0,0,0,0,0,0,0.00,0.00,0.00,0.00
206,Marcus Edwards,Burnley,8,0,0,0,0,0,0,0,0.0,0.0,0.0,0.0,0,0,0,0,0,0.00,0.00,0.00,0.00
206,Marcus Edwards,Burnley,9,0,0,0,0,0,0,0,0.0,0.0,0.0,0.0,0,0,0,0,0,0.00,0.00,0.00,0.00
207,Hannibal Mejbri,Burnley,1,2,62,0,0,0,0,0,0.0,1.7,5.0,0.6,0,1,0,1,1,0.03,0.01,0.04,1.41
207,Hannibal Mejbri,Burnley,2,5,82,0,0,1,0,0,9.2,18.5,4.0,3.2,2,8,3,13,1,0.02,0.12,0.14,0.66
207,Hannibal Mejbri,Burnley,3,2,64,0,0,0,0,0,2.8,6.1,4.0,1.3,1,0,2,3,1,0.11,0.00,0.11,2.38
207,Hannibal Mejbri,Burnley,4,1,27,0,0,0,0,0,0.0,0.3,0.0,0.0,0,1,1,2,0,0.00,0.00,0.00,1.24
207,Hannibal Mejbri,Burnley,5,1,9,0,0,0,0,0,2.0,14.1,0.0,1.6,0,1,0,1,0,0.00,0.08,0.08,0.34
207,Hannibal Mejbri,Burnley,6,1,2,0,0,0,0,0,1.0,0.0,0.0,0.1,0,0,0,0,0,0.00,0.00,0.00,0.62
207,Hannibal Mejbri,Burnley,7,0,0,0,0,0,0,0,0.0,0.0,0.0,0.0,0,0,0,0,0,0.00,0.00,0.00,0.00
207,Hannibal Mejbri,Burnley,8,0,7,0,0,0,1,0,5.0,0.0,0.0,0.5,0,0,3,3,0,0.00,0.00,0.00,0.34
207,Hannibal Mejbri,Burnley,9,4,1,0,1,0,0,0,17.2,13.3,0.0,3.1,0,1,0,1,0,0.00,0.28,0.28,0.05
208,Luca Koleosho,Burnley,1,0,0,0,0,0,0,0,0.0,0.0,0.0,0.0,0,0,0,0,0,0.00,0.00,0.00,0.00
208,Luca Koleosho,Burnley,2,0,0,0,0,0,0,0,0.0,0.0,0.0,0.0,0,0,0,0,0,0.00,0.00,0.00,0.00
208,Luca Koleosho,Burnley,3,0,0,0,0,0,0,0,0.0,0.0,0.0,0.0,0,0,0,0,0,0.00,0.00,0.00,0.00
208,Luca Koleosho,Burnley,4,0,0,0,0,0,0,0,0.0,0.0,0.0,0.0,0,0,0,0,0,0.00,0.00,0.00,0.00
208,Luca Koleosho,Burnley,5,0,0,0,0,0,0,0,0.0,0.0,0.0,0.0,0,0,0,0,0,0.00,0.00,0.00,0.00
208,Luca Koleosho,Burnley,6,0,0,0,0,0,0,0,0.0,0.0,0.0,0.0,0,0,0,0,0,0.00,0.00,0.00,0.00
208,Luca Koleosho,Burnley,7,0,0,0,0,0,0,0,0.0,0.0,0.0,0.0,0,0,0,0,0,0.00,0.00,0.00,0.00
208,Luca Koleosho,Burnley,8,0,0,0,0,0,0,0,0.0,0.0,0.0,0.0,0,0,0,0,0,0.00,0.00,0.00,0.00
208,Luca Koleosho,Burnley,9,0,0,0,0,0,0,0,0.0,0.0,0.0,0.0,0,0,0,0,0,0.00,0.00,0.00,0.00
209,Josh Laurent,Burnley,1,2,62,0,0,0,0,0,10.6,11.2,20.0,4.2,2,3,1,6,1,0.11,0.13,0.24,1.41
209,Josh Laurent,Burnley,2,1,21,0,0,0,0,0,10.8,0.8,0.0,1.2,3,0,1,4,0,0.00,0.00,0.00,0.16
209,Josh Laurent,Burnley,3,0,14,0,0,0,1,0,2.4,0.1,2.0,0.5,2,2,0,4,0,0.00,0.00,0.00,1.13
209,Josh Laurent,Burnley,4,2,90,0,0,0,0,0,6.2,0.3,1.0,0.8,5,1,0,6,1,0.01,0.00,0.01,2.45
209,Josh Laurent,Burnley,5,2,90,0,0,0,0,0,13.4,5.9,2.0,2.1,3,2,0,5,1,0.00,0.01,0.01,1.10
209,Josh Laurent,Burnley,6,2,90,0,0,0,0,0,4.0,0.7,5.0,1.0,2,4,0,6,1,0.04,0.00,0.04,2.03
209,Josh Laurent,Burnley,7,2,81,0,0,0,0,0,5.2,2.3,2.0,1.0,6,3,0,9,1,0.00,0.00,0.00,1.14
209,Josh Laurent,Burnley,8,1,13,0,0,0,0,0,2.0,0.0,0.0,0.2,2,0,0,2,0,0.00,0.00,0.00,1.22
209,Josh Laurent,Burnley,9,1,21,0,0,0,0,0,5.6,0.4,0.0,0.6,1,0,2,3,0,0.00,0.00,0.00,0.34
210,Loum Tchaouna,Burnley,1,1,16,0,0,0,0,0,3.2,0.8,0.0,0.4,0,1,1,2,0,0.00,0.01,0.01,0.23
210,Loum Tchaouna,Burnley,2,1,7,0,0,0,0,0,0.4,4.6,3.0,0.8,0,2,0,2,0,0.08,0.03,0.11,0.11
210,Loum Tchaouna,Burnley,3,3,25,0,1,0,1,0,4.2,1.3,17.0,2.3,0,0,1,1,0,0.13,0.00,0.13,1.25
210,Loum Tchaouna,Burnley,4,3,62,0,0,1,0,0,3.8,10.7,0.0,1.5,1,2,0,3,1,0.00,0.01,0.01,1.21
210,Loum Tchaouna,Burnley,5,2,80,0,0,0,0,0,1.6,8.8,8.0,1.8,2,0,1,3,1,0.08,0.10,0.18,0.76
210,Loum Tchaouna,Burnley,6,2,61,0,0,0,0,0,5.4,1.2,5.0,1.2,1,1,2,4,1,0.03,0.00,0.03,1.08
210,Loum Tchaouna,Burnley,7,1,58,0,0,0,0,0,0.0,2.4,0.0,0.2,0,3,0,3,1,0.00,0.01,0.01,0.99
210,Loum Tchaouna,Burnley,8,6,32,1,0,0,0,0,36.2,0.3,7.0,4.4,3,0,0,3,0,0.03,0.00,0.03,2.04
210,Loum Tchaouna,Burnley,9,0,0,0,0,0,0,0,0.0,0.0,0.0,0.0,0,0,0,0,0,0.00,0.00,0.00,0.00
211,Aaron Ramsey,Burnley,1,0,0,0,0,0,0,0,0.0,0.0,0.0,0.0,0,0,0,0,0,0.00,0.00,0.00,0.00
211,Aaron Ramsey,Burnley,2,0,0,0,0,0,0,0,0.0,0.0,0.0,0.0,0,0,0,0,0,0.00,0.00,0.00,0.00
211,Aaron Ramsey,Burnley,3,0,0,0,0,0,0,0,0.0,0.0,0.0,0.0,0,0,0,0,0,0.00,0.00,0.00,0.00
211,Aaron Ramsey,Burnley,4,0,0,0,0,0,0,0,0.0,0.0,0.0,0.0,0,0,0,0,0,0.00,0.00,0.00,0.00
211,Aaron Ramsey,Burnley,5,0,0,0,0,0,0,0,0.0,0.0,0.0,0.0,0,0,0,0,0,0.00,0.00,0.00,0.00
211,Aaron Ramsey,Burnley,6,0,0,0,0,0,0,0,0.0,0.0,0.0,0.0,0,0,0,0,0,0.00,0.00,0.00,0.00
211,Aaron Ramsey,Burnley,7,0,0,0,0,0,0,0,0.0,0.0,0.0,0.0,0,0,0,0,0,0.00,0.00,0.00,0.00
211,Aaron Ramsey,Burnley,8,0,0,0,0,0,0,0,0.0,0.0,0.0,0.0,0,0,0,0,0,0.00,0.00,0.00,0.00
211,Aaron Ramsey,Burnley,9,0,0,0,0,0,0,0,0.0,0.0,0.0,0.0,0,0,0,0,0,0.00,0.00,0.00,0.00
212,Oluwaseun Adewumi,Burnley,1,0,0,0,0,0,0,0,0.0,0.0,0.0,0.0,0,0,0,0,0,0.00,0.00,0.00,0.00
212,Oluwaseun Adewumi,Burnley,2,0,0,0,0,0,0,0,0.0,0.0,0.0,0.0,0,0,0,0,0,0.00,0.00,0.00,0.00
212,Oluwaseun Adewumi,Burnley,3,0,0,0,0,0,0,0,0.0,0.0,0.0,0.0,0,0,0,0,0,0.00,0.00,0.00,0.00
212,Oluwaseun Adewumi,Burnley,4,0,0,0,0,0,0,0,0.0,0.0,0.0,0.0,0,0,0,0,0,0.00,0.00,0.00,0.00
212,Oluwaseun Adewumi,Burnley,5,0,0,0,0,0,0,0,0.0,0.0,0.0,0.0,0,0,0,0,0,0.00,0.00,0.00,0.00
212,Oluwaseun Adewumi,Burnley,6,0,0,0,0,0,0,0,0.0,0.0,0.0,0.0,0,0,0,0,0,0.00,0.00,0.00,0.00
212,Oluwaseun Adewumi,Burnley,7,0,0,0,0,0,0,0,0.0,0.0,0.0,0.0,0,0,0,0,0,0.00,0.00,0.00,0.00
212,Oluwaseun Adewumi,Burnley,8,0,0,0,0,0,0,0,0.0,0.0,0.0,0.0,0,0,0,0,0,0.00,0.00,0.00,0.00
212,Oluwaseun Adewumi,Burnley,9,0,0,0,0,0,0,0,0.0,0.0,0.0,0.0,0,0,0,0,0,0.00,0.00,0.00,0.00
213,Jaydon Banel,Burnley,1,0,0,0,0,0,0,0,0.0,0.0,0.0,0.0,0,0,0,0,0,0.00,0.00,0.00,0.00
213,Jaydon Banel,Burnley,2,0,0,0,0,0,0,0,0.0,0.0,0.0,0.0,0,0,0,0,0,0.00,0.00,0.00,0.00
213,Jaydon Banel,Burnley,3,0,0,0,0,0,0,0,0.0,0.0,0.0,0.0,0,0,0,0,0,0.00,0.00,0.00,0.00
213,Jaydon Banel,Burnley,4,0,0,0,0,0,0,0,0.0,0.0,0.0,0.0,0,0,0,0,0,0.00,0.00,0.00,0.00
213,Jaydon Banel,Burnley,5,0,0,0,0,0,0,0,0.0,0.0,0.0,0.0,0,0,0,0,0,0.00,0.00,0.00,0.00
213,Jaydon Banel,Burnley,6,0,0,0,0,0,0,0,0.0,0.0,0.0,0.0,0,0,0,0,0,0.00,0.00,0.00,0.00
213,Jaydon Banel,Burnley,7,0,0,0,0,0,0,0,0.0,0.0,0.0,0.0,0,0,0,0,0,0.00,0.00,0.00,0.00
213,Jaydon Banel,Burnley,8,0,0,0,0,0,0,0,0.0,0.0,0.0,0.0,0,0,0,0,0,0.00,0.00,0.00,0.00
213,Jaydon Banel,Burnley,9,0,0,0,0,0,0,0,0.0,0.0,0.0,0.0,0,0,0,0,0,0.00,0.00,0.00,0.00
214,Mike Trésor Ndayishimiye,Burnley,1,0,0,0,0,0,0,0,0.0,0.0,0.0,0.0,0,0,0,0,0,0.00,0.00,0.00,0.00
214,Mike Trésor Ndayishimiye,Burnley,2,0,0,0,0,0,0,0,0.0,0.0,0.0,0.0,0,0,0,0,0,0.00,0.00,0.00,0.00
214,Mike Trésor Ndayishimiye,Burnley,3,0,0,0,0,0,0,0,0.0,0.0,0.0,0.0,0,0,0,0,0,0.00,0.00,0.00,0.00
214,Mike Trésor Ndayishimiye,Burnley,4,0,0,0,0,0,0,0,0.0,0.0,0.0,0.0,0,0,0,0,0,0.00,0.00,0.00,0.00
214,Mike Trésor Ndayishimiye,Burnley,5,0,0,0,0,0,0,0,0.0,0.0,0.0,0.0,0,0,0,0,0,0.00,0.00,0.00,0.00
214,Mike Trésor Ndayishimiye,Burnley,6,0,0,0,0,0,0,0,0.0,0.0,0.0,0.0,0,0,0,0,0,0.00,0.00,0.00,0.00
214,Mike Trésor Ndayishimiye,Burnley,7,0,0,0,0,0,0,0,0.0,0.0,0.0,0.0,0,0,0,0,0,0.00,0.00,0.00,0.00
214,Mike Trésor Ndayishimiye,Burnley,8,0,0,0,0,0,0,0,0.0,0.0,0.0,0.0,0,0,0,0,0,0.00,0.00,0.00,0.00
214,Mike Trésor Ndayishimiye,Burnley,9,0,0,0,0,0,0,0,0.0,0.0,0.0,0.0,0,0,0,0,0,0.00,0.00,0.00,0.00
215,Zian Flemming,Burnley,1,1,16,0,0,0,0,0,0.0,0.0,0.0,0.0,0,0,0,0,0,0.00,0.00,0.00,0.23
215,Zian Flemming,Burnley,2,1,4,0,0,0,0,0,2.2,10.0,2.0,1.4,0,0,0,0,0,0.00,0.00,0.00,0.11
215,Zian Flemming,Burnley,3,0,0,0,0,0,0,0,0.0,0.0,0.0,0.0,0,0,0,0,0,0.00,0.00,0.00,0.00
215,Zian Flemming,Burnley,4,0,0,0,0,0,0,0,0.0,0.0,0.0,0.0,0,0,0,0,0,0.00,0.00,0.00,0.00
215,Zian Flemming,Burnley,5,1,4,0,0,0,0,0,0.0,0.1,5.0,0.5,0,1,0,1,0,0.11,0.00,0.11,0.06
215,Zian Flemming,Burnley,6,0,0,0,0,0,0,0,0.0,0.0,0.0,0.0,0,0,0,0,0,0.00,0.00,0.00,0.00
215,Zian Flemming,Burnley,7,1,8,0,0,0,0,0,0.0,0.0,2.0,0.1,0,0,0,0,0,0.01,0.00,0.01,0.24
215,Zian Flemming,Burnley,8,2,76,0,0,1,0,0,9.4,0.5,0.0,1.0,5,0,1,6,1,0.00,0.00,0.00,1.40
215,Zian Flemming,Burnley,9,13,90,2,0,0,0,0,78.8,12.0,65.0,15.6,2,2,1,5,1,0.71,0.02,0.73,2.52
216,Zeki Amdouni,Burnley,1,0,0,0,0,0,0,0,0.0,0.0,0.0,0.0,0,0,0,0,0,0.00,0.00,0.00,0.00
216,Zeki Amdouni,Burnley,2,0,0,0,0,0,0,0,0.0,0.0,0.0,0.0,0,0,0,0,0,0.00,0.00,0.00,0.00
216,Zeki Amdouni,Burnley,3,0,0,0,0,0,0,0,0.0,0.0,0.0,0.0,0,0,0,0,0,0.00,0.00,0.00,0.00
216,Zeki Amdouni,Burnley,4,0,0,0,0,0,0,0,0.0,0.0,0.0,0.0,0,0,0,0,0,0.00,0.00,0.00,0.00
216,Zeki Amdouni,Burnley,5,0,0,0,0,0,0,0,0.0,0.0,0.0,0.0,0,0,0,0,0,0.00,0.00,0.00,0.00
216,Zeki Amdouni,Burnley,6,0,0,0,0,0,0,0,0.0,0.0,0.0,0.0,0,0,0,0,0,0.00,0.00,0.00,0.00
216,Zeki Amdouni,Burnley,7,0,0,0,0,0,0,0,0.0,0.0,0.0,0.0,0,0,0,0,0,0.00,0.00,0.00,0.00
216,Zeki Amdouni,Burnley,8,0,0,0,0,0,0,0,0.0,0.0,0.0,0.0,0,0,0,0,0,0.00,0.00,0.00,0.00
216,Zeki Amdouni,Burnley,9,0,0,0,0,0,0,0,0.0,0.0,0.0,0.0,0,0,0,0,0,0.00,0.00,0.00,0.00
217,Lyle Foster,Burnley,1,2,73,0,0,0,0,0,4.8,22.7,10.0,3.8,2,1,0,3,1,0.22,0.04,0.26,2.09
217,Lyle Foster,Burnley,2,2,85,0,0,1,0,0,1.8,3.6,4.0,0.9,0,3,2,5,1,0.00,0.01,0.01,0.66
217,Lyle Foster,Burnley,3,6,90,1,0,0,1,0,39.2,3.3,25.0,6.8,1,4,1,6,1,0.51,0.00,0.51,3.63
217,Lyle Foster,Burnley,4,2,85,0,0,1,0,0,8.2,1.3,2.0,1.2,4,3,2,9,1,0.00,0.00,0.00,1.45
217,Lyle Foster,Burnley,5,6,85,0,1,0,0,0,26.6,22.7,9.0,5.8,2,3,0,5,1,0.02,0.03,0.05,1.04
217,Lyle Foster,Burnley,6,2,79,0,0,0,0,0,1.6,11.6,13.0,2.6,2,1,0,3,1,0.18,0.03,0.21,1.25
217,Lyle Foster,Burnley,7,1,68,0,0,0,1,0,0.0,1.3,4.0,0.1,0,0,0,0,1,0.00,0.02,0.02,1.12
217,Lyle Foster,Burnley,8,0,0,0,0,0,0,0,0.0,0.0,0.0,0.0,0,0,0,0,0,0.00,0.00,0.00,0.00
217,Lyle Foster,Burnley,9,7,13,1,0,0,0,0,35.0,10.0,17.0,6.2,0,0,0,0,0,0.37,0.00,0.37,0.24
218,Ashley Barnes,Burnley,1,0,0,0,0,0,0,0,0.0,0.0,0.0,0.0,0,0,0,0,0,0.00,0.00,0.00,0.00
218,Ashley Barnes,Burnley,2,0,0,0,0,0,0,0,0.0,0.0,0.0,0.0,0,0,0,0,0,0.00,0.00,0.00,0.00
218,Ashley Barnes,Burnley,3,0,0,0,0,0,0,0,0.0,0.0,0.0,0.0,0,0,0,0,0,0.00,0.00,0.00,0.00
218,Ashley Barnes,Burnley,4,0,0,0,0,0,0,0,0.0,0.0,0.0,0.0,0,0,0,0,0,0.00,0.00,0.00,0.00
218,Ashley Barnes,Burnley,5,0,0,0,0,0,0,0,0.0,0.0,0.0,0.0,0,0,0,0,0,0.00,0.00,0.00,0.00
218,Ashley Barnes,Burnley,6,0,0,0,0,0,0,0,0.0,0.0,0.0,0.0,0,0,0,0,0,0.00,0.00,0.00,0.00
218,Ashley Barnes,Burnley,7,0,0,0,0,0,0,0,0.0,0.0,0.0,0.0,0,0,0,0,0,0.00,0.00,0.00,0.00
218,Ashley Barnes,Burnley,8,1,7,0,0,0,0,0,0.2,0.3,0.0,0.1,0,1,0,1,0,0.00,0.00,0.00,0.34
218,Ashley Barnes,Burnley,9,0,0,0,0,0,0,0,0.0,0.0,0.0,0.0,0,0,0,0,0,0.00,0.00,0.00,0.00
219,Michael Obafemi,Burnley,1,0,0,0,0,0,0,0,0.0,0.0,0.0,0.0,0,0,0,0,0,0.00,0.00,0.00,0.00
219,Michael Obafemi,Burnley,2,0,0,0,0,0,0,0,0.0,0.0,0.0,0.0,0,0,0,0,0,0.00,0.00,0.00,0.00
219,Michael Obafemi,Burnley,3,0,0,0,0,0,0,0,0.0,0.0,0.0,0.0,0,0,0,0,0,0.00,0.00,0.00,0.00
219,Michael Obafemi,Burnley,4,0,0,0,0,0,0,0,0.0,0.0,0.0,0.0,0,0,0,0,0,0.00,0.00,0.00,0.00
219,Michael Obafemi,Burnley,5,0,0,0,0,0,0,0,0.0,0.0,0.0,0.0,0,0,0,0,0,0.00,0.00,0.00,0.00
219,Michael Obafemi,Burnley,6,0,0,0,0,0,0,0,0.0,0.0,0.0,0.0,0,0,0,0,0,0.00,0.00,0.00,0.00
219,Michael Obafemi,Burnley,7,0,0,0,0,0,0,0,0.0,0.0,0.0,0.0,0,0,0,0,0,0.00,0.00,0.00,0.00
219,Michael Obafemi,Burnley,8,0,0,0,0,0,0,0,0.0,0.0,0.0,0.0,0,0,0,0,0,0.00,0.00,0.00,0.00
219,Michael Obafemi,Burnley,9,0,0,0,0,0,0,0,0.0,0.0,0.0,0.0,0,0,0,0,0,0.00,0.00,0.00,0.00
470,Martin Dúbravka,Burnley,1,2,90,0,0,0,0,0,25.6,0.0,0.0,2.6,0,6,0,0,1,0.00,0.00,0.00,2.32
470,Martin Dúbravka,Burnley,2,6,90,0,0,1,0,0,10.8,0.0,0.0,1.1,2,11,0,0,1,0.00,0.00,0.00,0.77
470,Martin Dúbravka,Burnley,3,2,90,0,0,0,0,0,35.4,0.0,0.0,3.5,2,7,0,0,1,0.00,0.00,0.00,3.63
470,Martin Dúbravka,Burnley,4,3,90,0,0,0,0,0,21.2,0.0,0.0,2.1,4,11,0,0,1,0.00,0.00,0.00,2.45
470,Martin Dúbravka,Burnley,5,4,90,0,0,0,0,0,49.6,0.0,0.0,5.0,1,11,0,0,1,0.00,0.00,0.00,1.10
470,Martin Dúbravka,Burnley,6,1,90,0,0,0,0,0,40.8,0.0,0.0,4.1,2,5,0,0,1,0.00,0.00,0.00,2.03
470,Martin Dúbravka,Burnley,7,2,90,0,0,0,0,0,34.6,0.0,0.0,3.5,0,4,0,0,1,0.00,0.00,0.00,1.37
470,Martin Dúbravka,Burnley,8,9,90,0,0,1,0,0,32.6,0.0,0.0,3.3,3,7,0,0,1,0.00,0.00,0.00,2.63
470,Martin Dúbravka,Burnley,9,2,90,0,0,0,0,0,40.0,0.0,0.0,4.0,1,12,0,0,1,0.00,0.00,0.00,2.52
676,Lesley Ugochukwu,Burnley,1,1,27,0,0,0,0,0,0.0,0.3,3.0,0.1,0,1,0,1,0,0.05,0.00,0.05,0.91
676,Lesley Ugochukwu,Burnley,2,3,68,0,0,1,0,0,7.8,16.7,3.0,2.8,1,1,2,4,1,0.02,0.02,0.04,0.61
676,Lesley Ugochukwu,Burnley,3,2,75,0,0,0,0,0,8.6,1.7,2.0,1.2,2,4,4,10,1,0.00,0.00,0.00,2.50
676,Lesley Ugochukwu,Burnley,4,-1,83,0,0,0,0,1,7.4,0.1,0.0,0.8,4,2,3,9,1,0.00,0.00,0.00,1.45
676,Lesley Ugochukwu,Burnley,5,0,0,0,0,0,0,0,0.0,0.0,0.0,0.0,0,0,0,0,0,0.00,0.00,0.00,0.00
676,Lesley Ugochukwu,Burnley,6,1,11,0,0,0,0,0,0.4,0.0,0.0,0.0,0,0,0,0,0,0.00,0.00,0.00,0.78
676,Lesley Ugochukwu,Burnley,7,7,21,1,0,0,0,0,38.2,1.9,21.0,6.1,0,0,3,3,0,0.23,0.00,0.23,0.26
676,Lesley Ugochukwu,Burnley,8,10,82,1,0,1,0,0,43.2,2.2,17.0,6.2,5,1,0,6,1,0.38,0.02,0.40,2.29
676,Lesley Ugochukwu,Burnley,9,2,90,0,0,0,0,0,18.4,1.9,7.0,2.7,3,4,4,11,1,0.11,0.02,0.13,2.47
680,Armando Broja,Burnley,1,0,0,0,0,0,0,0,0.0,0.0,0.0,0.0,0,0,0,0,0,0.00,0.00,0.00,0.00
680,Armando Broja,Burnley,2,0,0,0,0,0,0,0,0.0,0.0,0.0,0.0,0,0,0,0,0,0.00,0.00,0.00,0.00
680,Armando Broja,Burnley,3,0,0,0,0,0,0,0,0.0,0.0,0.0,0.0,0,0,0,0,0,0.00,0.00,0.00,0.00
680,Armando Broja,Burnley,4,1,1,0,0,0,0,0,2.0,0.1,0.0,0.2,1,0,0,1,0,0.00,0.00,0.00,0.94
680,Armando Broja,Burnley,5,0,0,0,0,0,0,0,0.0,0.0,0.0,0.0,0,0,0,0,0,0.00,0.00,0.00,0.00
680,Armando Broja,Burnley,6,1,10,0,0,0,0,0,0.0,0.5,2.0,0.3,0,0,0,0,0,0.00,0.00,0.00,0.78
680,Armando Broja,Burnley,7,1,31,0,0,0,0,0,4.2,0.3,0.0,0.5,0,0,2,2,0,0.00,0.00,0.00,0.39
680,Armando Broja,Burnley,8,0,0,0,0,0,0,0,0.0,0.0,0.0,0.0,0,0,0,0,0,0.00,0.00,0.00,0.00
680,Armando Broja,Burnley,9,0,0,0,0,0,0,0,0.0,0.0,0.0,0.0,0,0,0,0,0,0.00,0.00,0.00,0.00
722,Florentino Ibrain Morris Luís,Burnley,4,1,27,0,0,0,0,0,13.0,0.2,0.0,1.3,2,2,3,7,0,0.00,0.00,0.00,1.24
722,Florentino Ibrain Morris Luís,Burnley,5,3,90,0,0,0,1,0,25.6,23.5,0.0,4.9,7,7,4,18,1,0.00,0.01,0.01,1.10
722,Florentino Ibrain Morris Luís,Burnley,6,4,90,0,0,0,0,0,17.0,1.7,0.0,1.9,3,3,6,12,1,0.00,0.01,0.01,2.03
722,Florentino Ibrain Morris Luís,Burnley,7,4,90,0,0,0,0,0,20.2,12.6,0.0,3.3,3,4,5,12,1,0.00,0.02,0.02,1.37
722,Florentino Ibrain Morris Luís,Burnley,8,8,90,0,1,1,0,0,37.8,13.7,1.0,5.3,8,5,3,16,1,0.02,0.00,0.02,2.63
722,Florentino Ibrain Morris Luís,Burnley,9,2,90,0,0,0,0,0,4.4,12.7,4.0,2.1,2,1,1,4,1,0.03,0.04,0.07,2.47
66,Norberto Murara Neto,Bournemouth,1,0,0,0,0,0,0,0,0.0,0.0,0.0,0.0,0,0,0,0,0,0.00,0.00,0.00,0.00
66,Norberto Murara Neto,Bournemouth,2,0,0,0,0,0,0,0,0.0,0.0,0.0,0.0,0,0,0,0,0,0.00,0.00,0.00,0.00
66,Norberto Murara Neto,Bournemouth,3,0,0,0,0,0,0,0,0.0,0.0,0.0,0.0,0,0,0,0,0,0.00,0.00,0.00,0.00
66,Norberto Murara Neto,Bournemouth,4,0,0,0,0,0,0,0,0.0,0.0,0.0,0.0,0,0,0,0,0,0.00,0.00,0.00,0.00
66,Norberto Murara Neto,Bournemouth,5,0,0,0,0,0,0,0,0.0,0.0,0.0,0.0,0,0,0,0,0,0.00,0.00,0.00,0.00
66,Norberto Murara Neto,Bournemouth,6,0,0,0,0,0,0,0,0.0,0.0,0.0,0.0,0,0,0,0,0,0.00,0.00,0.00,0.00
66,Norberto Murara Neto,Bournemouth,7,0,0,0,0,0,0,0,0.0,0.0,0.0,0.0,0,0,0,0,0,0.00,0.00,0.00,0.00
66,Norberto Murara Neto,Bournemouth,8,0,0,0,0,0,0,0,0.0,0.0,0.0,0.0,0,0,0,0,0,0.00,0.00,0.00,0.00
66,Norberto Murara Neto,Bournemouth,9,0,0,0,0,0,0,0,0.0,0.0,0.0,0.0,0,0,0,0,0,0.00,0.00,0.00,0.00
67,Đorđe Petrović,Bournemouth,1,2,90,0,0,0,0,0,47.8,0.0,0.0,4.8,4,8,0,0,1,0.00,0.00,0.00,2.21
67,Đorđe Petrović,Bournemouth,2,6,90,0,0,1,0,0,11.4,0.0,0.0,1.1,2,5,0,0,1,0.00,0.00,0.00,0.46
67,Đorđe Petrović,Bournemouth,3,5,90,0,0,1,1,0,11.2,0.0,0.0,1.1,2,10,0,0,1,0.00,0.00,0.00,0.19
67,Đorđe Petrović,Bournemouth,4,2,90,0,0,0,0,0,8.6,0.0,0.0,0.9,1,5,0,0,1,0.00,0.00,0.00,0.62
67,Đorđe Petrović,Bournemouth,5,6,90,0,0,1,0,0,9.8,0.0,0.0,1.0,1,5,0,0,1,0.00,0.00,0.00,0.14
67,Đorđe Petrović,Bournemouth,6,3,90,0,0,0,0,0,47.0,0.0,0.0,4.7,0,10,0,0,1,0.00,0.00,0.00,1.84
67,Đorđe Petrović,Bournemouth,7,3,90,0,0,0,0,0,19.4,0.0,0.0,1.9,2,9,0,0,1,0.00,0.00,0.00,0.88
67,Đorđe Petrović,Bournemouth,8,2,90,0,0,0,0,0,31.6,0.0,0.0,3.2,3,13,0,0,1,0.00,0.00,0.00,4.44
67,Đorđe Petrović,Bournemouth,9,8,90,0,0,1,0,0,30.0,0.0,0.0,3.0,2,6,0,0,1,0.00,0.00,0.00,0.35
68,Will Dennis,Bournemouth,1,0,0,0,0,0,0,0,0.0,0.0,0.0,0.0,0,0,0,0,0,0.00,0.00,0.00,0.00
68,Will Dennis,Bournemouth,2,0,0,0,0,0,0,0,0.0,0.0,0.0,0.0,0,0,0,0,0,0.00,0.00,0.00,0.00
68,Will Dennis,Bournemouth,3,0,0,0,0,0,0,0,0.0,0.0,0.0,0.0,0,0,0,0,0,0.00,0.00,0.00,0.00
68,Will Dennis,Bournemouth,4,0,0,0,0,0,0,0,0.0,0.0,0.0,0.0,0,0,0,0,0,0.00,0.00,0.00,0.00
68,Will Dennis,Bournemouth,5,0,0,0,0,0,0,0,0.0,0.0,0.0,0.0,0,0,0,0,0,0.00,0.00,0.00,0.00
68,Will Dennis,Bournemouth,6,0,0,0,0,0,0,0,0.0,0.0,0.0,0.0,0,0,0,0,0,0.00,0.00,0.00,0.00
68,Will Dennis,Bournemouth,7,0,0,0,0,0,0,0,0.0,0.0,0.0,0.0,0,0,0,0,0,0.00,0.00,0.00,0.00
68,Will Dennis,Bournemouth,8,0,0,0,0,0,0,0,0.0,0.0,0.0,0.0,0,0,0,0,0,0.00,0.00,0.00,0.00
68,Will Dennis,Bournemouth,9,0,0,0,0,0,0,0,0.0,0.0,0.0,0.0,0,0,0,0,0,0.00,0.00,0.00,0.00
69,Callan McKenna,Bournemouth,1,0,0,0,0,0,0,0,0.0,0.0,0.0,0.0,0,0,0,0,0,0.00,0.00,0.00,0.00
69,Callan McKenna,Bournemouth,2,0,0,0,0,0,0,0,0.0,0.0,0.0,0.0,0,0,0,0,0,0.00,0.00,0.00,0.00
69,Callan McKenna,Bournemouth,3,0,0,0,0,0,0,0,0.0,0.0,0.0,0.0,0,0,0,0,0,0.00,0.00,0.00,0.00
69,Callan McKenna,Bournemouth,4,0,0,0,0,0,0,0,0.0,0.0,0.0,0.0,0,0,0,0,0,0.00,0.00,0.00,0.00
69,Callan McKenna,Bournemouth,5,0,0,0,0,0,0,0,0.0,0.0,0.0,0.0,0,0,0,0,0,0.00,0.00,0.00,0.00
69,Callan McKenna,Bournemouth,6,0,0,0,0,0,0,0,0.0,0.0,0.0,0.0,0,0,0,0,0,0.00,0.00,0.00,0.00
69,Callan McKenna,Bournemouth,7,0,0,0,0,0,0,0,0.0,0.0,0.0,0.0,0,0,0,0,0,0.00,0.00,0.00,0.00
69,Callan McKenna,Bournemouth,8,0,0,0,0,0,0,0,0.0,0.0,0.0,0.0,0,0,0,0,0,0.00,0.00,0.00,0.00
69,Callan McKenna,Bournemouth,9,0,0,0,0,0,0,0,0.0,0.0,0.0,0.0,0,0,0,0,0,0.00,0.00,0.00,0.00
70,Alex Paulsen,Bournemouth,1,0,0,0,0,0,0,0,0.0,0.0,0.0,0.0,0,0,0,0,0,0.00,0.00,0.00,0.00
70,Alex Paulsen,Bournemouth,2,0,0,0,0,0,0,0,0.0,0.0,0.0,0.0,0,0,0,0,0,0.00,0.00,0.00,0.00
70,Alex Paulsen,Bournemouth,3,0,0,0,0,0,0,0,0.0,0.0,0.0,0.0,0,0,0,0,0,0.00,0.00,0.00,0.00
70,Alex Paulsen,Bournemouth,4,0,0,0,0,0,0,0,0.0,0.0,0.0,0.0,0,0,0,0,0,0.00,0.00,0.00,0.00
70,Alex Paulsen,Bournemouth,5,0,0,0,0,0,0,0,0.0,0.0,0.0,0.0,0,0,0,0,0,0.00,0.00,0.00,0.00
70,Alex Paulsen,Bournemouth,6,0,0,0,0,0,0,0,0.0,0.0,0.0,0.0,0,0,0,0,0,0.00,0.00,0.00,0.00
70,Alex Paulsen,Bournemouth,7,0,0,0,0,0,0,0,0.0,0.0,0.0,0.0,0,0,0,0,0,0.00,0.00,0.00,0.00
70,Alex Paulsen,Bournemouth,8,0,0,0,0,0,0,0,0.0,0.0,0.0,0.0,0,0,0,0,0,0.00,0.00,0.00,0.00
70,Alex Paulsen,Bournemouth,9,0,0,0,0,0,0,0,0.0,0.0,0.0,0.0,0,0,0,0,0,0.00,0.00,0.00,0.00
71,Illia Zabarnyi,Bournemouth,1,0,0,0,0,0,0,0,0.0,0.0,0.0,0.0,0,0,0,0,0,0.00,0.00,0.00,0.00
71,Illia Zabarnyi,Bournemouth,2,0,0,0,0,0,0,0,0.0,0.0,0.0,0.0,0,0,0,0,0,0.00,0.00,0.00,0.00
71,Illia Zabarnyi,Bournemouth,3,0,0,0,0,0,0,0,0.0,0.0,0.0,0.0,0,0,0,0,0,0.00,0.00,0.00,0.00
71,Illia Zabarnyi,Bournemouth,4,0,0,0,0,0,0,0,0.0,0.0,0.0,0.0,0,0,0,0,0,0.00,0.00,0.00,0.00
71,Illia Zabarnyi,Bournemouth,5,0,0,0,0,0,0,0,0.0,0.0,0.0,0.0,0,0,0,0,0,0.00,0.00,0.00,0.00
71,Illia Zabarnyi,Bournemouth,6,0,0,0,0,0,0,0,0.0,0.0,0.0,0.0,0,0,0,0,0,0.00,0.00,0.00,0.00
71,Illia Zabarnyi,Bournemouth,7,0,0,0,0,0,0,0,0.0,0.0,0.0,0.0,0,0,0,0,0,0.00,0.00,0.00,0.00
71,Illia Zabarnyi,Bournemouth,8,0,0,0,0,0,0,0,0.0,0.0,0.0,0.0,0,0,0,0,0,0.00,0.00,0.00,0.00
71,Illia Zabarnyi,Bournemouth,9,0,0,0,0,0,0,0,0.0,0.0,0.0,0.0,0,0,0,0,0,0.00,0.00,0.00,0.00
72,Marcos Senesi Barón,Bournemouth,1,2,90,0,0,0,0,0,26.6,14.6,2.0,4.3,12,2,3,15,1,0.00,0.05,0.05,2.21
72,Marcos Senesi Barón,Bournemouth,2,9,90,0,0,1,0,0,25.0,0.9,2.0,2.8,13,4,1,14,1,0.00,0.01,0.01,0.46
72,Marcos Senesi Barón,Bournemouth,3,14,90,0,1,1,0,0,37.4,10.7,6.0,5.4,12,6,2,14,1,0.14,0.03,0.17,0.19
72,Marcos Senesi Barón,Bournemouth,4,3,90,0,0,0,1,0,30.0,4.7,2.0,3.7,9,6,3,12,1,0.00,0.03,0.03,0.62
72,Marcos Senesi Barón,Bournemouth,5,9,90,0,0,1,0,0,25.8,11.9,2.0,4.0,11,3,0,11,1,0.00,0.03,0.03,0.14
72,Marcos Senesi Barón,Bournemouth,6,7,90,0,1,0,0,0,57.8,16.9,4.0,7.9,12,3,3,15,1,0.00,0.22,0.22,1.84
72,Marcos Senesi Barón,Bournemouth,7,2,77,0,0,0,0,0,23.2,8.1,2.0,3.3,7,2,0,7,1,0.00,0.72,0.72,0.60
72,Marcos Senesi Barón,Bournemouth,8,2,90,0,0,0,1,0,45.2,0.3,9.0,5.5,18,4,2,20,1,0.02,0.01,0.03,4.44
72,Marcos Senesi Barón,Bournemouth,9,5,90,0,0,1,1,0,17.4,1.0,0.0,1.8,5,3,0,5,1,0.00,0.02,0.02,0.35
73,Adam Smith,Bournemouth,1,1,89,0,0,0,0,0,12.2,10.5,4.0,2.7,8,2,1,9,1,0.00,0.08,0.08,2.10
73,Adam Smith,Bournemouth,2,6,90,0,0,1,0,0,5.6,3.4,0.0,0.9,2,1,0,2,1,0.00,0.01,0.01,0.46
73,Adam Smith,Bournemouth,3,1,25,0,0,0,0,0,0.0,0.1,0.0,0.0,0,0,0,0,1,0.00,0.00,0.00,0.00
73,Adam Smith,Bournemouth,4,0,0,0,0,0,0,0,0.0,0.0,0.0,0.0,0,0,0,0,0,0.00,0.00,0.00,0.00
73,Adam Smith,Bournemouth,5,0,0,0,0,0,0,0,0.0,0.0,0.0,0.0,0,0,0,0,0,0.00,0.00,0.00,0.00
73,Adam Smith,Bournemouth,6,0,0,0,0,0,0,0,0.0,0.0,0.0,0.0,0,0,0,0,0,0.00,0.00,0.00,0.00
73,Adam Smith,Bournemouth,7,0,0,0,0,0,0,0,0.0,0.0,0.0,0.0,0,0,0,0,0,0.00,0.00,0.00,0.00
73,Adam Smith,Bournemouth,8,0,0,0,0,0,0,0,0.0,0.0,0.0,0.0,0,0,0,0,0,0.00,0.00,0.00,0.00
73,Adam Smith,Bournemouth,9,0,0,0,0,0,0,0,0.0,0.0,0.0,0.0,0,0,0,0,0,0.00,0.00,0.00,0.00
74,Adrien Truffert,Bournemouth,1,0,90,0,0,0,0,0,18.2,19.1,0.0,3.7,4,4,2,6,1,0.00,0.13,0.13,2.21
74,Adrien Truffert,Bournemouth,2,6,90,0,0,1,0,0,18.0,18.9,6.0,4.3,4,4,0,4,1,0.00,0.04,0.04,0.46
74,Adrien Truffert,Bournemouth,3,7,90,0,0,1,0,0,19.8,19.4,1.0,4.0,4,0,5,9,1,0.01,0.10,0.11,0.19
74,Adrien Truffert,Bournemouth,4,2,90,0,0,0,0,0,15.4,29.7,0.0,4.5,3,3,1,4,1,0.00,0.10,0.10,0.62
74,Adrien Truffert,Bournemouth,5,9,90,0,0,1,0,0,11.4,4.9,2.0,1.8,5,10,0,5,1,0.00,0.01,0.01,0.14
74,Adrien Truffert,Bournemouth,6,3,90,0,0,0,0,0,29.0,5.0,2.0,3.6,8,7,5,13,1,0.00,0.02,0.02,1.84
74,Adrien Truffert,Bournemouth,7,5,90,0,1,0,0,0,32.8,20.2,4.0,5.7,4,6,1,5,1,0.03,0.04,0.07,0.88
74,Adrien Truffert,Bournemouth,8,1,90,0,0,0,0,0,11.4,4.1,2.0,1.8,4,2,0,4,1,0.00,0.01,0.01,4.44
74,Adrien Truffert,Bournemouth,9,10,90,0,0,1,0,0,18.8,10.3,3.0,3.2,8,8,3,11,1,0.02,0.05,0.07,0.35
75,Matai Akinmboni,Bournemouth,1,0,0,0,0,0,0,0,0.0,0.0,0.0,0.0,0,0,0,0,0,0.00,0.00,0.00,0.00
75,Matai Akinmboni,Bournemouth,2,0,0,0,0,0,0,0,0.0,0.0,0.0,0.0,0,0,0,0,0,0.00,0.00,0.00,0.00
75,Matai Akinmboni,Bournemouth,3,0,0,0,0,0,0,0,0.0,0.0,0.0,0.0,0,0,0,0,0,0.00,0.00,0.00,0.00
75,Matai Akinmboni,Bournemouth,4,0,0,0,0,0,0,0,0.0,0.0,0.0,0.0,0,0,0,0,0,0.00,0.00,0.00,0.00
75,Matai Akinmboni,Bournemouth,5,0,0,0,0,0,0,0,0.0,0.0,0.0,0.0,0,0,0,0,0,0.00,0.00,0.00,0.00
75,Matai Akinmboni,Bournemouth,6,0,0,0,0,0,0,0,0.0,0.0,0.0,0.0,0,0,0,0,0,0.00,0.00,0.00,0.00
75,Matai Akinmboni,Bournemouth,7,0,0,0,0,0,0,0,0.0,0.0,0.0,0.0,0,0,0,0,0,0.00,0.00,0.00,0.00
75,Matai Akinmboni,Bournemouth,8,0,0,0,0,0,0,0,0.0,0.0,0.0,0.0,0,0,0,0,0,0.00,0.00,0.00,0.00
75,Matai Akinmboni,Bournemouth,9,0,0,0,0,0,0,0,0.0,0.0,0.0,0.0,0,0,0,0,0,0.00,0.00,0.00,0.00
76,Owen Bevan,Bournemouth,1,0,0,0,0,0,0,0,0.0,0.0,0.0,0.0,0,0,0,0,0,0.00,0.00,0.00,0.00
76,Owen Bevan,Bournemouth,2,0,0,0,0,0,0,0,0.0,0.0,0.0,0.0,0,0,0,0,0,0.00,0.00,0.00,0.00
76,Owen Bevan,Bournemouth,3,0,0,0,0,0,0,0,0.0,0.0,0.0,0.0,0,0,0,0,0,0.00,0.00,0.00,0.00
76,Owen Bevan,Bournemouth,4,0,0,0,0,0,0,0,0.0,0.0,0.0,0.0,0,0,0,0,0,0.00,0.00,0.00,0.00
76,Owen Bevan,Bournemouth,5,0,0,0,0,0,0,0,0.0,0.0,0.0,0.0,0,0,0,0,0,0.00,0.00,0.00,0.00
76,Owen Bevan,Bournemouth,6,0,0,0,0,0,0,0,0.0,0.0,0.0,0.0,0,0,0,0,0,0.00,0.00,0.00,0.00
76,Owen Bevan,Bournemouth,7,0,0,0,0,0,0,0,0.0,0.0,0.0,0.0,0,0,0,0,0,0.00,0.00,0.00,0.00
76,Owen Bevan,Bournemouth,8,0,0,0,0,0,0,0,0.0,0.0,0.0,0.0,0,0,0,0,0,0.00,0.00,0.00,0.00
76,Owen Bevan,Bournemouth,9,0,0,0,0,0,0,0,0.0,0.0,0.0,0.0,0,0,0,0,0,0.00,0.00,0.00,0.00
77,James Hill,Bournemouth,1,1,1,0,0,0,0,0,3.0,0.1,0.0,0.3,2,0,0,2,0,0.00,0.00,0.00,0.11
77,James Hill,Bournemouth,2,1,2,0,0,0,0,0,0.4,0.2,0.0,0.1,0,0,0,0,0,0.00,0.00,0.00,0.06
77,James Hill,Bournemouth,3,5,64,0,0,1,1,0,7.6,0.7,4.0,1.2,5,4,0,5,0,0.00,0.00,0.00,0.19
77,James Hill,Bournemouth,4,2,86,0,0,0,0,0,8.2,1.3,33.0,4.3,2,1,1,3,1,0.12,0.03,0.15,0.62
77,James Hill,Bournemouth,5,1,45,0,0,0,0,0,5.0,0.7,4.0,1.0,4,0,0,4,0,0.00,0.00,0.00,0.00
77,James Hill,Bournemouth,6,0,0,0,0,0,0,0,0.0,0.0,0.0,0.0,0,0,0,0,0,0.00,0.00,0.00,0.00
77,James Hill,Bournemouth,7,6,60,0,0,1,0,0,9.6,2.3,0.0,1.2,1,3,2,3,1,0.00,0.16,0.16,0.20
77,James Hill,Bournemouth,8,1,15,0,0,0,0,0,10.2,0.0,0.0,1.0,6,1,1,7,0,0.00,0.00,0.00,1.95
77,James Hill,Bournemouth,9,0,0,0,0,0,0,0,0.0,0.0,0.0,0.0,0,0,0,0,0,0.00,0.00,0.00,0.00
78,Julián Araujo Zúñiga,Bournemouth,1,0,0,0,0,0,0,0,0.0,0.0,0.0,0.0,0,0,0,0,0,0.00,0.00,0.00,0.00
78,Julián Araujo Zúñiga,Bournemouth,2,0,0,0,0,0,0,0,0.0,0.0,0.0,0.0,0,0,0,0,0,0.00,0.00,0.00,0.00
78,Julián Araujo Zúñiga,Bournemouth,3,0,0,0,0,0,0,0,0.0,0.0,0.0,0.0,0,0,0,0,0,0.00,0.00,0.00,0.00
78,Julián Araujo Zúñiga,Bournemouth,4,0,0,0,0,0,0,0,0.0,0.0,0.0,0.0,0,0,0,0,0,0.00,0.00,0.00,0.00
78,Julián Araujo Zúñiga,Bournemouth,5,0,0,0,0,0,0,0,0.0,0.0,0.0,0.0,0,0,0,0,0,0.00,0.00,0.00,0.00
78,Julián Araujo Zúñiga,Bournemouth,6,0,0,0,0,0,0,0,0.0,0.0,0.0,0.0,0,0,0,0,0,0.00,0.00,0.00,0.00
78,Julián Araujo Zúñiga,Bournemouth,7,0,0,0,0,0,0,0,0.0,0.0,0.0,0.0,0,0,0,0,0,0.00,0.00,0.00,0.00
78,Julián Araujo Zúñiga,Bournemouth,8,0,0,0,0,0,0,0,0.0,0.0,0.0,0.0,0,0,0,0,0,0.00,0.00,0.00,0.00
78,Julián Araujo Zúñiga,Bournemouth,9,0,0,0,0,0,0,0,0.0,0.0,0.0,0.0,0,0,0,0,0,0.00,0.00,0.00,0.00
79,Chris Mepham,Bournemouth,1,0,0,0,0,0,0,0,0.0,0.0,0.0,0.0,0,0,0,0,0,0.00,0.00,0.00,0.00
79,Chris Mepham,Bournemouth,2,0,0,0,0,0,0,0,0.0,0.0,0.0,0.0,0,0,0,0,0,0.00,0.00,0.00,0.00
79,Chris Mepham,Bournemouth,3,0,0,0,0,0,0,0,0.0,0.0,0.0,0.0,0,0,0,0,0,0.00,0.00,0.00,0.00
79,Chris Mepham,Bournemouth,4,0,0,0,0,0,0,0,0.0,0.0,0.0,0.0,0,0,0,0,0,0.00,0.00,0.00,0.00
79,Chris Mepham,Bournemouth,5,0,0,0,0,0,0,0,0.0,0.0,0.0,0.0,0,0,0,0,0,0.00,0.00,0.00,0.00
79,Chris Mepham,Bournemouth,6,0,0,0,0,0,0,0,0.0,0.0,0.0,0.0,0,0,0,0,0,0.00,0.00,0.00,0.00
79,Chris Mepham,Bournemouth,7,0,0,0,0,0,0,0,0.0,0.0,0.0,0.0,0,0,0,0,0,0.00,0.00,0.00,0.00
79,Chris Mepham,Bournemouth,8,0,0,0,0,0,0,0,0.0,0.0,0.0,0.0,0,0,0,0,0,0.00,0.00,0.00,0.00
79,Chris Mepham,Bournemouth,9,0,0,0,0,0,0,0,0.0,0.0,0.0,0.0,0,0,0,0,0,0.00,0.00,0.00,0.00
80,Julio Soler Barreto,Bournemouth,1,0,0,0,0,0,0,0,0.0,0.0,0.0,0.0,0,0,0,0,0,0.00,0.00,0.00,0.00
80,Julio Soler Barreto,Bournemouth,2,0,0,0,0,0,0,0,0.0,0.0,0.0,0.0,0,0,0,0,0,0.00,0.00,0.00,0.00
80,Julio Soler Barreto,Bournemouth,3,0,0,0,0,0,0,0,0.0,0.0,0.0,0.0,0,0,0,0,0,0.00,0.00,0.00,0.00
80,Julio Soler Barreto,Bournemouth,4,1,1,0,0,0,0,0,0.0,0.0,0.0,0.0,0,0,0,0,0,0.00,0.00,0.00,0.00
80,Julio Soler Barreto,Bournemouth,5,0,0,0,0,0,0,0,0.0,0.0,0.0,0.0,0,0,0,0,0,0.00,0.00,0.00,0.00
80,Julio Soler Barreto,Bournemouth,6,0,0,0,0,0,0,0,0.0,0.0,0.0,0.0,0,0,0,0,0,0.00,0.00,0.00,0.00
80,Julio Soler Barreto,Bournemouth,7,0,0,0,0,0,0,0,0.0,0.0,0.0,0.0,0,0,0,0,0,0.00,0.00,0.00,0.00
80,Julio Soler Barreto,Bournemouth,8,0,0,0,0,0,0,0,0.0,0.0,0.0,0.0,0,0,0,0,0,0.00,0.00,0.00,0.00
80,Julio Soler Barreto,Bournemouth,9,0,0,0,0,0,0,0,0.0,0.0,0.0,0.0,0,0,0,0,0,0.00,0.00,0.00,0.00
81,Justin Kluivert,Bournemouth,1,0,0,0,0,0,0,0,0.0,0.0,0.0,0.0,0,0,0,0,0,0.00,0.00,0.00,0.00
81,Justin Kluivert,Bournemouth,2,1,12,0,0,0,0,0,0.0,11.3,7.0,1.8,0,0,0,0,0,0.11,0.01,0.12,0.06
81,Justin Kluivert,Bournemouth,3,1,9,0,0,0,0,0,0.8,3.3,2.0,0.6,0,1,0,1,0,0.00,0.00,0.00,0.07
81,Justin Kluivert,Bournemouth,4,1,23,0,0,0,0,0,6.6,14.4,8.0,2.9,1,2,0,3,0,0.09,0.32,0.41,0.05
81,Justin Kluivert,Bournemouth,5,1,27,0,0,0,0,0,5.4,3.8,7.0,1.6,1,1,0,2,0,0.11,0.00,0.11,0.00
81,Justin Kluivert,Bournemouth,6,1,59,0,0,0,0,0,4.6,16.5,2.0,2.3,0,1,0,1,1,0.00,0.05,0.05,1.36
81,Justin Kluivert,Bournemouth,7,7,29,1,0,0,0,0,39.6,13.3,11.0,6.4,0,2,2,4,0,0.02,0.01,0.03,0.69
81,Justin Kluivert,Bournemouth,8,2,75,0,0,0,0,0,5.0,22.8,2.0,3.0,1,0,2,3,1,0.00,0.23,0.23,2.49
81,Justin Kluivert,Bournemouth,9,2,68,0,0,1,1,0,2.4,13.1,7.0,2.3,1,6,0,7,1,0.09,0.06,0.15,0.14
82,Antoine Semenyo,Bournemouth,1,15,90,2,0,0,0,0,66.4,1.3,32.0,10.0,1,3,1,5,1,0.91,0.02,0.93,2.21
82,Antoine Semenyo,Bournemouth,2,6,90,0,1,1,0,0,20.2,36.0,45.0,10.1,0,5,0,5,1,0.68,0.07,0.75,0.46
82,Antoine Semenyo,Bournemouth,3,2,90,0,0,1,1,0,11.6,23.4,30.0,6.5,0,8,2,10,1,0.21,0.06,0.27,0.19
82,Antoine Semenyo,Bournemouth,4,13,90,1,1,0,0,0,63.2,24.7,29.0,11.7,3,2,3,8,1,0.87,0.06,0.93,0.62
82,Antoine Semenyo,Bournemouth,5,5,90,0,0,1,0,0,8.8,13.9,4.0,2.7,1,10,3,14,1,0.11,0.05,0.16,0.14
82,Antoine Semenyo,Bournemouth,6,7,90,1,0,0,0,0,42.4,16.6,9.0,6.8,1,4,2,7,1,0.21,0.05,0.26,1.84
82,Antoine Semenyo,Bournemouth,7,18,90,2,1,0,0,0,92.4,16.5,63.0,17.2,1,7,1,9,1,0.66,0.06,0.72,0.88
82,Antoine Semenyo,Bournemouth,8,4,90,0,1,0,1,0,6.6,3.0,27.0,3.7,1,3,1,5,1,0.13,0.03,0.16,4.44
82,Antoine Semenyo,Bournemouth,9,3,90,0,0,1,0,0,8.4,13.1,17.0,3.9,0,7,1,8,1,0.03,0.04,0.07,0.35
84,Marcus Tavernier,Bournemouth,1,4,90,0,0,0,0,0,24.6,14.1,33.0,7.2,7,10,3,20,1,0.32,0.06,0.38,2.21
84,Marcus Tavernier,Bournemouth,2,11,77,1,0,1,0,0,42.8,4.5,28.0,7.5,2,2,0,4,1,0.19,0.21,0.40,0.41
84,Marcus Tavernier,Bournemouth,3,3,80,0,0,1,0,0,4.4,17.3,19.0,4.1,0,2,3,5,1,0.31,0.05,0.36,0.12
84,Marcus Tavernier,Bournemouth,4,2,85,0,0,0,0,0,1.8,14.9,7.0,2.4,1,7,0,8,1,0.04,0.11,0.15,0.62
84,Marcus Tavernier,Bournemouth,5,3,74,0,0,1,0,0,11.4,13.1,6.0,3.1,3,3,1,7,1,0.06,0.03,0.09,0.14
84,Marcus Tavernier,Bournemouth,6,1,30,0,0,0,0,0,4.0,12.2,4.0,2.0,0,3,1,4,0,0.00,0.02,0.02,0.48
84,Marcus Tavernier,Bournemouth,7,3,60,0,0,1,0,0,5.0,31.1,8.0,4.4,1,4,0,5,1,0.00,0.05,0.05,0.20
84,Marcus Tavernier,Bournemouth,8,5,90,0,1,0,0,0,26.6,26.2,2.0,5.5,1,4,4,9,1,0.00,0.61,0.61,2.99
84,Marcus Tavernier,Bournemouth,9,11,90,1,0,1,0,0,39.6,35.9,26.0,10.2,0,1,0,1,1,0.09,0.08,0.17,0.35
85,Tyler Adams,Bournemouth,1,4,90,0,0,0,0,0,21.6,1.7,4.0,2.7,8,6,5,19,1,0.00,0.10,0.10,2.10
85,Tyler Adams,Bournemouth,2,2,87,0,0,1,1,0,20.2,5.3,7.0,3.3,4,3,2,9,1,0.03,0.01,0.04,0.41
85,Tyler Adams,Bournemouth,3,4,90,0,0,1,1,0,11.2,1.8,17.0,3.0,3,7,2,12,1,0.03,0.01,0.04,0.19
85,Tyler Adams,Bournemouth,4,1,90,0,0,0,1,0,11.4,13.3,0.0,2.5,4,5,2,11,1,0.00,0.01,0.01,0.62
85,Tyler Adams,Bournemouth,5,3,90,0,0,1,0,0,16.2,4.0,17.0,3.7,4,4,3,11,1,0.04,0.01,0.05,0.14
85,Tyler Adams,Bournemouth,6,2,80,0,0,0,0,0,13.2,3.3,2.0,1.9,1,5,4,10,1,0.04,0.02,0.06,1.77
85,Tyler Adams,Bournemouth,7,2,77,0,0,0,0,0,12.4,4.7,7.0,2.4,4,6,0,10,1,0.02,0.02,0.04,0.60
85,Tyler Adams,Bournemouth,8,3,90,0,0,0,1,0,18.8,3.4,1.0,2.3,6,6,5,17,1,0.01,0.01,0.02,4.44
85,Tyler Adams,Bournemouth,9,6,90,0,1,1,0,0,28.0,11.8,0.0,4.0,2,6,3,11,1,0.00,0.01,0.01,0.35
86,David Brooks,Bournemouth,1,4,83,0,1,0,1,0,27.2,40.3,18.0,8.6,0,5,2,7,1,0.19,0.19,0.38,1.90
86,David Brooks,Bournemouth,2,3,66,0,0,1,0,0,8.2,24.2,15.0,4.7,2,2,0,4,1,0.17,0.67,0.84,0.41
86,David Brooks,Bournemouth,3,4,63,0,0,1,0,0,18.6,25.1,37.0,8.1,0,1,4,5,1,0.34,0.32,0.66,0.01
86,David Brooks,Bournemouth,4,1,66,0,0,0,1,0,0.0,2.9,8.0,0.6,0,6,0,6,1,0.09,0.02,0.11,0.57
86,David Brooks,Bournemouth,5,3,62,0,0,1,0,0,3.8,14.8,4.0,2.3,2,4,0,6,1,0.00,0.04,0.04,0.14
86,David Brooks,Bournemouth,6,1,30,0,0,0,0,0,4.8,6.8,18.0,3.0,1,2,0,3,0,0.09,0.06,0.15,0.48
86,David Brooks,Bournemouth,7,2,84,0,0,0,0,0,4.2,7.0,4.0,1.5,1,2,0,3,1,0.00,0.02,0.02,0.64
86,David Brooks,Bournemouth,8,0,0,0,0,0,0,0,0.0,0.0,0.0,0.0,0,0,0,0,0,0.00,0.00,0.00,0.00
86,David Brooks,Bournemouth,9,0,21,0,0,0,1,0,0.0,0.8,7.0,0.6,1,1,0,2,0,0.08,0.09,0.17,0.21
87,Ryan Christie,Bournemouth,1,0,0,0,0,0,0,0,0.0,0.0,0.0,0.0,0,0,0,0,0,0.00,0.00,0.00,0.00
87,Ryan Christie,Bournemouth,2,1,24,0,0,0,0,0,4.4,13.1,5.0,2.3,1,1,0,2,0,0.06,0.02,0.08,0.06
87,Ryan Christie,Bournemouth,3,1,27,0,0,0,0,0,10.4,0.3,2.0,1.3,2,3,4,9,0,0.00,0.00,0.00,0.18
87,Ryan Christie,Bournemouth,4,0,0,0,0,0,0,0,0.0,0.0,0.0,0.0,0,0,0,0,0,0.00,0.00,0.00,0.00
87,Ryan Christie,Bournemouth,5,1,27,0,0,0,0,0,3.2,5.5,4.0,1.3,2,3,0,5,0,0.01,0.02,0.03,0.00
87,Ryan Christie,Bournemouth,6,4,59,0,1,0,0,0,0.0,4.4,5.0,0.9,2,2,1,5,1,0.08,0.02,0.10,1.36
87,Ryan Christie,Bournemouth,7,1,12,0,0,0,0,0,4.2,4.6,0.0,0.9,0,1,1,2,0,0.00,0.00,0.00,0.28
87,Ryan Christie,Bournemouth,8,5,23,1,0,0,1,0,38.2,0.1,35.0,7.3,3,2,0,5,0,0.63,0.00,0.63,2.68
87,Ryan Christie,Bournemouth,9,1,10,0,0,0,0,0,0.2,0.2,2.0,0.2,0,0,0,0,0,0.00,0.00,0.00,0.02
88,Lewis Cook,Bournemouth,1,0,0,0,0,0,0,0,0.0,0.0,0.0,0.0,0,0,0,0,0,0.00,0.00,0.00,0.00
88,Lewis Cook,Bournemouth,2,0,0,0,0,0,0,0,0.0,0.0,0.0,0.0,0,0,0,0,0,0.00,0.00,0.00,0.00
88,Lewis Cook,Bournemouth,3,0,0,0,0,0,0,0,0.0,0.0,0.0,0.0,0,0,0,0,0,0.00,0.00,0.00,0.00
88,Lewis Cook,Bournemouth,4,1,4,0,0,0,0,0,2.0,0.1,0.0,0.2,1,0,0,1,0,0.00,0.00,0.00,0.00
88,Lewis Cook,Bournemouth,5,0,0,0,0,0,0,0,0.0,0.0,0.0,0.0,0,0,0,0,0,0.00,0.00,0.00,0.00
88,Lewis Cook,Bournemouth,6,0,0,0,0,0,0,0,0.0,0.0,0.0,0.0,0,0,0,0,0,0.00,0.00,0.00,0.00
88,Lewis Cook,Bournemouth,7,0,0,0,0,0,0,0,0.0,0.0,0.0,0.0,0,0,0,0,0,0.00,0.00,0.00,0.00
88,Lewis Cook,Bournemouth,8,1,1,0,0,0,0,0,3.2,0.3,0.0,0.4,1,0,1,2,0,0.00,0.00,0.00,1.46
88,Lewis Cook,Bournemouth,9,1,1,0,0,0,0,0,0.0,0.0,0.0,0.0,0,1,0,1,0,0.00,0.00,0.00,0.00
89,Philip Billing,Bournemouth,1,0,0,0,0,0,0,0,0.0,0.0,0.0,0.0,0,0,0,0,0,0.00,0.00,0.00,0.00
89,Philip Billing,Bournemouth,2,0,0,0,0,0,0,0,0.0,0.0,0.0,0.0,0,0,0,0,0,0.00,0.00,0.00,0.00
89,Philip Billing,Bournemouth,3,0,0,0,0,0,0,0,0.0,0.0,0.0,0.0,0,0,0,0,0,0.00,0.00,0.00,0.00
89,Philip Billing,Bournemouth,4,0,0,0,0,0,0,0,0.0,0.0,0.0,0.0,0,0,0,0,0,0.00,0.00,0.00,0.00
89,Philip Billing,Bournemouth,5,0,0,0,0,0,0,0,0.0,0.0,0.0,0.0,0,0,0,0,0,0.00,0.00,0.00,0.00
89,Philip Billing,Bournemouth,6,0,0,0,0,0,0,0,0.0,0.0,0.0,0.0,0,0,0,0,0,0.00,0.00,0.00,0.00
89,Philip Billing,Bournemouth,7,0,0,0,0,0,0,0,0.0,0.0,0.0,0.0,0,0,0,0,0,0.00,0.00,0.00,0.00
89,Philip Billing,Bournemouth,8,0,0,0,0,0,0,0,0.0,0.0,0.0,0.0,0,0,0,0,0,0.00,0.00,0.00,0.00
89,Philip Billing,Bournemouth,9,0,0,0,0,0,0,0,0.0,0.0,0.0,0.0,0,0,0,0,0,0.00,0.00,0.00,0.00
90,Alex Scott,Bournemouth,1,2,73,0,0,0,0,0,2.0,2.1,2.0,0.6,1,2,0,3,1,0.00,0.00,0.00,1.81
90,Alex Scott,Bournemouth,2,2,65,0,0,1,1,0,7.4,13.9,5.0,2.6,2,1,3,6,1,0.05,0.03,0.08,0.41
90,Alex Scott,Bournemouth,3,3,62,0,0,1,0,0,12.2,30.4,5.0,4.8,2,3,2,7,1,0.05,0.13,0.18,0.01
90,Alex Scott,Bournemouth,4,9,66,1,0,0,0,0,47.6,12.8,9.0,6.9,1,3,6,10,1,0.06,0.02,0.08,0.57
90,Alex Scott,Bournemouth,5,3,62,0,0,1,0,0,7.6,8.5,1.0,1.7,3,5,2,10,1,0.06,0.02,0.08,0.14
90,Alex Scott,Bournemouth,6,1,30,0,0,0,0,0,3.8,6.3,0.0,1.0,1,0,0,1,0,0.00,0.03,0.03,0.48
90,Alex Scott,Bournemouth,7,4,90,0,0,0,0,0,13.6,8.3,6.0,2.8,5,10,2,17,1,0.12,0.02,0.14,0.88
90,Alex Scott,Bournemouth,8,2,66,0,0,0,0,0,6.6,11.3,3.0,2.1,2,1,1,4,1,0.05,0.03,0.08,1.76
90,Alex Scott,Bournemouth,9,3,79,0,0,1,0,0,14.4,3.3,12.0,3.0,5,4,2,11,1,0.12,0.04,0.16,0.33
91,Luis Sinisterra Lucumí,Bournemouth,1,0,0,0,0,0,0,0,0.0,0.0,0.0,0.0,0,0,0,0,0,0.00,0.00,0.00,0.00
91,Luis Sinisterra Lucumí,Bournemouth,2,0,0,0,0,0,0,0,0.0,0.0,0.0,0.0,0,0,0,0,0,0.00,0.00,0.00,0.00
91,Luis Sinisterra Lucumí,Bournemouth,3,0,0,0,0,0,0,0,0.0,0.0,0.0,0.0,0,0,0,0,0,0.00,0.00,0.00,0.00
91,Luis Sinisterra Lucumí,Bournemouth,4,0,0,0,0,0,0,0,0.0,0.0,0.0,0.0,0,0,0,0,0,0.00,0.00,0.00,0.00
91,Luis Sinisterra Lucumí,Bournemouth,5,0,0,0,0,0,0,0,0.0,0.0,0.0,0.0,0,0,0,0,0,0.00,0.00,0.00,0.00
91,Luis Sinisterra Lucumí,Bournemouth,6,0,0,0,0,0,0,0,0.0,0.0,0.0,0.0,0,0,0,0,0,0.00,0.00,0.00,0.00
91,Luis Sinisterra Lucumí,Bournemouth,7,0,0,0,0,0,0,0,0.0,0.0,0.0,0.0,0,0,0,0,0,0.00,0.00,0.00,0.00
91,Luis Sinisterra Lucumí,Bournemouth,8,0,0,0,0,0,0,0,0.0,0.0,0.0,0.0,0,0,0,0,0,0.00,0.00,0.00,0.00
91,Luis Sinisterra Lucumí,Bournemouth,9,0,0,0,0,0,0,0,0.0,0.0,0.0,0.0,0,0,0,0,0,0.00,0.00,0.00,0.00
92,Romain Faivre,Bournemouth,1,0,0,0,0,0,0,0,0.0,0.0,0.0,0.0,0,0,0,0,0,0.00,0.00,0.00,0.00
92,Romain Faivre,Bournemouth,2,0,0,0,0,0,0,0,0.0,0.0,0.0,0.0,0,0,0,0,0,0.00,0.00,0.00,0.00
92,Romain Faivre,Bournemouth,3,0,0,0,0,0,0,0,0.0,0.0,0.0,0.0,0,0,0,0,0,0.00,0.00,0.00,0.00
92,Romain Faivre,Bournemouth,4,0,0,0,0,0,0,0,0.0,0.0,0.0,0.0,0,0,0,0,0,0.00,0.00,0.00,0.00
92,Romain Faivre,Bournemouth,5,0,0,0,0,0,0,0,0.0,0.0,0.0,0.0,0,0,0,0,0,0.00,0.00,0.00,0.00
92,Romain Faivre,Bournemouth,6,0,0,0,0,0,0,0,0.0,0.0,0.0,0.0,0,0,0,0,0,0.00,0.00,0.00,0.00
92,Romain Faivre,Bournemouth,7,0,0,0,0,0,0,0,0.0,0.0,0.0,0.0,0,0,0,0,0,0.00,0.00,0.00,0.00
92,Romain Faivre,Bournemouth,8,0,0,0,0,0,0,0,0.0,0.0,0.0,0.0,0,0,0,0,0,0.00,0.00,0.00,0.00
92,Romain Faivre,Bournemouth,9,0,0,0,0,0,0,0,0.0,0.0,0.0,0.0,0,0,0,0,0,0.00,0.00,0.00,0.00
93,Hamed Traorè,Bournemouth,1,4,16,0,1,0,0,0,21.2,10.0,0.0,3.1,1,2,1,4,0,0.00,0.00,0.00,0.40
93,Hamed Traorè,Bournemouth,2,0,0,0,0,0,0,0,0.0,0.0,0.0,0.0,0,0,0,0,0,0.00,0.00,0.00,0.00
93,Hamed Traorè,Bournemouth,3,0,0,0,0,0,0,0,0.0,0.0,0.0,0.0,0,0,0,0,0,0.00,0.00,0.00,0.00
93,Hamed Traorè,Bournemouth,4,0,0,0,0,0,0,0,0.0,0.0,0.0,0.0,0,0,0,0,0,0.00,0.00,0.00,0.00
93,Hamed Traorè,Bournemouth,5,0,0,0,0,0,0,0,0.0,0.0,0.0,0.0,0,0,0,0,0,0.00,0.00,0.00,0.00
93,Hamed Traorè,Bournemouth,6,0,0,0,0,0,0,0,0.0,0.0,0.0,0.0,0,0,0,0,0,0.00,0.00,0.00,0.00
93,Hamed Traorè,Bournemouth,7,0,0,0,0,0,0,0,0.0,0.0,0.0,0.0,0,0,0,0,0,0.00,0.00,0.00,0.00
93,Hamed Traorè,Bournemouth,8,0,0,0,0,0,0,0,0.0,0.0,0.0,0.0,0,0,0,0,0,0.00,0.00,0.00,0.00
93,Hamed Traorè,Bournemouth,9,0,0,0,0,0,0,0,0.0,0.0,0.0,0.0,0,0,0,0,0,0.00,0.00,0.00,0.00
94,Dominic Sadi,Bournemouth,1,0,0,0,0,0,0,0,0.0,0.0,0.0,0.0,0,0,0,0,0,0.00,0.00,0.00,0.00
94,Dominic Sadi,Bournemouth,2,0,0,0,0,0,0,0,0.0,0.0,0.0,0.0,0,0,0,0,0,0.00,0.00,0.00,0.00
94,Dominic Sadi,Bournemouth,3,0,0,0,0,0,0,0,0.0,0.0,0.0,0.0,0,0,0,0,0,0.00,0.00,0.00,0.00
94,Dominic Sadi,Bournemouth,4,0,0,0,0,0,0,0,0.0,0.0,0.0,0.0,0,0,0,0,0,0.00,0.00,0.00,0.00
94,Dominic Sadi,Bournemouth,5,0,0,0,0,0,0,0,0.0,0.0,0.0,0.0,0,0,0,0,0,0.00,0.00,0.00,0.00
94,Dominic Sadi,Bournemouth,6,0,0,0,0,0,0,0,0.0,0.0,0.0,0.0,0,0,0,0,0,0.00,0.00,0.00,0.00
94,Dominic Sadi,Bournemouth,7,0,0,0,0,0,0,0,0.0,0.0,0.0,0.0,0,0,0,0,0,0.00,0.00,0.00,0.00
94,Dominic Sadi,Bournemouth,8,0,0,0,0,0,0,0,0.0,0.0,0.0,0.0,0,0,0,0,0,0.00,0.00,0.00,0.00
94,Dominic Sadi,Bournemouth,9,0,0,0,0,0,0,0,0.0,0.0,0.0,0.0,0,0,0,0,0,0.00,0.00,0.00,0.00
95,Zain Silcott-Duberry,Bournemouth,1,0,0,0,0,0,0,0,0.0,0.0,0.0,0.0,0,0,0,0,0,0.00,0.00,0.00,0.00
95,Zain Silcott-Duberry,Bournemouth,2,0,0,0,0,0,0,0,0.0,0.0,0.0,0.0,0,0,0,0,0,0.00,0.00,0.00,0.00
95,Zain Silcott-Duberry,Bournemouth,3,0,0,0,0,0,0,0,0.0,0.0,0.0,0.0,0,0,0,0,0,0.00,0.00,0.00,0.00
95,Zain Silcott-Duberry,Bournemouth,4,0,0,0,0,0,0,0,0.0,0.0,0.0,0.0,0,0,0,0,0,0.00,0.00,0.00,0.00
95,Zain Silcott-Duberry,Bournemouth,5,0,0,0,0,0,0,0,0.0,0.0,0.0,0.0,0,0,0,0,0,0.00,0.00,0.00,0.00
95,Zain Silcott-Duberry,Bournemouth,6,0,0,0,0,0,0,0,0.0,0.0,0.0,0.0,0,0,0,0,0,0.00,0.00,0.00,0.00
95,Zain Silcott-Duberry,Bournemouth,7,0,0,0,0,0,0,0,0.0,0.0,0.0,0.0,0,0,0,0,0,0.00,0.00,0.00,0.00
95,Zain Silcott-Duberry,Bournemouth,8,0,0,0,0,0,0,0,0.0,0.0,0.0,0.0,0,0,0,0,0,0.00,0.00,0.00,0.00
95,Zain Silcott-Duberry,Bournemouth,9,0,0,0,0,0,0,0,0.0,0.0,0.0,0.0,0,0,0,0,0,0.00,0.00,0.00,0.00
96,Ben Winterburn,Bournemouth,1,1,6,0,0,0,0,0,0.0,0.0,0.0,0.0,0,0,0,0,0,0.00,0.00,0.00,0.31
96,Ben Winterburn,Bournemouth,2,0,0,0,0,0,0,0,0.0,0.0,0.0,0.0,0,0,0,0,0,0.00,0.00,0.00,0.00
96,Ben Winterburn,Bournemouth,3,0,0,0,0,0,0,0,0.0,0.0,0.0,0.0,0,0,0,0,0,0.00,0.00,0.00,0.00
96,Ben Winterburn,Bournemouth,4,0,0,0,0,0,0,0,0.0,0.0,0.0,0.0,0,0,0,0,0,0.00,0.00,0.00,0.00
96,Ben Winterburn,Bournemouth,5,0,0,0,0,0,0,0,0.0,0.0,0.0,0.0,0,0,0,0,0,0.00,0.00,0.00,0.00
96,Ben Winterburn,Bournemouth,6,0,0,0,0,0,0,0,0.0,0.0,0.0,0.0,0,0,0,0,0,0.00,0.00,0.00,0.00
96,Ben Winterburn,Bournemouth,7,0,0,0,0,0,0,0,0.0,0.0,0.0,0.0,0,0,0,0,0,0.00,0.00,0.00,0.00
96,Ben Winterburn,Bournemouth,8,0,0,0,0,0,0,0,0.0,0.0,0.0,0.0,0,0,0,0,0,0.00,0.00,0.00,0.00
96,Ben Winterburn,Bournemouth,9,0,0,0,0,0,0,0,0.0,0.0,0.0,0.0,0,0,0,0,0,0.00,0.00,0.00,0.00
97,Francisco Evanilson de Lima Barbosa,Bournemouth,1,1,90,0,0,0,1,0,0.0,0.6,17.0,1.6,3,2,0,5,1,0.29,0.00,0.29,2.21
97,Francisco Evanilson de Lima Barbosa,Bournemouth,2,2,87,0,0,1,0,0,6.4,45.5,4.0,5.6,0,1,0,1,1,0.00,0.02,0.02,0.41
97,Francisco Evanilson de Lima Barbosa,Bournemouth,3,8,80,1,0,1,0,0,40.6,21.7,63.0,12.5,2,3,0,5,1,0.50,0.06,0.56,0.12
97,Francisco Evanilson de Lima Barbosa,Bournemouth,4,5,90,0,1,0,0,0,3.4,2.2,40.0,4.6,1,6,0,7,1,0.14,0.04,0.18,0.62
97,Francisco Evanilson de Lima Barbosa,Bournemouth,5,2,90,0,0,1,0,0,4.6,11.6,9.0,2.5,0,4,1,5,1,0.10,0.02,0.12,0.14
97,Francisco Evanilson de Lima Barbosa,Bournemouth,6,2,90,0,0,0,0,0,0.8,12.8,8.0,2.2,0,3,0,3,1,0.02,0.12,0.14,1.84
97,Francisco Evanilson de Lima Barbosa,Bournemouth,7,2,90,0,0,0,0,0,3.2,12.8,32.0,4.8,0,4,0,4,1,0.27,0.04,0.31,0.88
97,Francisco Evanilson de Lima Barbosa,Bournemouth,8,0,0,0,0,0,0,0,0.0,0.0,0.0,0.0,0,0,0,0,0,0.00,0.00,0.00,0.00
97,Francisco Evanilson de Lima Barbosa,Bournemouth,9,0,0,0,0,0,0,0,0.0,0.0,0.0,0.0,0,0,0,0,0,0.00,0.00,0.00,0.00
98,Enes Ünal,Bournemouth,1,0,0,0,0,0,0,0,0.0,0.0,0.0,0.0,0,0,0,0,0,0.00,0.00,0.00,0.00
98,Enes Ünal,Bournemouth,2,0,0,0,0,0,0,0,0.0,0.0,0.0,0.0,0,0,0,0,0,0.00,0.00,0.00,0.00
98,Enes Ünal,Bournemouth,3,0,0,0,0,0,0,0,0.0,0.0,0.0,0.0,0,0,0,0,0,0.00,0.00,0.00,0.00
98,Enes Ünal,Bournemouth,4,0,0,0,0,0,0,0,0.0,0.0,0.0,0.0,0,0,0,0,0,0.00,0.00,0.00,0.00
98,Enes Ünal,Bournemouth,5,0,0,0,0,0,0,0,0.0,0.0,0.0,0.0,0,0,0,0,0,0.00,0.00,0.00,0.00
98,Enes Ünal,Bournemouth,6,0,0,0,0,0,0,0,0.0,0.0,0.0,0.0,0,0,0,0,0,0.00,0.00,0.00,0.00
98,Enes Ünal,Bournemouth,7,0,0,0,0,0,0,0,0.0,0.0,0.0,0.0,0,0,0,0,0,0.00,0.00,0.00,0.00
98,Enes Ünal,Bournemouth,8,0,0,0,0,0,0,0,0.0,0.0,0.0,0.0,0,0,0,0,0,0.00,0.00,0.00,0.00
98,Enes Ünal,Bournemouth,9,1,1,0,0,0,0,0,0.0,0.0,0.0,0.0,0,0,0,0,0,0.00,0.00,0.00,0.00
99,Daniel Adu-Adjei,Bournemouth,1,0,0,0,0,0,0,0,0.0,0.0,0.0,0.0,0,0,0,0,0,0.00,0.00,0.00,0.00
99,Daniel Adu-Adjei,Bournemouth,2,0,0,0,0,0,0,0,0.0,0.0,0.0,0.0,0,0,0,0,0,0.00,0.00,0.00,0.00
99,Daniel Adu-Adjei,Bournemouth,3,0,0,0,0,0,0,0,0.0,0.0,0.0,0.0,0,0,0,0,0,0.00,0.00,0.00,0.00
99,Daniel Adu-Adjei,Bournemouth,4,0,0,0,0,0,0,0,0.0,0.0,0.0,0.0,0,0,0,0,0,0.00,0.00,0.00,0.00
99,Daniel Adu-Adjei,Bournemouth,5,0,0,0,0,0,0,0,0.0,0.0,0.0,0.0,0,0,0,0,0,0.00,0.00,0.00,0.00
99,Daniel Adu-Adjei,Bournemouth,6,0,0,0,0,0,0,0,0.0,0.0,0.0,0.0,0,0,0,0,0,0.00,0.00,0.00,0.00
99,Daniel Adu-Adjei,Bournemouth,7,0,0,0,0,0,0,0,0.0,0.0,0.0,0.0,0,0,0,0,0,0.00,0.00,0.00,0.00
99,Daniel Adu-Adjei,Bournemouth,8,0,0,0,0,0,0,0,0.0,0.0,0.0,0.0,0,0,0,0,0,0.00,0.00,0.00,0.00
99,Daniel Adu-Adjei,Bournemouth,9,0,0,0,0,0,0,0,0.0,0.0,0.0,0.0,0,0,0,0,0,0.00,0.00,0.00,0.00
100,Eli Junior Kroupi,Bournemouth,1,1,1,0,0,0,0,0,0.0,0.0,0.0,0.0,0,0,0,0,0,0.00,0.00,0.00,0.11
100,Eli Junior Kroupi,Bournemouth,2,1,2,0,0,0,0,0,0.0,0.0,2.0,0.2,0,0,0,0,0,0.00,0.00,0.00,0.06
100,Eli Junior Kroupi,Bournemouth,3,1,9,0,0,0,0,0,0.0,0.0,0.0,0.0,0,1,0,1,0,0.00,0.00,0.00,0.07
100,Eli Junior Kroupi,Bournemouth,4,0,0,0,0,0,0,0,0.0,0.0,0.0,0.0,0,0,0,0,0,0.00,0.00,0.00,0.00
100,Eli Junior Kroupi,Bournemouth,5,0,0,0,0,0,0,0,0.0,0.0,0.0,0.0,0,0,0,0,0,0.00,0.00,0.00,0.00
100,Eli Junior Kroupi,Bournemouth,6,6,9,1,0,0,1,0,35.0,0.6,38.0,7.4,0,1,0,1,0,0.23,0.00,0.23,0.07
100,Eli Junior Kroupi,Bournemouth,7,0,0,0,0,0,0,0,0.0,0.0,0.0,0.0,0,0,0,0,0,0.00,0.00,0.00,0.00
100,Eli Junior Kroupi,Bournemouth,8,12,74,2,0,0,0,0,70.6,2.6,54.0,12.7,4,3,0,7,1,1.18,0.01,1.19,2.49
100,Eli Junior Kroupi,Bournemouth,9,6,68,1,0,1,0,0,32.4,13.9,17.0,6.3,0,2,0,2,1,0.15,0.06,0.21,0.14
391,Ben Gannon-Doak,Bournemouth,1,0,0,0,0,0,0,0,0.0,0.0,0.0,0.0,0,0,0,0,0,0.00,0.00,0.00,0.00
391,Ben Gannon-Doak,Bournemouth,2,0,0,0,0,0,0,0,0.0,0.0,0.0,0.0,0,0,0,0,0,0.00,0.00,0.00,0.00
391,Ben Gannon-Doak,Bournemouth,3,0,0,0,0,0,0,0,0.0,0.0,0.0,0.0,0,0,0,0,0,0.00,0.00,0.00,0.00
391,Ben Gannon-Doak,Bournemouth,4,0,0,0,0,0,0,0,0.0,0.0,0.0,0.0,0,0,0,0,0,0.00,0.00,0.00,0.00
391,Ben Gannon-Doak,Bournemouth,5,0,0,0,0,0,0,0,0.0,0.0,0.0,0.0,0,0,0,0,0,0.00,0.00,0.00,0.00
391,Ben Gannon-Doak,Bournemouth,6,1,17,0,0,0,0,0,1.0,1.2,5.0,0.7,1,0,0,1,0,0.09,0.01,0.10,0.21
391,Ben Gannon-Doak,Bournemouth,7,4,12,0,1,0,0,0,19.0,11.0,4.0,3.4,0,0,1,1,0,0.00,0.06,0.06,0.28
391,Ben Gannon-Doak,Bournemouth,8,1,14,0,0,0,0,0,0.2,0.3,0.0,0.1,0,0,0,0,0,0.00,0.01,0.01,1.95
391,Ben Gannon-Doak,Bournemouth,9,0,0,0,0,0,0,0,0.0,0.0,0.0,0.0,0,0,0,0,0,0.00,0.00,0.00,0.00
685,Bafodé Diakité,Bournemouth,1,0,90,0,0,0,0,0,14.8,0.2,0.0,1.5,7,8,2,9,1,0.00,0.00,0.00,2.21
685,Bafodé Diakité,Bournemouth,2,10,90,0,0,1,0,0,20.8,0.9,0.0,2.2,7,3,3,10,1,0.00,0.00,0.00,0.46
685,Bafodé Diakité,Bournemouth,3,6,90,0,0,1,0,0,15.4,10.9,2.0,2.8,7,3,0,7,1,0.00,0.01,0.01,0.19
685,Bafodé Diakité,Bournemouth,4,0,0,0,0,0,0,0,0.0,0.0,0.0,0.0,0,0,0,0,0,0.00,0.00,0.00,0.00
685,Bafodé Diakité,Bournemouth,5,5,90,0,0,1,1,0,20.0,11.8,4.0,3.6,5,3,2,7,1,0.00,0.03,0.03,0.14
685,Bafodé Diakité,Bournemouth,6,3,90,0,0,0,0,0,31.4,2.1,0.0,3.4,13,3,1,14,1,0.00,0.02,0.02,1.84
685,Bafodé Diakité,Bournemouth,7,2,90,0,0,0,0,0,23.2,1.4,4.0,2.9,8,4,0,8,1,0.00,0.02,0.02,0.88
685,Bafodé Diakité,Bournemouth,8,3,90,0,0,0,0,0,17.2,10.5,2.0,3.0,10,4,0,10,1,0.00,0.00,0.00,4.44
685,Bafodé Diakité,Bournemouth,9,0,0,0,0,0,0,0,0.0,0.0,0.0,0.0,0,0,0,0,0,0.00,0.00,0.00,0.00
687,Remy Rees-Dottin,Bournemouth,1,0,0,0,0,0,0,0,0.0,0.0,0.0,0.0,0,0,0,0,0,0.00,0.00,0.00,0.00
687,Remy Rees-Dottin,Bournemouth,2,0,0,0,0,0,0,0,0.0,0.0,0.0,0.0,0,0,0,0,0,0.00,0.00,0.00,0.00
687,Remy Rees-Dottin,Bournemouth,3,0,0,0,0,0,0,0,0.0,0.0,0.0,0.0,0,0,0,0,0,0.00,0.00,0.00,0.00
687,Remy Rees-Dottin,Bournemouth,4,0,0,0,0,0,0,0,0.0,0.0,0.0,0.0,0,0,0,0,0,0.00,0.00,0.00,0.00
687,Remy Rees-Dottin,Bournemouth,5,0,0,0,0,0,0,0,0.0,0.0,0.0,0.0,0,0,0,0,0,0.00,0.00,0.00,0.00
687,Remy Rees-Dottin,Bournemouth,6,0,0,0,0,0,0,0,0.0,0.0,0.0,0.0,0,0,0,0,0,0.00,0.00,0.00,0.00
687,Remy Rees-Dottin,Bournemouth,7,0,0,0,0,0,0,0,0.0,0.0,0.0,0.0,0,0,0,0,0,0.00,0.00,0.00,0.00
687,Remy Rees-Dottin,Bournemouth,8,0,0,0,0,0,0,0,0.0,0.0,0.0,0.0,0,0,0,0,0,0.00,0.00,0.00,0.00
687,Remy Rees-Dottin,Bournemouth,9,0,0,0,0,0,0,0,0.0,0.0,0.0,0.0,0,0,0,0,0,0.00,0.00,0.00,0.00
697,Amine Adli,Bournemouth,2,1,24,0,0,0,0,0,10.4,15.0,2.0,2.7,1,2,3,6,0,0.00,0.02,0.02,0.06
697,Amine Adli,Bournemouth,3,1,26,0,0,0,0,0,12.8,10.5,0.0,2.3,2,5,4,11,0,0.00,0.01,0.01,0.18
697,Amine Adli,Bournemouth,4,1,23,0,0,0,0,0,6.6,1.3,7.0,1.5,2,1,0,3,0,0.04,0.00,0.04,0.05
697,Amine Adli,Bournemouth,5,1,15,0,0,0,0,0,2.2,0.3,0.0,0.3,0,3,1,4,0,0.00,0.00,0.00,0.00
697,Amine Adli,Bournemouth,6,1,59,0,0,0,0,0,16.8,23.1,23.0,6.3,2,3,2,7,1,0.06,0.06,0.12,1.36
697,Amine Adli,Bournemouth,7,0,0,0,0,0,0,0,0.0,0.0,0.0,0.0,0,0,0,0,0,0.00,0.00,0.00,0.00
697,Amine Adli,Bournemouth,8,1,15,0,0,0,0,0,4.0,0.1,2.0,0.6,1,1,1,3,0,0.00,0.00,0.00,1.95
697,Amine Adli,Bournemouth,9,1,21,0,0,0,0,0,0.0,0.1,0.0,0.0,0,1,0,1,0,0.00,0.00,0.00,0.21
713,Álex Jiménez Sánchez,Bournemouth,4,0,3,0,0,0,1,0,2.2,0.1,0.0,0.2,1,0,1,2,0,0.00,0.00,0.00,0.00
713,Álex Jiménez Sánchez,Bournemouth,5,0,45,0,0,0,1,0,2.2,1.8,9.0,1.3,1,2,2,3,1,0.05,0.01,0.06,0.14
713,Álex Jiménez Sánchez,Bournemouth,6,0,72,0,0,0,1,0,15.6,12.8,2.0,3.0,1,5,4,5,1,0.00,0.02,0.02,1.62
713,Álex Jiménez Sánchez,Bournemouth,7,1,29,0,0,0,0,0,3.6,0.9,2.0,0.7,1,0,0,1,0,0.00,0.00,0.00,0.69
713,Álex Jiménez Sánchez,Bournemouth,8,1,74,0,0,0,0,0,10.0,4.8,2.0,1.7,4,1,0,4,1,0.00,0.05,0.05,2.49
713,Álex Jiménez Sánchez,Bournemouth,9,6,90,0,0,1,0,0,7.2,12.8,0.0,2.0,2,3,0,2,1,0.00,0.03,0.03,0.35
721,Veljko Milosavljevic,Bournemouth,4,4,90,0,0,0,0,0,23.4,11.3,6.0,4.1,10,3,1,11,1,0.00,0.18,0.18,0.62
721,Veljko Milosavljevic,Bournemouth,5,0,0,0,0,0,0,0,0.0,0.0,0.0,0.0,0,0,0,0,0,0.00,0.00,0.00,0.00
721,Veljko Milosavljevic,Bournemouth,6,0,0,0,0,0,0,0,0.0,0.0,0.0,0.0,0,0,0,0,0,0.00,0.00,0.00,0.00
721,Veljko Milosavljevic,Bournemouth,7,1,5,0,0,0,0,0,0.4,0.0,0.0,0.0,0,0,0,0,0,0.00,0.00,0.00,0.24
721,Veljko Milosavljevic,Bournemouth,8,0,0,0,0,0,0,0,0.0,0.0,0.0,0.0,0,0,0,0,0,0.00,0.00,0.00,0.00
721,Veljko Milosavljevic,Bournemouth,9,6,90,0,0,1,0,0,13.4,0.5,0.0,1.4,4,0,0,4,1,0.00,0.00,0.00,0.35
27,Reiss Nelson,Brentford,1,0,0,0,0,0,0,0,0.0,0.0,0.0,0.0,0,0,0,0,0,0.00,0.00,0.00,0.00
27,Reiss Nelson,Brentford,2,0,0,0,0,0,0,0,0.0,0.0,0.0,0.0,0,0,0,0,0,0.00,0.00,0.00,0.00
27,Reiss Nelson,Brentford,3,0,0,0,0,0,0,0,0.0,0.0,0.0,0.0,0,0,0,0,0,0.00,0.00,0.00,0.00
27,Reiss Nelson,Brentford,4,0,0,0,0,0,0,0,0.0,0.0,0.0,0.0,0,0,0,0,0,0.00,0.00,0.00,0.00
27,Reiss Nelson,Brentford,5,0,0,0,0,0,0,0,0.0,0.0,0.0,0.0,0,0,0,0,0,0.00,0.00,0.00,0.00
27,Reiss Nelson,Brentford,6,0,0,0,0,0,0,0,0.0,0.0,0.0,0.0,0,0,0,0,0,0.00,0.00,0.00,0.00
27,Reiss Nelson,Brentford,7,0,0,0,0,0,0,0,0.0,0.0,0.0,0.0,0,0,0,0,0,0.00,0.00,0.00,0.00
27,Reiss Nelson,Brentford,8,0,0,0,0,0,0,0,0.0,0.0,0.0,0.0,0,0,0,0,0,0.00,0.00,0.00,0.00
27,Reiss Nelson,Brentford,9,0,0,0,0,0,0,0,0.0,0.0,0.0,0.0,0,0,0,0,0,0.00,0.00,0.00,0.00
83,Dango Ouattara,Brentford,1,0,0,0,0,0,0,0,0.0,0.0,0.0,0.0,0,0,0,0,0,0.00,0.00,0.00,0.00
83,Dango Ouattara,Brentford,2,13,83,1,0,1,0,0,50.4,3.7,56.0,11.0,5,6,4,15,1,0.77,0.02,0.79,1.10
83,Dango Ouattara,Brentford,3,2,90,0,0,0,0,0,7.2,0.7,19.0,2.7,4,3,0,7,1,0.08,0.00,0.08,1.54
83,Dango Ouattara,Brentford,4,1,17,0,0,0,0,0,1.0,0.4,4.0,0.5,0,1,0,1,0,0.00,0.00,0.00,0.49
83,Dango Ouattara,Brentford,5,1,25,0,0,0,0,0,0.0,0.3,11.0,0.9,0,0,0,0,0,0.12,0.00,0.12,0.00
83,Dango Ouattara,Brentford,6,2,74,0,0,0,0,0,3.6,11.1,27.0,4.2,2,1,0,3,1,0.42,0.26,0.68,1.02
83,Dango Ouattara,Brentford,7,0,22,0,0,0,1,0,0.0,0.0,2.0,0.0,0,0,0,0,0,0.00,0.00,0.00,0.00
83,Dango Ouattara,Brentford,8,3,75,0,0,1,0,0,8.0,32.7,33.0,7.4,1,6,0,7,1,0.46,0.07,0.53,0.29
83,Dango Ouattara,Brentford,9,11,90,1,1,0,0,0,29.8,3.5,83.0,11.6,3,5,0,8,1,0.67,0.02,0.69,1.92
101,Caoimhín Kelleher,Brentford,1,1,90,0,0,0,0,0,11.8,0.0,0.0,1.2,4,14,0,0,1,0.00,0.00,0.00,1.86
101,Caoimhín Kelleher,Brentford,2,5,90,0,0,1,1,0,10.0,0.0,0.0,1.0,1,7,0,0,1,0.00,0.01,0.01,1.19
101,Caoimhín Kelleher,Brentford,3,1,90,0,0,0,0,0,12.8,0.0,0.0,1.3,0,4,0,0,1,0.00,0.00,0.00,1.54
101,Caoimhín Kelleher,Brentford,4,2,90,0,0,0,0,0,33.0,0.0,0.0,3.3,1,10,1,0,1,0.00,0.00,0.00,1.25
101,Caoimhín Kelleher,Brentford,5,1,90,0,0,0,0,0,17.6,0.0,0.0,1.8,1,7,0,0,1,0.00,0.00,0.00,1.01
101,Caoimhín Kelleher,Brentford,6,8,90,0,0,0,0,0,56.4,10.0,0.0,6.6,1,5,0,0,1,0.00,0.00,0.00,2.08
101,Caoimhín Kelleher,Brentford,7,3,90,0,0,0,0,0,22.6,0.0,0.0,2.3,0,10,0,0,1,0.00,0.00,0.00,0.83
101,Caoimhín Kelleher,Brentford,8,6,90,0,0,1,0,0,8.4,0.0,0.0,0.8,0,5,0,0,1,0.00,0.00,0.00,0.33
101,Caoimhín Kelleher,Brentford,9,2,90,0,0,0,0,0,19.6,0.0,0.0,2.0,0,10,0,0,1,0.00,0.00,0.00,2.30
102,Ellery Balcombe,Brentford,1,0,0,0,0,0,0,0,0.0,0.0,0.0,0.0,0,0,0,0,0,0.00,0.00,0.00,0.00
102,Ellery Balcombe,Brentford,2,0,0,0,0,0,0,0,0.0,0.0,0.0,0.0,0,0,0,0,0,0.00,0.00,0.00,0.00
102,Ellery Balcombe,Brentford,3,0,0,0,0,0,0,0,0.0,0.0,0.0,0.0,0,0,0,0,0,0.00,0.00,0.00,0.00
102,Ellery Balcombe,Brentford,4,0,0,0,0,0,0,0,0.0,0.0,0.0,0.0,0,0,0,0,0,0.00,0.00,0.00,0.00
102,Ellery Balcombe,Brentford,5,0,0,0,0,0,0,0,0.0,0.0,0.0,0.0,0,0,0,0,0,0.00,0.00,0.00,0.00
102,Ellery Balcombe,Brentford,6,0,0,0,0,0,0,0,0.0,0.0,0.0,0.0,0,0,0,0,0,0.00,0.00,0.00,0.00
102,Ellery Balcombe,Brentford,7,0,0,0,0,0,0,0,0.0,0.0,0.0,0.0,0,0,0,0,0,0.00,0.00,0.00,0.00
102,Ellery Balcombe,Brentford,8,0,0,0,0,0,0,0,0.0,0.0,0.0,0.0,0,0,0,0,0,0.00,0.00,0.00,0.00
102,Ellery Balcombe,Brentford,9,0,0,0,0,0,0,0,0.0,0.0,0.0,0.0,0,0,0,0,0,0.00,0.00,0.00,0.00
103,Matthew Cox,Brentford,1,0,0,0,0,0,0,0,0.0,0.0,0.0,0.0,0,0,0,0,0,0.00,0.00,0.00,0.00
103,Matthew Cox,Brentford,2,0,0,0,0,0,0,0,0.0,0.0,0.0,0.0,0,0,0,0,0,0.00,0.00,0.00,0.00
103,Matthew Cox,Brentford,3,0,0,0,0,0,0,0,0.0,0.0,0.0,0.0,0,0,0,0,0,0.00,0.00,0.00,0.00
103,Matthew Cox,Brentford,4,0,0,0,0,0,0,0,0.0,0.0,0.0,0.0,0,0,0,0,0,0.00,0.00,0.00,0.00
103,Matthew Cox,Brentford,5,0,0,0,0,0,0,0,0.0,0.0,0.0,0.0,0,0,0,0,0,0.00,0.00,0.00,0.00
103,Matthew Cox,Brentford,6,0,0,0,0,0,0,0,0.0,0.0,0.0,0.0,0,0,0,0,0,0.00,0.00,0.00,0.00
103,Matthew Cox,Brentford,7,0,0,0,0,0,0,0,0.0,0.0,0.0,0.0,0,0,0,0,0,0.00,0.00,0.00,0.00
103,Matthew Cox,Brentford,8,0,0,0,0,0,0,0,0.0,0.0,0.0,0.0,0,0,0,0,0,0.00,0.00,0.00,0.00
103,Matthew Cox,Brentford,9,0,0,0,0,0,0,0,0.0,0.0,0.0,0.0,0,0,0,0,0,0.00,0.00,0.00,0.00
104,Julian Eyestone,Brentford,1,0,0,0,0,0,0,0,0.0,0.0,0.0,0.0,0,0,0,0,0,0.00,0.00,0.00,0.00
104,Julian Eyestone,Brentford,2,0,0,0,0,0,0,0,0.0,0.0,0.0,0.0,0,0,0,0,0,0.00,0.00,0.00,0.00
104,Julian Eyestone,Brentford,3,0,0,0,0,0,0,0,0.0,0.0,0.0,0.0,0,0,0,0,0,0.00,0.00,0.00,0.00
104,Julian Eyestone,Brentford,4,0,0,0,0,0,0,0,0.0,0.0,0.0,0.0,0,0,0,0,0,0.00,0.00,0.00,0.00
104,Julian Eyestone,Brentford,5,0,0,0,0,0,0,0,0.0,0.0,0.0,0.0,0,0,0,0,0,0.00,0.00,0.00,0.00
104,Julian Eyestone,Brentford,6,0,0,0,0,0,0,0,0.0,0.0,0.0,0.0,0,0,0,0,0,0.00,0.00,0.00,0.00
104,Julian Eyestone,Brentford,7,0,0,0,0,0,0,0,0.0,0.0,0.0,0.0,0,0,0,0,0,0.00,0.00,0.00,0.00
104,Julian Eyestone,Brentford,8,0,0,0,0,0,0,0,0.0,0.0,0.0,0.0,0,0,0,0,0,0.00,0.00,0.00,0.00
104,Julian Eyestone,Brentford,9,0,0,0,0,0,0,0,0.0,0.0,0.0,0.0,0,0,0,0,0,0.00,0.00,0.00,0.00
105,Hákon Rafn Valdimarsson,Brentford,1,0,0,0,0,0,0,0,0.0,0.0,0.0,0.0,0,0,0,0,0,0.00,0.00,0.00,0.00
105,Hákon Rafn Valdimarsson,Brentford,2,0,0,0,0,0,0,0,0.0,0.0,0.0,0.0,0,0,0,0,0,0.00,0.00,0.00,0.00
105,Hákon Rafn Valdimarsson,Brentford,3,0,0,0,0,0,0,0,0.0,0.0,0.0,0.0,0,0,0,0,0,0.00,0.00,0.00,0.00
105,Hákon Rafn Valdimarsson,Brentford,4,0,0,0,0,0,0,0,0.0,0.0,0.0,0.0,0,0,0,0,0,0.00,0.00,0.00,0.00
105,Hákon Rafn Valdimarsson,Brentford,5,0,0,0,0,0,0,0,0.0,0.0,0.0,0.0,0,0,0,0,0,0.00,0.00,0.00,0.00
105,Hákon Rafn Valdimarsson,Brentford,6,0,0,0,0,0,0,0,0.0,0.0,0.0,0.0,0,0,0,0,0,0.00,0.00,0.00,0.00
105,Hákon Rafn Valdimarsson,Brentford,7,0,0,0,0,0,0,0,0.0,0.0,0.0,0.0,0,0,0,0,0,0.00,0.00,0.00,0.00
105,Hákon Rafn Valdimarsson,Brentford,8,0,0,0,0,0,0,0,0.0,0.0,0.0,0.0,0,0,0,0,0,0.00,0.00,0.00,0.00
105,Hákon Rafn Valdimarsson,Brentford,9,0,0,0,0,0,0,0,0.0,0.0,0.0,0.0,0,0,0,0,0,0.00,0.00,0.00,0.00
106,Nathan Collins,Brentford,1,0,90,0,0,0,1,0,9.8,0.2,5.0,1.5,5,5,0,5,1,0.02,0.00,0.02,1.86
106,Nathan Collins,Brentford,2,9,90,0,0,1,0,0,20.8,0.3,6.0,2.7,12,5,1,13,1,0.00,0.01,0.01,1.19
106,Nathan Collins,Brentford,3,3,90,0,0,0,0,0,25.2,0.4,2.0,2.8,10,5,1,11,1,0.00,0.00,0.00,1.54
106,Nathan Collins,Brentford,4,3,90,0,0,0,0,0,24.8,10.4,4.0,3.9,10,1,1,11,1,0.00,0.04,0.04,1.25
106,Nathan Collins,Brentford,5,0,90,0,0,0,1,0,22.2,0.3,33.0,5.6,7,1,1,8,1,0.09,0.01,0.10,1.01
106,Nathan Collins,Brentford,6,1,90,0,0,0,1,0,20.6,10.9,21.0,5.3,9,4,0,9,1,0.06,0.32,0.38,2.08
106,Nathan Collins,Brentford,7,2,90,0,0,0,0,0,15.0,0.4,0.0,1.5,5,4,0,5,1,0.00,0.01,0.01,0.83
106,Nathan Collins,Brentford,8,9,90,0,0,1,0,0,26.8,0.9,8.0,3.6,9,2,2,11,1,0.06,0.00,0.06,0.33
106,Nathan Collins,Brentford,9,3,90,0,0,0,0,0,33.4,0.1,23.0,5.7,14,2,1,15,1,0.08,0.00,0.08,2.30
107,Keane Lewis-Potter,Brentford,1,1,68,0,0,0,0,0,5.4,4.5,7.0,1.7,3,2,2,5,1,0.12,0.00,0.12,1.86
107,Keane Lewis-Potter,Brentford,2,6,90,0,0,1,0,0,8.0,0.8,2.0,1.1,3,4,1,4,1,0.00,0.00,0.00,1.19
107,Keane Lewis-Potter,Brentford,3,6,71,0,0,1,0,0,8.8,0.3,0.0,0.9,3,5,2,5,1,0.00,0.00,0.00,0.48
107,Keane Lewis-Potter,Brentford,4,1,89,0,0,0,0,0,4.2,15.5,4.0,2.4,1,3,1,2,1,0.00,0.05,0.05,1.16
107,Keane Lewis-Potter,Brentford,5,1,65,0,0,0,0,0,0.8,4.3,2.0,0.7,0,2,0,0,1,0.00,0.01,0.01,1.01
107,Keane Lewis-Potter,Brentford,6,1,15,0,0,0,0,0,5.2,0.3,0.0,0.6,2,0,1,3,0,0.00,0.00,0.00,1.06
107,Keane Lewis-Potter,Brentford,7,0,0,0,0,0,0,0,0.0,0.0,0.0,0.0,0,0,0,0,0,0.00,0.00,0.00,0.00
107,Keane Lewis-Potter,Brentford,8,4,14,0,1,0,0,0,17.0,10.3,1.0,2.8,1,0,0,1,0,0.04,0.08,0.12,0.04
107,Keane Lewis-Potter,Brentford,9,0,11,0,0,0,1,0,9.2,28.0,6.0,4.3,2,0,0,2,0,0.00,0.20,0.20,0.53
108,Kristoffer Ajer,Brentford,1,0,0,0,0,0,0,0,0.0,0.0,0.0,0.0,0,0,0,0,0,0.00,0.00,0.00,0.00
108,Kristoffer Ajer,Brentford,2,1,5,0,0,0,0,0,1.4,0.1,0.0,0.2,1,0,0,1,0,0.00,0.00,0.00,0.10
108,Kristoffer Ajer,Brentford,3,0,0,0,0,0,0,0,0.0,0.0,0.0,0.0,0,0,0,0,0,0.00,0.00,0.00,0.00
108,Kristoffer Ajer,Brentford,4,4,7,0,1,0,0,0,20.2,10.3,19.0,5.0,0,0,0,0,0,0.04,0.41,0.45,0.16
108,Kristoffer Ajer,Brentford,5,1,16,0,0,0,0,0,3.2,0.3,4.0,0.8,1,1,1,2,0,0.05,0.00,0.05,0.00
108,Kristoffer Ajer,Brentford,6,0,0,0,0,0,0,0,0.0,0.0,0.0,0.0,0,0,0,0,0,0.00,0.00,0.00,0.00
108,Kristoffer Ajer,Brentford,7,2,90,0,0,0,0,0,14.2,0.7,0.0,1.5,4,1,3,7,1,0.00,0.00,0.00,0.83
108,Kristoffer Ajer,Brentford,8,6,90,0,0,1,0,0,16.2,1.2,17.0,3.4,4,4,4,8,1,0.16,0.02,0.18,0.33
108,Kristoffer Ajer,Brentford,9,4,90,0,1,0,0,0,8.0,0.8,14.0,2.3,5,1,2,7,1,0.06,0.05,0.11,1.92
109,Rico Henry,Brentford,1,1,87,0,0,0,0,0,8.6,11.5,6.0,2.6,2,2,1,3,1,0.00,0.04,0.04,1.86
109,Rico Henry,Brentford,2,1,6,0,0,0,0,0,2.0,0.0,0.0,0.2,1,0,0,1,0,0.00,0.00,0.00,0.10
109,Rico Henry,Brentford,3,-1,18,0,0,0,1,0,0.0,0.3,2.0,0.1,1,2,1,2,0,0.03,0.02,0.05,1.06
109,Rico Henry,Brentford,4,1,18,0,0,0,0,0,0.0,0.1,4.0,0.3,0,1,1,1,0,0.10,0.00,0.10,0.49
109,Rico Henry,Brentford,5,1,24,0,0,0,0,0,0.4,0.2,0.0,0.1,1,4,0,1,0,0.00,0.00,0.00,0.00
109,Rico Henry,Brentford,6,1,15,0,0,0,0,0,5.4,0.3,0.0,0.6,1,1,1,2,0,0.00,0.00,0.00,1.06
109,Rico Henry,Brentford,7,0,0,0,0,0,0,0,0.0,0.0,0.0,0.0,0,0,0,0,0,0.00,0.00,0.00,0.00
109,Rico Henry,Brentford,8,0,0,0,0,0,0,0,0.0,0.0,0.0,0.0,0,0,0,0,0,0.00,0.00,0.00,0.00
109,Rico Henry,Brentford,9,1,1,0,0,0,0,0,0.0,0.0,0.0,0.0,0,0,0,0,0,0.00,0.00,0.00,0.38
110,Michael Kayode,Brentford,1,1,90,0,0,0,0,0,17.8,20.5,0.0,3.8,4,2,2,6,1,0.00,0.08,0.08,1.86
110,Michael Kayode,Brentford,2,10,84,0,0,1,0,0,32.4,0.5,2.0,3.5,6,4,5,11,1,0.00,0.01,0.01,1.10
110,Michael Kayode,Brentford,3,1,90,0,0,0,0,0,7.4,2.1,2.0,1.2,2,3,1,3,1,0.00,0.01,0.01,1.54
110,Michael Kayode,Brentford,4,2,82,0,0,0,0,0,16.8,1.4,0.0,1.8,8,6,0,8,1,0.00,0.00,0.00,1.10
110,Michael Kayode,Brentford,5,1,90,0,0,0,0,0,13.2,22.9,2.0,3.8,2,5,2,4,1,0.00,0.07,0.07,1.01
110,Michael Kayode,Brentford,6,2,90,0,0,0,0,0,16.2,1.3,0.0,1.8,3,2,3,6,1,0.00,0.00,0.00,2.08
110,Michael Kayode,Brentford,7,2,90,0,0,0,0,0,12.2,5.3,4.0,2.2,5,6,2,7,1,0.02,0.01,0.03,0.83
110,Michael Kayode,Brentford,8,9,90,0,0,1,0,0,28.8,92.1,4.0,12.5,2,4,0,2,1,0.00,0.81,0.81,0.33
110,Michael Kayode,Brentford,9,1,90,0,0,0,0,0,20.8,29.6,7.0,5.7,5,7,1,6,1,0.07,0.19,0.26,2.30
111,Ethan Pinnock,Brentford,1,0,0,0,0,0,0,0,0.0,0.0,0.0,0.0,0,0,0,0,0,0.00,0.00,0.00,0.00
111,Ethan Pinnock,Brentford,2,0,0,0,0,0,0,0,0.0,0.0,0.0,0.0,0,0,0,0,0,0.00,0.00,0.00,0.00
111,Ethan Pinnock,Brentford,3,0,0,0,0,0,0,0,0.0,0.0,0.0,0.0,0,0,0,0,0,0.00,0.00,0.00,0.00
111,Ethan Pinnock,Brentford,4,1,82,0,0,0,1,0,18.0,0.7,8.0,2.7,7,1,1,8,1,0.00,0.04,0.04,1.10
111,Ethan Pinnock,Brentford,5,-1,73,0,0,0,0,0,13.8,0.1,2.0,1.6,6,3,1,7,1,0.00,0.00,0.00,1.01
111,Ethan Pinnock,Brentford,6,0,0,0,0,0,0,0,0.0,0.0,0.0,0.0,0,0,0,0,0,0.00,0.00,0.00,0.00
111,Ethan Pinnock,Brentford,7,0,0,0,0,0,0,0,0.0,0.0,0.0,0.0,0,0,0,0,0,0.00,0.00,0.00,0.00
111,Ethan Pinnock,Brentford,8,0,0,0,0,0,0,0,0.0,0.0,0.0,0.0,0,0,0,0,0,0.00,0.00,0.00,0.00
111,Ethan Pinnock,Brentford,9,0,0,0,0,0,0,0,0.0,0.0,0.0,0.0,0,0,0,0,0,0.00,0.00,0.00,0.00
112,Mads Roerslev Rasmussen,Brentford,1,0,0,0,0,0,0,0,0.0,0.0,0.0,0.0,0,0,0,0,0,0.00,0.00,0.00,0.00
112,Mads Roerslev Rasmussen,Brentford,2,0,0,0,0,0,0,0,0.0,0.0,0.0,0.0,0,0,0,0,0,0.00,0.00,0.00,0.00
112,Mads Roerslev Rasmussen,Brentford,3,0,0,0,0,0,0,0,0.0,0.0,0.0,0.0,0,0,0,0,0,0.00,0.00,0.00,0.00
112,Mads Roerslev Rasmussen,Brentford,4,0,0,0,0,0,0,0,0.0,0.0,0.0,0.0,0,0,0,0,0,0.00,0.00,0.00,0.00
112,Mads Roerslev Rasmussen,Brentford,5,0,0,0,0,0,0,0,0.0,0.0,0.0,0.0,0,0,0,0,0,0.00,0.00,0.00,0.00
112,Mads Roerslev Rasmussen,Brentford,6,0,0,0,0,0,0,0,0.0,0.0,0.0,0.0,0,0,0,0,0,0.00,0.00,0.00,0.00
112,Mads Roerslev Rasmussen,Brentford,7,0,0,0,0,0,0,0,0.0,0.0,0.0,0.0,0,0,0,0,0,0.00,0.00,0.00,0.00
112,Mads Roerslev Rasmussen,Brentford,8,0,0,0,0,0,0,0,0.0,0.0,0.0,0.0,0,0,0,0,0,0.00,0.00,0.00,0.00
112,Mads Roerslev Rasmussen,Brentford,9,0,0,0,0,0,0,0,0.0,0.0,0.0,0.0,0,0,0,0,0,0.00,0.00,0.00,0.00
113,Sepp van den Berg,Brentford,1,3,90,0,0,0,0,0,34.4,0.6,24.0,5.9,12,4,2,14,1,0.21,0.00,0.21,1.86
113,Sepp van den Berg,Brentford,2,8,90,0,0,1,0,0,28.0,0.3,0.0,2.8,12,2,0,12,1,0.00,0.00,0.00,1.19
113,Sepp van den Berg,Brentford,3,3,90,0,0,0,0,0,23.2,0.7,2.0,2.6,11,4,0,11,1,0.00,0.03,0.03,1.54
113,Sepp van den Berg,Brentford,4,1,90,0,0,0,0,0,12.4,0.3,0.0,1.3,6,1,1,7,1,0.00,0.00,0.00,1.25
113,Sepp van den Berg,Brentford,5,1,90,0,0,0,0,0,10.6,0.3,0.0,1.1,6,3,0,6,1,0.00,0.00,0.00,1.01
113,Sepp van den Berg,Brentford,6,2,90,0,0,0,0,0,14.6,0.4,68.0,8.3,4,3,0,4,1,0.66,0.00,0.66,2.08
113,Sepp van den Berg,Brentford,7,2,90,0,0,0,0,0,7.6,10.8,2.0,2.0,2,4,0,2,1,0.00,0.06,0.06,0.83
113,Sepp van den Berg,Brentford,8,6,90,0,0,1,0,0,18.8,0.8,4.0,2.4,9,2,0,9,1,0.09,0.00,0.09,0.33
113,Sepp van den Berg,Brentford,9,3,90,0,0,0,0,0,29.0,0.6,0.0,3.0,11,3,1,12,1,0.00,0.01,0.01,2.30
114,Benjamin Arthur,Brentford,1,0,0,0,0,0,0,0,0.0,0.0,0.0,0.0,0,0,0,0,0,0.00,0.00,0.00,0.00
114,Benjamin Arthur,Brentford,2,0,0,0,0,0,0,0,0.0,0.0,0.0,0.0,0,0,0,0,0,0.00,0.00,0.00,0.00
114,Benjamin Arthur,Brentford,3,0,0,0,0,0,0,0,0.0,0.0,0.0,0.0,0,0,0,0,0,0.00,0.00,0.00,0.00
114,Benjamin Arthur,Brentford,4,0,0,0,0,0,0,0,0.0,0.0,0.0,0.0,0,0,0,0,0,0.00,0.00,0.00,0.00
114,Benjamin Arthur,Brentford,5,0,0,0,0,0,0,0,0.0,0.0,0.0,0.0,0,0,0,0,0,0.00,0.00,0.00,0.00
114,Benjamin Arthur,Brentford,6,0,0,0,0,0,0,0,0.0,0.0,0.0,0.0,0,0,0,0,0,0.00,0.00,0.00,0.00
114,Benjamin Arthur,Brentford,7,0,0,0,0,0,0,0,0.0,0.0,0.0,0.0,0,0,0,0,0,0.00,0.00,0.00,0.00
114,Benjamin Arthur,Brentford,8,0,0,0,0,0,0,0,0.0,0.0,0.0,0.0,0,0,0,0,0,0.00,0.00,0.00,0.00
114,Benjamin Arthur,Brentford,9,0,0,0,0,0,0,0,0.0,0.0,0.0,0.0,0,0,0,0,0,0.00,0.00,0.00,0.00
115,Benjamin Fredrick,Brentford,1,0,0,0,0,0,0,0,0.0,0.0,0.0,0.0,0,0,0,0,0,0.00,0.00,0.00,0.00
115,Benjamin Fredrick,Brentford,2,0,0,0,0,0,0,0,0.0,0.0,0.0,0.0,0,0,0,0,0,0.00,0.00,0.00,0.00
115,Benjamin Fredrick,Brentford,3,0,0,0,0,0,0,0,0.0,0.0,0.0,0.0,0,0,0,0,0,0.00,0.00,0.00,0.00
115,Benjamin Fredrick,Brentford,4,0,0,0,0,0,0,0,0.0,0.0,0.0,0.0,0,0,0,0,0,0.00,0.00,0.00,0.00
115,Benjamin Fredrick,Brentford,5,0,0,0,0,0,0,0,0.0,0.0,0.0,0.0,0,0,0,0,0,0.00,0.00,0.00,0.00
115,Benjamin Fredrick,Brentford,6,0,0,0,0,0,0,0,0.0,0.0,0.0,0.0,0,0,0,0,0,0.00,0.00,0.00,0.00
115,Benjamin Fredrick,Brentford,7,0,0,0,0,0,0,0,0.0,0.0,0.0,0.0,0,0,0,0,0,0.00,0.00,0.00,0.00
115,Benjamin Fredrick,Brentford,8,0,0,0,0,0,0,0,0.0,0.0,0.0,0.0,0,0,0,0,0,0.00,0.00,0.00,0.00
115,Benjamin Fredrick,Brentford,9,0,0,0,0,0,0,0,0.0,0.0,0.0,0.0,0,0,0,0,0,0.00,0.00,0.00,0.00
116,Aaron Hickey,Brentford,1,0,2,0,0,0,1,0,2.0,0.0,0.0,0.2,1,0,1,2,0,0.00,0.00,0.00,0.00
116,Aaron Hickey,Brentford,2,1,11,0,0,0,0,0,4.0,0.1,0.0,0.4,0,0,2,2,0,0.00,0.00,0.00,0.24
116,Aaron Hickey,Brentford,3,0,0,0,0,0,0,0,0.0,0.0,0.0,0.0,0,0,0,0,0,0.00,0.00,0.00,0.00
116,Aaron Hickey,Brentford,4,1,7,0,0,0,0,0,0.2,0.3,0.0,0.1,0,0,0,0,0,0.00,0.00,0.00,0.16
116,Aaron Hickey,Brentford,5,0,0,0,0,0,0,0,0.0,0.0,0.0,0.0,0,0,0,0,0,0.00,0.00,0.00,0.00
116,Aaron Hickey,Brentford,6,2,74,0,0,0,0,0,3.0,1.8,0.0,0.5,1,5,0,1,1,0.00,0.03,0.03,1.02
116,Aaron Hickey,Brentford,7,2,90,0,0,0,0,0,3.0,1.4,1.0,0.5,2,2,1,3,1,0.02,0.04,0.06,0.83
116,Aaron Hickey,Brentford,8,0,0,0,0,0,0,0,0.0,0.0,0.0,0.0,0,0,0,0,0,0.00,0.00,0.00,0.00
116,Aaron Hickey,Brentford,9,0,0,0,0,0,0,0,0.0,0.0,0.0,0.0,0,0,0,0,0,0.00,0.00,0.00,0.00
117,Kim Ji-soo,Brentford,1,0,0,0,0,0,0,0,0.0,0.0,0.0,0.0,0,0,0,0,0,0.00,0.00,0.00,0.00
117,Kim Ji-soo,Brentford,2,0,0,0,0,0,0,0,0.0,0.0,0.0,0.0,0,0,0,0,0,0.00,0.00,0.00,0.00
117,Kim Ji-soo,Brentford,3,0,0,0,0,0,0,0,0.0,0.0,0.0,0.0,0,0,0,0,0,0.00,0.00,0.00,0.00
117,Kim Ji-soo,Brentford,4,0,0,0,0,0,0,0,0.0,0.0,0.0,0.0,0,0,0,0,0,0.00,0.00,0.00,0.00
117,Kim Ji-soo,Brentford,5,0,0,0,0,0,0,0,0.0,0.0,0.0,0.0,0,0,0,0,0,0.00,0.00,0.00,0.00
117,Kim Ji-soo,Brentford,6,0,0,0,0,0,0,0,0.0,0.0,0.0,0.0,0,0,0,0,0,0.00,0.00,0.00,0.00
117,Kim Ji-soo,Brentford,7,0,0,0,0,0,0,0,0.0,0.0,0.0,0.0,0,0,0,0,0,0.00,0.00,0.00,0.00
117,Kim Ji-soo,Brentford,8,0,0,0,0,0,0,0,0.0,0.0,0.0,0.0,0,0,0,0,0,0.00,0.00,0.00,0.00
117,Kim Ji-soo,Brentford,9,0,0,0,0,0,0,0,0.0,0.0,0.0,0.0,0,0,0,0,0,0.00,0.00,0.00,0.00
118,Jayden Meghoma,Brentford,1,0,0,0,0,0,0,0,0.0,0.0,0.0,0.0,0,0,0,0,0,0.00,0.00,0.00,0.00
118,Jayden Meghoma,Brentford,2,0,0,0,0,0,0,0,0.0,0.0,0.0,0.0,0,0,0,0,0,0.00,0.00,0.00,0.00
118,Jayden Meghoma,Brentford,3,0,0,0,0,0,0,0,0.0,0.0,0.0,0.0,0,0,0,0,0,0.00,0.00,0.00,0.00
118,Jayden Meghoma,Brentford,4,0,0,0,0,0,0,0,0.0,0.0,0.0,0.0,0,0,0,0,0,0.00,0.00,0.00,0.00
118,Jayden Meghoma,Brentford,5,0,0,0,0,0,0,0,0.0,0.0,0.0,0.0,0,0,0,0,0,0.00,0.00,0.00,0.00
118,Jayden Meghoma,Brentford,6,0,0,0,0,0,0,0,0.0,0.0,0.0,0.0,0,0,0,0,0,0.00,0.00,0.00,0.00
118,Jayden Meghoma,Brentford,7,0,0,0,0,0,0,0,0.0,0.0,0.0,0.0,0,0,0,0,0,0.00,0.00,0.00,0.00
118,Jayden Meghoma,Brentford,8,0,0,0,0,0,0,0,0.0,0.0,0.0,0.0,0,0,0,0,0,0.00,0.00,0.00,0.00
118,Jayden Meghoma,Brentford,9,0,0,0,0,0,0,0,0.0,0.0,0.0,0.0,0,0,0,0,0,0.00,0.00,0.00,0.00
120,Kevin Schade,Brentford,1,1,45,0,0,0,0,0,4.6,0.9,6.0,1.2,2,3,2,7,0,0.00,0.04,0.04,0.37
120,Kevin Schade,Brentford,2,3,78,0,0,1,0,0,16.4,17.3,9.0,4.3,3,5,2,10,1,0.10,0.02,0.12,0.95
120,Kevin Schade,Brentford,3,0,89,0,0,0,0,0,6.6,0.7,29.0,3.6,1,2,1,4,1,0.95,0.00,0.95,1.41
120,Kevin Schade,Brentford,4,7,90,1,0,0,0,0,35.4,1.6,43.0,8.0,0,1,3,4,1,0.61,0.03,0.64,1.25
120,Kevin Schade,Brentford,5,2,90,0,0,0,0,0,6.0,11.3,13.0,3.0,0,3,2,5,1,0.06,0.20,0.26,1.01
120,Kevin Schade,Brentford,6,4,90,0,1,0,1,0,8.6,16.2,25.0,5.0,2,3,1,6,1,0.01,0.09,0.10,2.08
120,Kevin Schade,Brentford,7,1,90,0,0,0,1,0,10.0,24.8,4.0,3.9,1,1,3,5,1,0.00,0.03,0.03,0.83
120,Kevin Schade,Brentford,8,6,90,0,1,1,0,0,23.2,13.3,49.0,8.6,3,4,1,8,1,0.32,0.14,0.46,0.33
120,Kevin Schade,Brentford,9,7,78,1,0,0,1,0,42.0,51.3,21.0,11.4,0,5,1,6,1,0.67,0.18,0.85,1.77
121,Mikkel Damsgaard,Brentford,1,0,0,0,0,0,0,0,0.0,0.0,0.0,0.0,0,0,0,0,0,0.00,0.00,0.00,0.00
121,Mikkel Damsgaard,Brentford,2,5,90,0,0,1,0,0,27.8,43.2,14.0,8.5,5,7,3,15,1,0.06,0.24,0.30,1.19
121,Mikkel Damsgaard,Brentford,3,2,90,0,0,0,0,0,11.2,38.5,2.0,5.2,1,0,0,1,1,0.00,0.27,0.27,1.54
121,Mikkel Damsgaard,Brentford,4,0,0,0,0,0,0,0,0.0,0.0,0.0,0.0,0,0,0,0,0,0.00,0.00,0.00,0.00
121,Mikkel Damsgaard,Brentford,5,8,86,1,0,0,0,0,42.6,8.0,24.0,7.5,0,1,3,4,1,0.19,0.04,0.23,1.01
121,Mikkel Damsgaard,Brentford,6,2,80,0,0,0,0,0,4.2,20.3,0.0,2.5,1,4,2,7,1,0.00,0.24,0.24,1.81
121,Mikkel Damsgaard,Brentford,7,2,67,0,0,0,0,0,15.6,1.8,0.0,1.7,4,2,3,9,1,0.00,0.01,0.01,0.83
121,Mikkel Damsgaard,Brentford,8,3,74,0,0,1,0,0,13.8,68.0,23.0,10.5,0,4,0,4,1,0.04,0.25,0.29,0.29
121,Mikkel Damsgaard,Brentford,9,7,78,0,1,0,0,0,32.8,15.5,18.0,6.6,2,6,3,11,1,0.07,0.20,0.27,1.77
122,Antoni Milambo,Brentford,1,1,45,0,0,0,0,0,4.0,1.8,0.0,0.6,0,2,2,4,1,0.00,0.01,0.01,1.49
122,Antoni Milambo,Brentford,2,0,0,0,0,0,0,0,0.0,0.0,0.0,0.0,0,0,0,0,0,0.00,0.00,0.00,0.00
122,Antoni Milambo,Brentford,3,0,0,0,0,0,0,0,0.0,0.0,0.0,0.0,0,0,0,0,0,0.00,0.00,0.00,0.00
122,Antoni Milambo,Brentford,4,0,0,0,0,0,0,0,0.0,0.0,0.0,0.0,0,0,0,0,0,0.00,0.00,0.00,0.00
122,Antoni Milambo,Brentford,5,0,0,0,0,0,0,0,0.0,0.0,0.0,0.0,0,0,0,0,0,0.00,0.00,0.00,0.00
122,Antoni Milambo,Brentford,6,0,0,0,0,0,0,0,0.0,0.0,0.0,0.0,0,0,0,0,0,0.00,0.00,0.00,0.00
122,Antoni Milambo,Brentford,7,0,0,0,0,0,0,0,0.0,0.0,0.0,0.0,0,0,0,0,0,0.00,0.00,0.00,0.00
122,Antoni Milambo,Brentford,8,0,0,0,0,0,0,0,0.0,0.0,0.0,0.0,0,0,0,0,0,0.00,0.00,0.00,0.00
122,Antoni Milambo,Brentford,9,0,0,0,0,0,0,0,0.0,0.0,0.0,0.0,0,0,0,0,0,0.00,0.00,0.00,0.00
123,Fábio Freitas Gouveia Carvalho,Brentford,1,2,90,0,0,0,0,0,5.4,5.0,3.0,1.3,0,4,3,7,1,0.03,0.03,0.06,1.86
123,Fábio Freitas Gouveia Carvalho,Brentford,2,0,0,0,0,0,0,0,0.0,0.0,0.0,0.0,0,0,0,0,0,0.00,0.00,0.00,0.00
123,Fábio Freitas Gouveia Carvalho,Brentford,3,1,1,0,0,0,0,0,0.0,0.1,0.0,0.0,0,0,0,0,0,0.00,0.00,0.00,0.13
123,Fábio Freitas Gouveia Carvalho,Brentford,4,7,1,1,0,0,0,0,33.2,0.1,33.0,6.6,0,0,0,0,0,0.67,0.00,0.67,0.09
123,Fábio Freitas Gouveia Carvalho,Brentford,5,1,3,0,0,0,0,0,0.2,1.0,0.0,0.1,0,1,0,1,0,0.00,0.00,0.00,0.00
123,Fábio Freitas Gouveia Carvalho,Brentford,6,0,0,0,0,0,0,0,0.0,0.0,0.0,0.0,0,0,0,0,0,0.00,0.00,0.00,0.00
123,Fábio Freitas Gouveia Carvalho,Brentford,7,1,1,0,0,0,0,0,0.0,0.0,0.0,0.0,0,0,0,0,0,0.00,0.00,0.00,0.00
123,Fábio Freitas Gouveia Carvalho,Brentford,8,0,0,0,0,0,0,0,0.0,0.0,0.0,0.0,0,0,0,0,0,0.00,0.00,0.00,0.00
123,Fábio Freitas Gouveia Carvalho,Brentford,9,0,0,0,0,0,0,0,0.0,0.0,0.0,0.0,0,0,0,0,0,0.00,0.00,0.00,0.00
124,Jordan Henderson,Brentford,1,1,21,0,0,0,0,0,0.0,1.1,0.0,0.1,0,3,0,3,0,0.00,0.00,0.00,0.00
124,Jordan Henderson,Brentford,2,3,68,0,0,1,0,0,9.8,2.3,5.0,1.7,3,4,2,9,1,0.03,0.00,0.03,0.88
124,Jordan Henderson,Brentford,3,3,70,0,0,1,0,0,3.8,6.7,0.0,1.1,2,3,0,5,1,0.00,0.01,0.01,0.48
124,Jordan Henderson,Brentford,4,6,90,0,1,0,0,0,32.4,20.0,0.0,5.2,3,3,3,9,1,0.00,0.03,0.03,1.25
124,Jordan Henderson,Brentford,5,2,73,0,0,0,0,0,2.8,2.1,0.0,0.5,1,2,0,3,1,0.00,0.01,0.01,1.01
124,Jordan Henderson,Brentford,6,6,80,0,1,0,0,0,28.2,30.8,0.0,5.9,3,4,1,8,1,0.00,0.27,0.27,1.81
124,Jordan Henderson,Brentford,7,1,73,0,0,0,1,0,4.0,12.4,0.0,1.6,1,3,0,4,1,0.00,0.02,0.02,0.83
124,Jordan Henderson,Brentford,8,2,89,0,0,1,1,0,6.8,25.6,2.0,3.4,3,6,0,9,1,0.00,0.24,0.24,0.29
124,Jordan Henderson,Brentford,9,2,90,0,0,0,0,0,13.4,14.8,3.0,3.1,4,6,1,11,1,0.02,0.02,0.04,2.30
125,Vitaly Janelt,Brentford,1,0,0,0,0,0,0,0,0.0,0.0,0.0,0.0,0,0,0,0,0,0.00,0.00,0.00,0.00
125,Vitaly Janelt,Brentford,2,0,0,0,0,0,0,0,0.0,0.0,0.0,0.0,0,0,0,0,0,0.00,0.00,0.00,0.00
125,Vitaly Janelt,Brentford,3,0,0,0,0,0,0,0,0.0,0.0,0.0,0.0,0,0,0,0,0,0.00,0.00,0.00,0.00
125,Vitaly Janelt,Brentford,4,0,0,0,0,0,0,0,0.0,0.0,0.0,0.0,0,0,0,0,0,0.00,0.00,0.00,0.00
125,Vitaly Janelt,Brentford,5,1,16,0,0,0,0,0,0.0,0.1,0.0,0.0,0,0,0,0,0,0.00,0.00,0.00,0.00
125,Vitaly Janelt,Brentford,6,1,9,0,0,0,0,0,4.8,14.8,0.0,2.0,0,1,1,2,0,0.00,0.02,0.02,0.27
125,Vitaly Janelt,Brentford,7,1,16,0,0,0,0,0,0.0,0.9,4.0,0.3,0,2,0,2,0,0.10,0.00,0.10,0.00
125,Vitaly Janelt,Brentford,8,1,15,0,0,0,0,0,0.4,0.3,0.0,0.1,2,0,0,2,0,0.00,0.00,0.00,0.04
125,Vitaly Janelt,Brentford,9,4,61,0,0,0,0,0,13.2,18.8,6.0,3.8,4,5,3,12,0,0.00,0.20,0.20,1.55
126,Mathias Jensen,Brentford,1,2,68,0,0,0,0,0,9.0,25.4,8.0,4.2,2,1,2,5,1,0.13,0.03,0.16,1.86
126,Mathias Jensen,Brentford,2,1,11,0,0,0,0,0,3.4,0.3,0.0,0.4,1,1,1,3,0,0.00,0.01,0.01,0.24
126,Mathias Jensen,Brentford,3,0,0,0,0,0,0,0,0.0,0.0,0.0,0.0,0,0,0,0,0,0.00,0.00,0.00,0.00
126,Mathias Jensen,Brentford,4,2,72,0,0,0,0,0,14.4,22.3,2.0,3.9,4,3,3,10,1,0.00,0.06,0.06,0.77
126,Mathias Jensen,Brentford,5,0,0,0,0,0,0,0,0.0,0.0,0.0,0.0,0,0,0,0,0,0.00,0.00,0.00,0.00
126,Mathias Jensen,Brentford,6,6,1,1,0,0,0,0,33.6,0.4,9.0,4.3,0,0,0,0,0,0.09,0.00,0.09,0.12
126,Mathias Jensen,Brentford,7,1,22,0,0,0,0,0,0.4,0.3,0.0,0.1,0,1,0,1,0,0.00,0.00,0.00,0.00
126,Mathias Jensen,Brentford,8,6,1,1,0,0,0,0,33.0,0.0,17.0,5.0,0,0,0,0,0,0.30,0.00,0.30,0.04
126,Mathias Jensen,Brentford,9,1,11,0,0,0,0,0,2.8,1.1,0.0,0.4,1,2,0,3,0,0.00,0.01,0.01,0.53
127,Gustavo Nunes Fernandes Gomes,Brentford,1,0,0,0,0,0,0,0,0.0,0.0,0.0,0.0,0,0,0,0,0,0.00,0.00,0.00,0.00
127,Gustavo Nunes Fernandes Gomes,Brentford,2,0,0,0,0,0,0,0,0.0,0.0,0.0,0.0,0,0,0,0,0,0.00,0.00,0.00,0.00
127,Gustavo Nunes Fernandes Gomes,Brentford,3,0,0,0,0,0,0,0,0.0,0.0,0.0,0.0,0,0,0,0,0,0.00,0.00,0.00,0.00
127,Gustavo Nunes Fernandes Gomes,Brentford,4,0,0,0,0,0,0,0,0.0,0.0,0.0,0.0,0,0,0,0,0,0.00,0.00,0.00,0.00
127,Gustavo Nunes Fernandes Gomes,Brentford,5,0,0,0,0,0,0,0,0.0,0.0,0.0,0.0,0,0,0,0,0,0.00,0.00,0.00,0.00
127,Gustavo Nunes Fernandes Gomes,Brentford,6,0,0,0,0,0,0,0,0.0,0.0,0.0,0.0,0,0,0,0,0,0.00,0.00,0.00,0.00
127,Gustavo Nunes Fernandes Gomes,Brentford,7,0,0,0,0,0,0,0,0.0,0.0,0.0,0.0,0,0,0,0,0,0.00,0.00,0.00,0.00
127,Gustavo Nunes Fernandes Gomes,Brentford,8,0,0,0,0,0,0,0,0.0,0.0,0.0,0.0,0,0,0,0,0,0.00,0.00,0.00,0.00
127,Gustavo Nunes Fernandes Gomes,Brentford,9,0,0,0,0,0,0,0,0.0,0.0,0.0,0.0,0,0,0,0,0,0.00,0.00,0.00,0.00
128,Frank Onyeka,Brentford,1,4,21,0,1,0,0,0,0.0,0.1,2.0,0.1,0,1,0,1,0,0.00,0.00,0.00,0.00
128,Frank Onyeka,Brentford,2,1,21,0,0,0,0,0,3.4,0.2,0.0,0.4,2,2,0,4,0,0.00,0.00,0.00,0.31
128,Frank Onyeka,Brentford,3,4,19,0,1,0,0,0,20.0,12.0,2.0,3.4,0,0,1,1,0,0.00,0.36,0.36,1.06
128,Frank Onyeka,Brentford,4,0,0,0,0,0,0,0,0.0,0.0,0.0,0.0,0,0,0,0,0,0.00,0.00,0.00,0.00
128,Frank Onyeka,Brentford,5,0,0,0,0,0,0,0,0.0,0.0,0.0,0.0,0,0,0,0,0,0.00,0.00,0.00,0.00
128,Frank Onyeka,Brentford,6,1,9,0,0,0,0,0,1.4,0.4,0.0,0.2,0,1,0,1,0,0.00,0.00,0.00,0.27
128,Frank Onyeka,Brentford,7,1,17,0,0,0,0,0,2.6,0.9,0.0,0.4,0,1,1,2,0,0.00,0.00,0.00,0.00
128,Frank Onyeka,Brentford,8,0,0,0,0,0,0,0,0.0,0.0,0.0,0.0,0,0,0,0,0,0.00,0.00,0.00,0.00
128,Frank Onyeka,Brentford,9,1,1,0,0,0,0,0,1.0,0.0,0.0,0.1,1,0,0,1,0,0.00,0.00,0.00,0.38
129,Yehor Yarmoliuk,Brentford,1,2,90,0,0,0,0,0,3.6,10.8,7.0,2.1,0,9,0,9,1,0.08,0.01,0.09,1.86
129,Yehor Yarmoliuk,Brentford,2,5,78,0,0,1,0,0,18.4,5.4,1.0,2.5,6,4,5,15,1,0.03,0.01,0.04,0.95
129,Yehor Yarmoliuk,Brentford,3,2,90,0,0,0,0,0,14.4,2.8,7.0,2.4,1,4,2,7,1,0.01,0.01,0.02,1.54
129,Yehor Yarmoliuk,Brentford,4,3,90,0,0,0,1,0,15.0,12.9,2.0,3.0,3,7,2,12,1,0.00,0.11,0.11,1.25
129,Yehor Yarmoliuk,Brentford,5,2,90,0,0,0,0,0,13.6,12.3,0.0,2.6,2,3,2,7,1,0.00,0.01,0.01,1.01
129,Yehor Yarmoliuk,Brentford,6,7,90,0,1,0,0,0,30.4,13.4,2.0,4.6,4,7,1,12,1,0.09,0.02,0.11,2.08
129,Yehor Yarmoliuk,Brentford,7,2,72,0,0,0,0,0,3.6,0.8,5.0,0.9,1,6,2,9,1,0.02,0.01,0.03,0.83
129,Yehor Yarmoliuk,Brentford,8,3,90,0,0,1,0,0,22.8,39.2,0.0,6.2,3,4,3,10,1,0.00,0.23,0.23,0.33
129,Yehor Yarmoliuk,Brentford,9,1,28,0,0,0,0,0,4.4,0.2,0.0,0.5,1,2,1,4,1,0.00,0.00,0.00,0.75
130,Romelle Donovan,Brentford,1,0,0,0,0,0,0,0,0.0,0.0,0.0,0.0,0,0,0,0,0,0.00,0.00,0.00,0.00
130,Romelle Donovan,Brentford,2,0,0,0,0,0,0,0,0.0,0.0,0.0,0.0,0,0,0,0,0,0.00,0.00,0.00,0.00
130,Romelle Donovan,Brentford,3,0,0,0,0,0,0,0,0.0,0.0,0.0,0.0,0,0,0,0,0,0.00,0.00,0.00,0.00
130,Romelle Donovan,Brentford,4,0,0,0,0,0,0,0,0.0,0.0,0.0,0.0,0,0,0,0,0,0.00,0.00,0.00,0.00
130,Romelle Donovan,Brentford,5,0,0,0,0,0,0,0,0.0,0.0,0.0,0.0,0,0,0,0,0,0.00,0.00,0.00,0.00
130,Romelle Donovan,Brentford,6,0,0,0,0,0,0,0,0.0,0.0,0.0,0.0,0,0,0,0,0,0.00,0.00,0.00,0.00
130,Romelle Donovan,Brentford,7,0,0,0,0,0,0,0,0.0,0.0,0.0,0.0,0,0,0,0,0,0.00,0.00,0.00,0.00
130,Romelle Donovan,Brentford,8,0,0,0,0,0,0,0,0.0,0.0,0.0,0.0,0,0,0,0,0,0.00,0.00,0.00,0.00
130,Romelle Donovan,Brentford,9,0,0,0,0,0,0,0,0.0,0.0,0.0,0.0,0,0,0,0,0,0.00,0.00,0.00,0.00
131,Yunus Emre Konak,Brentford,1,0,0,0,0,0,0,0,0.0,0.0,0.0,0.0,0,0,0,0,0,0.00,0.00,0.00,0.00
131,Yunus Emre Konak,Brentford,2,0,0,0,0,0,0,0,0.0,0.0,0.0,0.0,0,0,0,0,0,0.00,0.00,0.00,0.00
131,Yunus Emre Konak,Brentford,3,0,0,0,0,0,0,0,0.0,0.0,0.0,0.0,0,0,0,0,0,0.00,0.00,0.00,0.00
131,Yunus Emre Konak,Brentford,4,0,0,0,0,0,0,0,0.0,0.0,0.0,0.0,0,0,0,0,0,0.00,0.00,0.00,0.00
131,Yunus Emre Konak,Brentford,5,0,0,0,0,0,0,0,0.0,0.0,0.0,0.0,0,0,0,0,0,0.00,0.00,0.00,0.00
131,Yunus Emre Konak,Brentford,6,0,0,0,0,0,0,0,0.0,0.0,0.0,0.0,0,0,0,0,0,0.00,0.00,0.00,0.00
131,Yunus Emre Konak,Brentford,7,0,0,0,0,0,0,0,0.0,0.0,0.0,0.0,0,0,0,0,0,0.00,0.00,0.00,0.00
131,Yunus Emre Konak,Brentford,8,0,0,0,0,0,0,0,0.0,0.0,0.0,0.0,0,0,0,0,0,0.00,0.00,0.00,0.00
131,Yunus Emre Konak,Brentford,9,0,0,0,0,0,0,0,0.0,0.0,0.0,0.0,0,0,0,0,0,0.00,0.00,0.00,0.00
132,Paris Maghoma,Brentford,1,0,0,0,0,0,0,0,0.0,0.0,0.0,0.0,0,0,0,0,0,0.00,0.00,0.00,0.00
132,Paris Maghoma,Brentford,2,0,0,0,0,0,0,0,0.0,0.0,0.0,0.0,0,0,0,0,0,0.00,0.00,0.00,0.00
132,Paris Maghoma,Brentford,3,0,0,0,0,0,0,0,0.0,0.0,0.0,0.0,0,0,0,0,0,0.00,0.00,0.00,0.00
132,Paris Maghoma,Brentford,4,0,0,0,0,0,0,0,0.0,0.0,0.0,0.0,0,0,0,0,0,0.00,0.00,0.00,0.00
132,Paris Maghoma,Brentford,5,0,0,0,0,0,0,0,0.0,0.0,0.0,0.0,0,0,0,0,0,0.00,0.00,0.00,0.00
132,Paris Maghoma,Brentford,6,0,0,0,0,0,0,0,0.0,0.0,0.0,0.0,0,0,0,0,0,0.00,0.00,0.00,0.00
132,Paris Maghoma,Brentford,7,0,0,0,0,0,0,0,0.0,0.0,0.0,0.0,0,0,0,0,0,0.00,0.00,0.00,0.00
132,Paris Maghoma,Brentford,8,0,0,0,0,0,0,0,0.0,0.0,0.0,0.0,0,0,0,0,0,0.00,0.00,0.00,0.00
132,Paris Maghoma,Brentford,9,0,0,0,0,0,0,0,0.0,0.0,0.0,0.0,0,0,0,0,0,0.00,0.00,0.00,0.00
133,Myles Peart-Harris,Brentford,1,0,0,0,0,0,0,0,0.0,0.0,0.0,0.0,0,0,0,0,0,0.00,0.00,0.00,0.00
133,Myles Peart-Harris,Brentford,2,0,0,0,0,0,0,0,0.0,0.0,0.0,0.0,0,0,0,0,0,0.00,0.00,0.00,0.00
133,Myles Peart-Harris,Brentford,3,0,0,0,0,0,0,0,0.0,0.0,0.0,0.0,0,0,0,0,0,0.00,0.00,0.00,0.00
133,Myles Peart-Harris,Brentford,4,0,0,0,0,0,0,0,0.0,0.0,0.0,0.0,0,0,0,0,0,0.00,0.00,0.00,0.00
133,Myles Peart-Harris,Brentford,5,0,0,0,0,0,0,0,0.0,0.0,0.0,0.0,0,0,0,0,0,0.00,0.00,0.00,0.00
133,Myles Peart-Harris,Brentford,6,0,0,0,0,0,0,0,0.0,0.0,0.0,0.0,0,0,0,0,0,0.00,0.00,0.00,0.00
133,Myles Peart-Harris,Brentford,7,0,0,0,0,0,0,0,0.0,0.0,0.0,0.0,0,0,0,0,0,0.00,0.00,0.00,0.00
133,Myles Peart-Harris,Brentford,8,0,0,0,0,0,0,0,0.0,0.0,0.0,0.0,0,0,0,0,0,0.00,0.00,0.00,0.00
133,Myles Peart-Harris,Brentford,9,0,0,0,0,0,0,0,0.0,0.0,0.0,0.0,0,0,0,0,0,0.00,0.00,0.00,0.00
134,Ryan Trevitt,Brentford,1,0,0,0,0,0,0,0,0.0,0.0,0.0,0.0,0,0,0,0,0,0.00,0.00,0.00,0.00
134,Ryan Trevitt,Brentford,2,0,0,0,0,0,0,0,0.0,0.0,0.0,0.0,0,0,0,0,0,0.00,0.00,0.00,0.00
134,Ryan Trevitt,Brentford,3,0,0,0,0,0,0,0,0.0,0.0,0.0,0.0,0,0,0,0,0,0.00,0.00,0.00,0.00
134,Ryan Trevitt,Brentford,4,0,0,0,0,0,0,0,0.0,0.0,0.0,0.0,0,0,0,0,0,0.00,0.00,0.00,0.00
134,Ryan Trevitt,Brentford,5,0,0,0,0,0,0,0,0.0,0.0,0.0,0.0,0,0,0,0,0,0.00,0.00,0.00,0.00
134,Ryan Trevitt,Brentford,6,0,0,0,0,0,0,0,0.0,0.0,0.0,0.0,0,0,0,0,0,0.00,0.00,0.00,0.00
134,Ryan Trevitt,Brentford,7,0,0,0,0,0,0,0,0.0,0.0,0.0,0.0,0,0,0,0,0,0.00,0.00,0.00,0.00
134,Ryan Trevitt,Brentford,8,0,0,0,0,0,0,0,0.0,0.0,0.0,0.0,0,0,0,0,0,0.00,0.00,0.00,0.00
134,Ryan Trevitt,Brentford,9,0,0,0,0,0,0,0,0.0,0.0,0.0,0.0,0,0,0,0,0,0.00,0.00,0.00,0.00
136,Igor Thiago Nascimento Rodrigues,Brentford,1,6,90,1,0,0,0,0,36.4,10.7,22.0,6.9,1,0,1,2,1,0.91,0.01,0.92,1.86
136,Igor Thiago Nascimento Rodrigues,Brentford,2,2,90,0,0,1,0,0,4.6,16.3,17.0,3.8,3,3,2,8,1,0.22,0.01,0.23,1.19
136,Igor Thiago Nascimento Rodrigues,Brentford,3,6,90,1,0,0,1,0,43.4,17.4,19.0,8.0,5,0,0,5,1,0.12,0.10,0.22,1.54
136,Igor Thiago Nascimento Rodrigues,Brentford,4,1,71,0,0,0,1,0,10.0,14.5,0.0,2.5,3,1,0,4,1,0.00,0.03,0.03,0.77
136,Igor Thiago Nascimento Rodrigues,Brentford,5,2,64,0,0,0,0,0,3.4,1.6,17.0,2.2,1,2,1,4,1,0.10,0.01,0.11,1.01
136,Igor Thiago Nascimento Rodrigues,Brentford,6,13,89,2,0,0,0,0,72.6,3.9,41.0,11.8,2,0,3,5,1,0.70,0.00,0.70,1.96
136,Igor Thiago Nascimento Rodrigues,Brentford,7,2,67,0,0,0,0,0,7.0,2.3,19.0,2.8,1,0,2,3,1,0.67,0.00,0.67,0.83
136,Igor Thiago Nascimento Rodrigues,Brentford,8,8,90,1,0,1,0,0,43.2,8.9,92.0,14.4,1,3,1,5,1,0.84,0.02,0.86,0.33
136,Igor Thiago Nascimento Rodrigues,Brentford,9,5,90,1,0,0,1,0,41.0,2.4,75.0,11.8,2,4,1,7,1,1.10,0.01,1.11,2.30
137,Iwan Morgan,Brentford,1,0,0,0,0,0,0,0,0.0,0.0,0.0,0.0,0,0,0,0,0,0.00,0.00,0.00,0.00
137,Iwan Morgan,Brentford,2,0,0,0,0,0,0,0,0.0,0.0,0.0,0.0,0,0,0,0,0,0.00,0.00,0.00,0.00
137,Iwan Morgan,Brentford,3,0,0,0,0,0,0,0,0.0,0.0,0.0,0.0,0,0,0,0,0,0.00,0.00,0.00,0.00
137,Iwan Morgan,Brentford,4,0,0,0,0,0,0,0,0.0,0.0,0.0,0.0,0,0,0,0,0,0.00,0.00,0.00,0.00
137,Iwan Morgan,Brentford,5,0,0,0,0,0,0,0,0.0,0.0,0.0,0.0,0,0,0,0,0,0.00,0.00,0.00,0.00
137,Iwan Morgan,Brentford,6,0,0,0,0,0,0,0,0.0,0.0,0.0,0.0,0,0,0,0,0,0.00,0.00,0.00,0.00
137,Iwan Morgan,Brentford,7,0,0,0,0,0,0,0,0.0,0.0,0.0,0.0,0,0,0,0,0,0.00,0.00,0.00,0.00
137,Iwan Morgan,Brentford,8,0,0,0,0,0,0,0,0.0,0.0,0.0,0.0,0,0,0,0,0,0.00,0.00,0.00,0.00
137,Iwan Morgan,Brentford,9,0,0,0,0,0,0,0,0.0,0.0,0.0,0.0,0,0,0,0,0,0.00,0.00,0.00,0.00
138,Jason Steele,Brighton,1,0,0,0,0,0,0,0,0.0,0.0,0.0,0.0,0,0,0,0,0,0.00,0.00,0.00,0.00
138,Jason Steele,Brighton,2,0,0,0,0,0,0,0,0.0,0.0,0.0,0.0,0,0,0,0,0,0.00,0.00,0.00,0.00
138,Jason Steele,Brighton,3,0,0,0,0,0,0,0,0.0,0.0,0.0,0.0,0,0,0,0,0,0.00,0.00,0.00,0.00
138,Jason Steele,Brighton,4,0,0,0,0,0,0,0,0.0,0.0,0.0,0.0,0,0,0,0,0,0.00,0.00,0.00,0.00
138,Jason Steele,Brighton,5,0,0,0,0,0,0,0,0.0,0.0,0.0,0.0,0,0,0,0,0,0.00,0.00,0.00,0.00
138,Jason Steele,Brighton,6,0,0,0,0,0,0,0,0.0,0.0,0.0,0.0,0,0,0,0,0,0.00,0.00,0.00,0.00
138,Jason Steele,Brighton,7,0,0,0,0,0,0,0,0.0,0.0,0.0,0.0,0,0,0,0,0,0.00,0.00,0.00,0.00
138,Jason Steele,Brighton,8,0,0,0,0,0,0,0,0.0,0.0,0.0,0.0,0,0,0,0,0,0.00,0.00,0.00,0.00
138,Jason Steele,Brighton,9,0,0,0,0,0,0,0,0.0,0.0,0.0,0.0,0,0,0,0,0,0.00,0.00,0.00,0.00
139,Bart Verbruggen,Brighton,1,2,90,0,0,0,0,0,14.4,0.0,0.0,1.4,1,6,0,0,1,0.00,0.00,0.00,0.76
139,Bart Verbruggen,Brighton,2,1,90,0,0,0,0,0,10.2,10.0,0.0,2.0,0,14,0,0,1,0.00,0.00,0.00,1.60
139,Bart Verbruggen,Brighton,3,2,90,0,0,0,0,0,20.2,0.0,0.0,2.0,0,10,0,0,1,0.00,0.00,0.00,1.82
139,Bart Verbruggen,Brighton,4,2,90,0,0,0,0,0,26.2,0.0,0.0,2.6,1,13,0,0,1,0.00,0.01,0.01,1.45
139,Bart Verbruggen,Brighton,5,1,90,0,0,0,0,0,19.2,0.0,0.0,1.9,1,7,0,0,1,0.00,0.00,0.00,1.22
139,Bart Verbruggen,Brighton,6,2,90,0,0,0,0,0,11.8,0.0,0.0,1.2,1,8,0,0,1,0.00,0.00,0.00,1.81
139,Bart Verbruggen,Brighton,7,1,90,0,0,0,0,0,20.0,0.0,0.0,2.0,0,14,0,0,1,0.00,0.00,0.00,0.56
139,Bart Verbruggen,Brighton,8,2,90,0,0,0,0,0,19.6,0.0,0.0,2.0,1,10,0,0,1,0.00,0.00,0.00,1.45
139,Bart Verbruggen,Brighton,9,1,90,0,0,0,0,0,38.0,0.0,0.0,3.8,0,9,0,0,1,0.00,0.00,0.00,1.29
140,Tom McGill,Brighton,1,0,0,0,0,0,0,0,0.0,0.0,0.0,0.0,0,0,0,0,0,0.00,0.00,0.00,0.00
140,Tom McGill,Brighton,2,0,0,0,0,0,0,0,0.0,0.0,0.0,0.0,0,0,0,0,0,0.00,0.00,0.00,0.00
140,Tom McGill,Brighton,3,0,0,0,0,0,0,0,0.0,0.0,0.0,0.0,0,0,0,0,0,0.00,0.00,0.00,0.00
140,Tom McGill,Brighton,4,0,0,0,0,0,0,0,0.0,0.0,0.0,0.0,0,0,0,0,0,0.00,0.00,0.00,0.00
140,Tom McGill,Brighton,5,0,0,0,0,0,0,0,0.0,0.0,0.0,0.0,0,0,0,0,0,0.00,0.00,0.00,0.00
140,Tom McGill,Brighton,6,0,0,0,0,0,0,0,0.0,0.0,0.0,0.0,0,0,0,0,0,0.00,0.00,0.00,0.00
140,Tom McGill,Brighton,7,0,0,0,0,0,0,0,0.0,0.0,0.0,0.0,0,0,0,0,0,0.00,0.00,0.00,0.00
140,Tom McGill,Brighton,8,0,0,0,0,0,0,0,0.0,0.0,0.0,0.0,0,0,0,0,0,0.00,0.00,0.00,0.00
140,Tom McGill,Brighton,9,0,0,0,0,0,0,0,0.0,0.0,0.0,0.0,0,0,0,0,0,0.00,0.00,0.00,0.00
141,Carl Rushworth,Brighton,1,0,0,0,0,0,0,0,0.0,0.0,0.0,0.0,0,0,0,0,0,0.00,0.00,0.00,0.00
141,Carl Rushworth,Brighton,2,0,0,0,0,0,0,0,0.0,0.0,0.0,0.0,0,0,0,0,0,0.00,0.00,0.00,0.00
141,Carl Rushworth,Brighton,3,0,0,0,0,0,0,0,0.0,0.0,0.0,0.0,0,0,0,0,0,0.00,0.00,0.00,0.00
141,Carl Rushworth,Brighton,4,0,0,0,0,0,0,0,0.0,0.0,0.0,0.0,0,0,0,0,0,0.00,0.00,0.00,0.00
141,Carl Rushworth,Brighton,5,0,0,0,0,0,0,0,0.0,0.0,0.0,0.0,0,0,0,0,0,0.00,0.00,0.00,0.00
141,Carl Rushworth,Brighton,6,0,0,0,0,0,0,0,0.0,0.0,0.0,0.0,0,0,0,0,0,0.00,0.00,0.00,0.00
141,Carl Rushworth,Brighton,7,0,0,0,0,0,0,0,0.0,0.0,0.0,0.0,0,0,0,0,0,0.00,0.00,0.00,0.00
141,Carl Rushworth,Brighton,8,0,0,0,0,0,0,0,0.0,0.0,0.0,0.0,0,0,0,0,0,0.00,0.00,0.00,0.00
141,Carl Rushworth,Brighton,9,0,0,0,0,0,0,0,0.0,0.0,0.0,0.0,0,0,0,0,0,0.00,0.00,0.00,0.00
142,Kjell Scherpen,Brighton,1,0,0,0,0,0,0,0,0.0,0.0,0.0,0.0,0,0,0,0,0,0.00,0.00,0.00,0.00
142,Kjell Scherpen,Brighton,2,0,0,0,0,0,0,0,0.0,0.0,0.0,0.0,0,0,0,0,0,0.00,0.00,0.00,0.00
142,Kjell Scherpen,Brighton,3,0,0,0,0,0,0,0,0.0,0.0,0.0,0.0,0,0,0,0,0,0.00,0.00,0.00,0.00
142,Kjell Scherpen,Brighton,4,0,0,0,0,0,0,0,0.0,0.0,0.0,0.0,0,0,0,0,0,0.00,0.00,0.00,0.00
142,Kjell Scherpen,Brighton,5,0,0,0,0,0,0,0,0.0,0.0,0.0,0.0,0,0,0,0,0,0.00,0.00,0.00,0.00
142,Kjell Scherpen,Brighton,6,0,0,0,0,0,0,0,0.0,0.0,0.0,0.0,0,0,0,0,0,0.00,0.00,0.00,0.00
142,Kjell Scherpen,Brighton,7,0,0,0,0,0,0,0,0.0,0.0,0.0,0.0,0,0,0,0,0,0.00,0.00,0.00,0.00
142,Kjell Scherpen,Brighton,8,0,0,0,0,0,0,0,0.0,0.0,0.0,0.0,0,0,0,0,0,0.00,0.00,0.00,0.00
142,Kjell Scherpen,Brighton,9,0,0,0,0,0,0,0,0.0,0.0,0.0,0.0,0,0,0,0,0,0.00,0.00,0.00,0.00
143,Olivier Boscagli,Brighton,1,0,0,0,0,0,0,0,0.0,0.0,0.0,0.0,0,0,0,0,0,0.00,0.00,0.00,0.00
143,Olivier Boscagli,Brighton,2,0,0,0,0,0,0,0,0.0,0.0,0.0,0.0,0,0,0,0,0,0.00,0.00,0.00,0.00
143,Olivier Boscagli,Brighton,3,0,0,0,0,0,0,0,0.0,0.0,0.0,0.0,0,0,0,0,0,0.00,0.00,0.00,0.00
143,Olivier Boscagli,Brighton,4,0,0,0,0,0,0,0,0.0,0.0,0.0,0.0,0,0,0,0,0,0.00,0.00,0.00,0.00
143,Olivier Boscagli,Brighton,5,0,0,0,0,0,0,0,0.0,0.0,0.0,0.0,0,0,0,0,0,0.00,0.00,0.00,0.00
143,Olivier Boscagli,Brighton,6,0,0,0,0,0,0,0,0.0,0.0,0.0,0.0,0,0,0,0,0,0.00,0.00,0.00,0.00
143,Olivier Boscagli,Brighton,7,0,0,0,0,0,0,0,0.0,0.0,0.0,0.0,0,0,0,0,0,0.00,0.00,0.00,0.00
143,Olivier Boscagli,Brighton,8,0,0,0,0,0,0,0,0.0,0.0,0.0,0.0,0,0,0,0,0,0.00,0.00,0.00,0.00
143,Olivier Boscagli,Brighton,9,0,0,0,0,0,0,0,0.0,0.0,0.0,0.0,0,0,0,0,0,0.00,0.00,0.00,0.00
144,Diego Coppola,Brighton,1,0,0,0,0,0,0,0,0.0,0.0,0.0,0.0,0,0,0,0,0,0.00,0.00,0.00,0.00
144,Diego Coppola,Brighton,2,0,0,0,0,0,0,0,0.0,0.0,0.0,0.0,0,0,0,0,0,0.00,0.00,0.00,0.00
144,Diego Coppola,Brighton,3,1,1,0,0,0,0,0,0.0,0.0,0.0,0.0,0,0,0,0,0,0.00,0.00,0.00,0.06
144,Diego Coppola,Brighton,4,0,0,0,0,0,0,0,0.0,0.0,0.0,0.0,0,0,0,0,0,0.00,0.00,0.00,0.00
144,Diego Coppola,Brighton,5,1,15,0,0,0,0,0,5.4,0.1,0.0,0.6,3,1,0,3,0,0.00,0.00,0.00,0.07
144,Diego Coppola,Brighton,6,0,0,0,0,0,0,0,0.0,0.0,0.0,0.0,0,0,0,0,0,0.00,0.00,0.00,0.00
144,Diego Coppola,Brighton,7,0,0,0,0,0,0,0,0.0,0.0,0.0,0.0,0,0,0,0,0,0.00,0.00,0.00,0.00
144,Diego Coppola,Brighton,8,1,1,0,0,0,0,0,2.4,0.0,0.0,0.2,1,0,0,1,0,0.00,0.00,0.00,0.08
144,Diego Coppola,Brighton,9,0,0,0,0,0,0,0,0.0,0.0,0.0,0.0,0,0,0,0,0,0.00,0.00,0.00,0.00
145,Maxim De Cuyper,Brighton,1,2,90,0,0,0,0,0,15.0,26.7,4.0,4.6,4,3,2,6,1,0.00,0.09,0.09,0.76
145,Maxim De Cuyper,Brighton,2,0,66,0,0,0,1,0,4.8,1.0,4.0,1.0,4,2,1,5,1,0.00,0.02,0.02,1.20
145,Maxim De Cuyper,Brighton,3,2,90,0,0,0,0,0,4.8,9.8,2.0,1.7,2,8,1,3,1,0.00,0.36,0.36,1.82
145,Maxim De Cuyper,Brighton,4,1,23,0,0,0,0,0,3.8,0.2,2.0,0.6,0,2,2,2,1,0.00,0.00,0.00,0.06
145,Maxim De Cuyper,Brighton,5,0,0,0,0,0,0,0,0.0,0.0,0.0,0.0,0,0,0,0,0,0.00,0.00,0.00,0.00
145,Maxim De Cuyper,Brighton,6,8,5,1,0,0,0,0,33.2,0.5,33.0,6.7,0,0,0,0,0,0.64,0.00,0.64,0.41
145,Maxim De Cuyper,Brighton,7,1,20,0,0,0,0,0,7.6,15.1,7.0,3.0,0,0,0,0,0,0.04,0.07,0.11,0.05
145,Maxim De Cuyper,Brighton,8,1,54,0,0,0,0,0,8.8,6.2,17.0,3.2,2,4,1,3,0,0.02,0.01,0.03,1.27
145,Maxim De Cuyper,Brighton,9,0,58,0,0,0,0,0,6.0,25.3,4.0,3.5,2,5,0,2,1,0.04,0.20,0.24,0.62
146,Lewis Dunk,Brighton,1,2,90,0,0,0,0,0,16.6,1.8,7.0,2.5,7,5,1,8,1,0.09,0.00,0.09,0.76
146,Lewis Dunk,Brighton,2,1,90,0,0,0,0,0,16.0,0.6,0.0,1.7,6,6,2,8,1,0.00,0.00,0.00,1.60
146,Lewis Dunk,Brighton,3,5,90,0,1,0,0,0,4.2,0.5,11.0,1.6,3,3,0,3,1,0.09,0.01,0.10,1.82
146,Lewis Dunk,Brighton,4,2,90,0,0,0,1,0,23.2,11.3,8.0,4.3,11,2,0,11,1,0.00,0.01,0.01,1.45
146,Lewis Dunk,Brighton,5,3,90,0,0,0,0,0,26.4,0.4,2.0,2.9,10,4,2,12,1,0.03,0.00,0.03,1.22
146,Lewis Dunk,Brighton,6,1,90,0,0,0,1,0,10.6,1.6,4.0,1.6,7,2,1,8,1,0.06,0.01,0.07,1.81
146,Lewis Dunk,Brighton,7,1,90,0,0,0,1,0,10.2,2.5,1.0,1.4,2,3,2,4,1,0.06,0.01,0.07,0.56
146,Lewis Dunk,Brighton,8,2,90,0,0,0,0,0,15.6,1.2,5.0,2.2,7,2,1,8,1,0.02,0.01,0.03,1.45
146,Lewis Dunk,Brighton,9,0,90,0,0,0,0,0,12.6,1.3,7.0,2.1,6,11,1,7,1,0.21,0.01,0.22,1.29
147,Pervis Estupiñán Tenorio,Brighton,1,0,0,0,0,0,0,0,0.0,0.0,0.0,0.0,0,0,0,0,0,0.00,0.00,0.00,0.00
147,Pervis Estupiñán Tenorio,Brighton,2,0,0,0,0,0,0,0,0.0,0.0,0.0,0.0,0,0,0,0,0,0.00,0.00,0.00,0.00
147,Pervis Estupiñán Tenorio,Brighton,3,0,0,0,0,0,0,0,0.0,0.0,0.0,0.0,0,0,0,0,0,0.00,0.00,0.00,0.00
147,Pervis Estupiñán Tenorio,Brighton,4,0,0,0,0,0,0,0,0.0,0.0,0.0,0.0,0,0,0,0,0,0.00,0.00,0.00,0.00
147,Pervis Estupiñán Tenorio,Brighton,5,0,0,0,0,0,0,0,0.0,0.0,0.0,0.0,0,0,0,0,0,0.00,0.00,0.00,0.00
147,Pervis Estupiñán Tenorio,Brighton,6,0,0,0,0,0,0,0,0.0,0.0,0.0,0.0,0,0,0,0,0,0.00,0.00,0.00,0.00
147,Pervis Estupiñán Tenorio,Brighton,7,0,0,0,0,0,0,0,0.0,0.0,0.0,0.0,0,0,0,0,0,0.00,0.00,0.00,0.00
147,Pervis Estupiñán Tenorio,Brighton,8,0,0,0,0,0,0,0,0.0,0.0,0.0,0.0,0,0,0,0,0,0.00,0.00,0.00,0.00
147,Pervis Estupiñán Tenorio,Brighton,9,0,0,0,0,0,0,0,0.0,0.0,0.0,0.0,0,0,0,0,0,0.00,0.00,0.00,0.00
148,Ferdi Kadıoğlu,Brighton,1,0,21,0,0,0,1,0,0.0,1.3,0.0,0.1,1,0,0,1,0,0.00,0.00,0.00,0.24
148,Ferdi Kadıoğlu,Brighton,2,0,23,0,0,0,1,0,0.0,2.2,0.0,0.2,1,2,0,1,0,0.00,0.00,0.00,0.40
148,Ferdi Kadıoğlu,Brighton,3,0,0,0,0,0,0,0,0.0,0.0,0.0,0.0,0,0,0,0,0,0.00,0.00,0.00,0.00
148,Ferdi Kadıoğlu,Brighton,4,4,66,0,0,0,0,0,21.2,6.4,0.0,2.8,8,4,2,10,0,0.00,0.04,0.04,1.39
148,Ferdi Kadıoğlu,Brighton,5,1,84,0,0,0,0,0,10.6,11.3,4.0,2.6,1,5,4,5,1,0.07,0.01,0.08,1.21
148,Ferdi Kadıoğlu,Brighton,6,2,90,0,0,0,0,0,27.4,20.3,2.0,5.0,5,4,2,7,1,0.00,0.13,0.13,1.81
148,Ferdi Kadıoğlu,Brighton,7,2,90,0,0,0,0,0,14.0,8.9,17.0,4.0,2,4,1,3,1,0.11,0.06,0.17,0.56
148,Ferdi Kadıoğlu,Brighton,8,2,90,0,0,0,0,0,7.4,6.5,8.0,2.2,2,3,0,2,1,0.00,0.34,0.34,1.45
148,Ferdi Kadıoğlu,Brighton,9,-1,90,0,0,0,1,0,12.6,7.0,12.0,3.2,2,5,2,4,1,0.13,0.05,0.18,1.29
150,Tariq Lamptey,Brighton,1,0,0,0,0,0,0,0,0.0,0.0,0.0,0.0,0,0,0,0,0,0.00,0.00,0.00,0.00
150,Tariq Lamptey,Brighton,2,0,0,0,0,0,0,0,0.0,0.0,0.0,0.0,0,0,0,0,0,0.00,0.00,0.00,0.00
150,Tariq Lamptey,Brighton,3,0,0,0,0,0,0,0,0.0,0.0,0.0,0.0,0,0,0,0,0,0.00,0.00,0.00,0.00
150,Tariq Lamptey,Brighton,4,0,0,0,0,0,0,0,0.0,0.0,0.0,0.0,0,0,0,0,0,0.00,0.00,0.00,0.00
150,Tariq Lamptey,Brighton,5,0,0,0,0,0,0,0,0.0,0.0,0.0,0.0,0,0,0,0,0,0.00,0.00,0.00,0.00
150,Tariq Lamptey,Brighton,6,0,0,0,0,0,0,0,0.0,0.0,0.0,0.0,0,0,0,0,0,0.00,0.00,0.00,0.00
150,Tariq Lamptey,Brighton,7,0,0,0,0,0,0,0,0.0,0.0,0.0,0.0,0,0,0,0,0,0.00,0.00,0.00,0.00
150,Tariq Lamptey,Brighton,8,0,0,0,0,0,0,0,0.0,0.0,0.0,0.0,0,0,0,0,0,0.00,0.00,0.00,0.00
150,Tariq Lamptey,Brighton,9,0,0,0,0,0,0,0,0.0,0.0,0.0,0.0,0,0,0,0,0,0.00,0.00,0.00,0.00
151,Jan Paul van Hecke,Brighton,1,2,90,0,0,0,0,0,28.0,1.3,0.0,2.9,7,4,1,8,1,0.00,0.13,0.13,0.76
151,Jan Paul van Hecke,Brighton,2,1,90,0,0,0,0,0,18.6,0.9,4.0,2.4,6,3,0,6,1,0.01,0.01,0.02,1.60
151,Jan Paul van Hecke,Brighton,3,1,90,0,0,0,1,0,17.2,0.4,33.0,5.1,4,5,1,5,1,0.29,0.00,0.29,1.82
151,Jan Paul van Hecke,Brighton,4,3,90,0,0,0,0,0,24.0,0.8,2.0,2.7,10,2,0,10,1,0.00,0.02,0.02,1.45
151,Jan Paul van Hecke,Brighton,5,1,90,0,0,0,0,0,15.2,0.3,0.0,1.6,11,1,1,12,1,0.00,0.00,0.00,1.22
151,Jan Paul van Hecke,Brighton,6,3,90,0,0,0,1,0,34.6,1.8,4.0,4.0,11,4,4,15,1,0.03,0.03,0.06,1.81
151,Jan Paul van Hecke,Brighton,7,11,90,1,0,0,0,0,48.2,3.0,21.0,7.2,3,2,1,4,1,0.13,0.02,0.14,0.56
151,Jan Paul van Hecke,Brighton,8,4,90,0,0,0,0,0,43.2,5.4,2.0,5.1,13,5,3,16,1,0.00,0.01,0.01,1.45
151,Jan Paul van Hecke,Brighton,9,2,90,0,0,0,0,0,31.6,16.1,0.0,4.8,5,1,5,10,1,0.00,0.03,0.03,1.29
152,Joël Veltman,Brighton,1,0,0,0,0,0,0,0,0.0,0.0,0.0,0.0,0,0,0,0,0,0.00,0.00,0.00,0.00
152,Joël Veltman,Brighton,2,0,0,0,0,0,0,0,0.0,0.0,0.0,0.0,0,0,0,0,0,0.00,0.00,0.00,0.00
152,Joël Veltman,Brighton,3,1,90,0,0,0,1,0,8.2,3.3,2.0,1.4,2,0,3,5,1,0.00,0.00,0.00,1.82
152,Joël Veltman,Brighton,4,3,90,0,0,0,0,0,22.4,11.3,4.0,3.8,6,7,4,10,1,0.00,0.01,0.01,1.45
152,Joël Veltman,Brighton,5,3,90,0,0,0,0,0,27.0,5.2,0.0,3.2,8,4,7,15,1,0.00,0.00,0.00,1.22
152,Joël Veltman,Brighton,6,0,54,0,0,0,1,0,10.6,0.1,0.0,1.1,5,1,1,6,1,0.00,0.00,0.00,1.33
152,Joël Veltman,Brighton,7,0,0,0,0,0,0,0,0.0,0.0,0.0,0.0,0,0,0,0,0,0.00,0.00,0.00,0.00
152,Joël Veltman,Brighton,8,0,0,0,0,0,0,0,0.0,0.0,0.0,0.0,0,0,0,0,0,0.00,0.00,0.00,0.00
152,Joël Veltman,Brighton,9,0,0,0,0,0,0,0,0.0,0.0,0.0,0.0,0,0,0,0,0,0.00,0.00,0.00,0.00
153,Adam Webster,Brighton,1,0,0,0,0,0,0,0,0.0,0.0,0.0,0.0,0,0,0,0,0,0.00,0.00,0.00,0.00
153,Adam Webster,Brighton,2,0,0,0,0,0,0,0,0.0,0.0,0.0,0.0,0,0,0,0,0,0.00,0.00,0.00,0.00
153,Adam Webster,Brighton,3,0,0,0,0,0,0,0,0.0,0.0,0.0,0.0,0,0,0,0,0,0.00,0.00,0.00,0.00
153,Adam Webster,Brighton,4,0,0,0,0,0,0,0,0.0,0.0,0.0,0.0,0,0,0,0,0,0.00,0.00,0.00,0.00
153,Adam Webster,Brighton,5,0,0,0,0,0,0,0,0.0,0.0,0.0,0.0,0,0,0,0,0,0.00,0.00,0.00,0.00
153,Adam Webster,Brighton,6,0,0,0,0,0,0,0,0.0,0.0,0.0,0.0,0,0,0,0,0,0.00,0.00,0.00,0.00
153,Adam Webster,Brighton,7,0,0,0,0,0,0,0,0.0,0.0,0.0,0.0,0,0,0,0,0,0.00,0.00,0.00,0.00
153,Adam Webster,Brighton,8,0,0,0,0,0,0,0,0.0,0.0,0.0,0.0,0,0,0,0,0,0.00,0.00,0.00,0.00
153,Adam Webster,Brighton,9,0,0,0,0,0,0,0,0.0,0.0,0.0,0.0,0,0,0,0,0,0.00,0.00,0.00,0.00
154,Eiran Cashin,Brighton,1,0,0,0,0,0,0,0,0.0,0.0,0.0,0.0,0,0,0,0,0,0.00,0.00,0.00,0.00
154,Eiran Cashin,Brighton,2,0,0,0,0,0,0,0,0.0,0.0,0.0,0.0,0,0,0,0,0,0.00,0.00,0.00,0.00
154,Eiran Cashin,Brighton,3,0,0,0,0,0,0,0,0.0,0.0,0.0,0.0,0,0,0,0,0,0.00,0.00,0.00,0.00
154,Eiran Cashin,Brighton,4,0,0,0,0,0,0,0,0.0,0.0,0.0,0.0,0,0,0,0,0,0.00,0.00,0.00,0.00
154,Eiran Cashin,Brighton,5,0,0,0,0,0,0,0,0.0,0.0,0.0,0.0,0,0,0,0,0,0.00,0.00,0.00,0.00
154,Eiran Cashin,Brighton,6,0,0,0,0,0,0,0,0.0,0.0,0.0,0.0,0,0,0,0,0,0.00,0.00,0.00,0.00
154,Eiran Cashin,Brighton,7,0,0,0,0,0,0,0,0.0,0.0,0.0,0.0,0,0,0,0,0,0.00,0.00,0.00,0.00
154,Eiran Cashin,Brighton,8,0,0,0,0,0,0,0,0.0,0.0,0.0,0.0,0,0,0,0,0,0.00,0.00,0.00,0.00
154,Eiran Cashin,Brighton,9,0,0,0,0,0,0,0,0.0,0.0,0.0,0.0,0,0,0,0,0,0.00,0.00,0.00,0.00
155,Jacob Slater,Brighton,1,0,0,0,0,0,0,0,0.0,0.0,0.0,0.0,0,0,0,0,0,0.00,0.00,0.00,0.00
155,Jacob Slater,Brighton,2,0,0,0,0,0,0,0,0.0,0.0,0.0,0.0,0,0,0,0,0,0.00,0.00,0.00,0.00
155,Jacob Slater,Brighton,3,0,0,0,0,0,0,0,0.0,0.0,0.0,0.0,0,0,0,0,0,0.00,0.00,0.00,0.00
155,Jacob Slater,Brighton,4,0,0,0,0,0,0,0,0.0,0.0,0.0,0.0,0,0,0,0,0,0.00,0.00,0.00,0.00
155,Jacob Slater,Brighton,5,0,0,0,0,0,0,0,0.0,0.0,0.0,0.0,0,0,0,0,0,0.00,0.00,0.00,0.00
155,Jacob Slater,Brighton,6,0,0,0,0,0,0,0,0.0,0.0,0.0,0.0,0,0,0,0,0,0.00,0.00,0.00,0.00
155,Jacob Slater,Brighton,7,0,0,0,0,0,0,0,0.0,0.0,0.0,0.0,0,0,0,0,0,0.00,0.00,0.00,0.00
155,Jacob Slater,Brighton,8,0,0,0,0,0,0,0,0.0,0.0,0.0,0.0,0,0,0,0,0,0.00,0.00,0.00,0.00
155,Jacob Slater,Brighton,9,0,0,0,0,0,0,0,0.0,0.0,0.0,0.0,0,0,0,0,0,0.00,0.00,0.00,0.00
156,Charlie Tasker,Brighton,1,0,0,0,0,0,0,0,0.0,0.0,0.0,0.0,0,0,0,0,0,0.00,0.00,0.00,0.00
156,Charlie Tasker,Brighton,2,0,0,0,0,0,0,0,0.0,0.0,0.0,0.0,0,0,0,0,0,0.00,0.00,0.00,0.00
156,Charlie Tasker,Brighton,3,0,0,0,0,0,0,0,0.0,0.0,0.0,0.0,0,0,0,0,0,0.00,0.00,0.00,0.00
156,Charlie Tasker,Brighton,4,0,0,0,0,0,0,0,0.0,0.0,0.0,0.0,0,0,0,0,0,0.00,0.00,0.00,0.00
156,Charlie Tasker,Brighton,5,0,0,0,0,0,0,0,0.0,0.0,0.0,0.0,0,0,0,0,0,0.00,0.00,0.00,0.00
156,Charlie Tasker,Brighton,6,0,0,0,0,0,0,0,0.0,0.0,0.0,0.0,0,0,0,0,0,0.00,0.00,0.00,0.00
156,Charlie Tasker,Brighton,7,0,0,0,0,0,0,0,0.0,0.0,0.0,0.0,0,0,0,0,0,0.00,0.00,0.00,0.00
156,Charlie Tasker,Brighton,8,0,0,0,0,0,0,0,0.0,0.0,0.0,0.0,0,0,0,0,0,0.00,0.00,0.00,0.00
156,Charlie Tasker,Brighton,9,0,0,0,0,0,0,0,0.0,0.0,0.0,0.0,0,0,0,0,0,0.00,0.00,0.00,0.00
157,Mitoma Kaoru,Brighton,1,2,82,0,0,1,1,0,0.0,2.4,8.0,0.6,0,0,0,0,1,0.07,0.04,0.11,0.52
157,Mitoma Kaoru,Brighton,2,2,90,0,0,0,0,0,12.0,42.8,10.0,6.5,0,4,1,5,1,0.15,0.09,0.24,1.60
157,Mitoma Kaoru,Brighton,3,5,90,0,1,0,0,0,27.4,33.3,12.0,7.3,3,2,2,7,1,0.08,0.04,0.12,1.82
157,Mitoma Kaoru,Brighton,4,7,90,1,0,0,0,0,35.6,3.0,35.0,7.4,0,0,0,0,1,0.37,0.03,0.40,1.45
157,Mitoma Kaoru,Brighton,5,2,90,0,0,0,0,0,11.2,12.8,19.0,4.3,2,5,0,7,1,0.09,0.07,0.16,1.22
157,Mitoma Kaoru,Brighton,6,2,66,0,0,0,0,0,2.2,1.5,4.0,0.8,1,2,0,3,1,0.00,0.02,0.02,1.38
157,Mitoma Kaoru,Brighton,7,0,0,0,0,0,0,0,0.0,0.0,0.0,0.0,0,0,0,0,0,0.00,0.00,0.00,0.00
157,Mitoma Kaoru,Brighton,8,0,0,0,0,0,0,0,0.0,0.0,0.0,0.0,0,0,0,0,0,0.00,0.00,0.00,0.00
157,Mitoma Kaoru,Brighton,9,0,0,0,0,0,0,0,0.0,0.0,0.0,0.0,0,0,0,0,0,0.00,0.00,0.00,0.00
158,Georginio Rutter,Brighton,1,6,68,0,1,1,0,0,2.2,1.2,15.0,1.8,0,1,1,2,1,0.07,0.00,0.07,0.52
158,Georginio Rutter,Brighton,2,0,0,0,0,0,0,0,0.0,0.0,0.0,0.0,0,0,0,0,0,0.00,0.00,0.00,0.00
158,Georginio Rutter,Brighton,3,1,29,0,0,0,0,0,5.2,12.1,19.0,3.6,0,0,0,0,0,0.07,0.06,0.13,0.17
158,Georginio Rutter,Brighton,4,1,66,0,0,0,1,0,6.8,12.2,6.0,2.5,2,2,1,5,1,0.00,0.01,0.01,1.20
158,Georginio Rutter,Brighton,5,5,74,0,1,0,0,0,31.8,21.8,6.0,6.0,5,1,1,7,1,0.00,0.02,0.02,1.16
158,Georginio Rutter,Brighton,6,2,84,0,0,0,0,0,10.4,15.3,2.0,2.8,2,4,1,7,1,0.00,0.35,0.35,1.40
158,Georginio Rutter,Brighton,7,1,45,0,0,0,0,0,2.0,0.8,26.0,2.9,1,1,0,2,0,0.20,0.01,0.21,0.35
158,Georginio Rutter,Brighton,8,7,70,0,1,1,0,0,32.4,25.3,14.0,7.2,2,4,2,8,1,0.05,0.28,0.33,0.70
158,Georginio Rutter,Brighton,9,2,78,0,0,0,0,0,4.6,13.7,4.0,2.2,0,1,0,1,1,0.00,0.07,0.07,0.86
159,Solly March,Brighton,1,0,0,0,0,0,0,0,0.0,0.0,0.0,0.0,0,0,0,0,0,0.00,0.00,0.00,0.00
159,Solly March,Brighton,2,0,0,0,0,0,0,0,0.0,0.0,0.0,0.0,0,0,0,0,0,0.00,0.00,0.00,0.00
159,Solly March,Brighton,3,0,0,0,0,0,0,0,0.0,0.0,0.0,0.0,0,0,0,0,0,0.00,0.00,0.00,0.00
159,Solly March,Brighton,4,0,0,0,0,0,0,0,0.0,0.0,0.0,0.0,0,0,0,0,0,0.00,0.00,0.00,0.00
159,Solly March,Brighton,5,0,0,0,0,0,0,0,0.0,0.0,0.0,0.0,0,0,0,0,0,0.00,0.00,0.00,0.00
159,Solly March,Brighton,6,0,0,0,0,0,0,0,0.0,0.0,0.0,0.0,0,0,0,0,0,0.00,0.00,0.00,0.00
159,Solly March,Brighton,7,0,0,0,0,0,0,0,0.0,0.0,0.0,0.0,0,0,0,0,0,0.00,0.00,0.00,0.00
159,Solly March,Brighton,8,0,0,0,0,0,0,0,0.0,0.0,0.0,0.0,0,0,0,0,0,0.00,0.00,0.00,0.00
159,Solly March,Brighton,9,0,0,0,0,0,0,0,0.0,0.0,0.0,0.0,0,0,0,0,0,0.00,0.00,0.00,0.00
160,Yankuba Minteh,Brighton,1,3,68,0,0,1,0,0,0.4,2.9,12.0,1.5,1,3,0,4,1,0.09,0.02,0.11,0.52
160,Yankuba Minteh,Brighton,2,2,90,0,0,0,0,0,16.2,42.4,29.0,8.8,2,4,1,7,1,0.08,0.55,0.63,1.60
160,Yankuba Minteh,Brighton,3,4,90,0,0,0,0,0,13.6,11.4,29.0,5.4,2,7,3,12,1,0.20,0.03,0.23,1.76
160,Yankuba Minteh,Brighton,4,6,90,0,1,0,0,0,29.0,16.9,37.0,8.3,0,4,2,6,1,0.14,0.15,0.29,1.45
160,Yankuba Minteh,Brighton,5,9,75,1,0,0,0,0,39.0,12.7,39.0,9.1,0,5,2,7,1,0.74,0.00,0.74,1.16
160,Yankuba Minteh,Brighton,6,5,90,0,1,0,0,0,23.4,19.3,28.0,7.1,3,1,2,6,1,0.36,0.24,0.60,1.81
160,Yankuba Minteh,Brighton,7,2,90,0,0,0,0,0,26.8,62.3,5.0,9.4,2,6,2,10,1,0.01,0.24,0.25,0.56
160,Yankuba Minteh,Brighton,8,2,89,0,0,0,0,0,11.6,19.0,24.0,5.5,1,5,5,11,1,0.11,0.27,0.38,1.37
160,Yankuba Minteh,Brighton,9,5,90,0,1,0,0,0,4.4,12.3,10.0,2.7,0,3,2,5,1,0.03,0.02,0.05,1.29
161,Julio Enciso Espínola,Brighton,1,0,0,0,0,0,0,0,0.0,0.0,0.0,0.0,0,0,0,0,0,0.00,0.00,0.00,0.00
161,Julio Enciso Espínola,Brighton,2,0,0,0,0,0,0,0,0.0,0.0,0.0,0.0,0,0,0,0,0,0.00,0.00,0.00,0.00
161,Julio Enciso Espínola,Brighton,3,0,0,0,0,0,0,0,0.0,0.0,0.0,0.0,0,0,0,0,0,0.00,0.00,0.00,0.00
161,Julio Enciso Espínola,Brighton,4,0,0,0,0,0,0,0,0.0,0.0,0.0,0.0,0,0,0,0,0,0.00,0.00,0.00,0.00
161,Julio Enciso Espínola,Brighton,5,0,0,0,0,0,0,0,0.0,0.0,0.0,0.0,0,0,0,0,0,0.00,0.00,0.00,0.00
161,Julio Enciso Espínola,Brighton,6,0,0,0,0,0,0,0,0.0,0.0,0.0,0.0,0,0,0,0,0,0.00,0.00,0.00,0.00
161,Julio Enciso Espínola,Brighton,7,0,0,0,0,0,0,0,0.0,0.0,0.0,0.0,0,0,0,0,0,0.00,0.00,0.00,0.00
161,Julio Enciso Espínola,Brighton,8,0,0,0,0,0,0,0,0.0,0.0,0.0,0.0,0,0,0,0,0,0.00,0.00,0.00,0.00
161,Julio Enciso Espínola,Brighton,9,0,0,0,0,0,0,0,0.0,0.0,0.0,0.0,0,0,0,0,0,0.00,0.00,0.00,0.00
162,Brajan Gruda,Brighton,1,1,7,0,0,0,0,0,0.2,0.3,4.0,0.5,0,1,1,2,0,0.31,0.00,0.31,0.24
162,Brajan Gruda,Brighton,2,1,5,0,0,0,0,0,0.0,0.0,6.0,0.5,0,1,0,1,0,0.06,0.00,0.06,0.39
162,Brajan Gruda,Brighton,3,8,29,1,0,0,0,0,39.2,10.4,35.0,8.5,0,2,0,2,0,0.78,0.00,0.78,0.17
162,Brajan Gruda,Brighton,4,1,23,0,0,0,0,0,0.6,0.7,0.0,0.1,0,2,0,2,0,0.00,0.01,0.01,0.25
162,Brajan Gruda,Brighton,5,2,62,0,0,0,0,0,2.4,11.8,3.0,1.7,1,3,1,5,1,0.09,0.01,0.10,0.91
162,Brajan Gruda,Brighton,6,4,23,0,1,0,0,0,20.0,14.8,2.0,3.7,0,1,1,2,0,0.00,0.33,0.33,0.43
162,Brajan Gruda,Brighton,7,2,69,0,0,0,0,0,11.6,18.3,44.0,7.4,0,5,2,7,1,0.33,0.05,0.38,0.51
162,Brajan Gruda,Brighton,8,0,0,0,0,0,0,0,0.0,0.0,0.0,0.0,0,0,0,0,0,0.00,0.00,0.00,0.00
162,Brajan Gruda,Brighton,9,0,0,0,0,0,0,0,0.0,0.0,0.0,0.0,0,0,0,0,0,0.00,0.00,0.00,0.00
163,Jack Hinshelwood,Brighton,1,0,0,0,0,0,0,0,0.0,0.0,0.0,0.0,0,0,0,0,0,0.00,0.00,0.00,0.00
163,Jack Hinshelwood,Brighton,2,1,45,0,0,0,0,0,4.6,1.2,0.0,0.6,0,2,1,3,0,0.00,0.01,0.01,0.67
163,Jack Hinshelwood,Brighton,3,2,60,0,0,0,0,0,4.8,0.8,0.0,0.6,2,4,2,8,1,0.00,0.00,0.00,1.65
163,Jack Hinshelwood,Brighton,4,1,2,0,0,0,0,0,0.0,0.0,0.0,0.0,0,0,0,0,1,0.00,0.00,0.00,0.00
163,Jack Hinshelwood,Brighton,5,0,0,0,0,0,0,0,0.0,0.0,0.0,0.0,0,0,0,0,0,0.00,0.00,0.00,0.00
163,Jack Hinshelwood,Brighton,6,0,0,0,0,0,0,0,0.0,0.0,0.0,0.0,0,0,0,0,0,0.00,0.00,0.00,0.00
163,Jack Hinshelwood,Brighton,7,0,0,0,0,0,0,0,0.0,0.0,0.0,0.0,0,0,0,0,0,0.00,0.00,0.00,0.00
163,Jack Hinshelwood,Brighton,8,0,0,0,0,0,0,0,0.0,0.0,0.0,0.0,0,0,0,0,0,0.00,0.00,0.00,0.00
163,Jack Hinshelwood,Brighton,9,0,0,0,0,0,0,0,0.0,0.0,0.0,0.0,0,0,0,0,0,0.00,0.00,0.00,0.00
164,Matt O'Riley,Brighton,1,10,87,1,0,1,0,0,45.8,44.3,25.0,11.5,0,0,3,3,1,0.79,0.14,0.93,0.52
164,Matt O'Riley,Brighton,2,2,90,0,0,0,0,0,15.0,22.3,38.0,7.5,3,2,1,6,1,0.42,0.03,0.45,1.60
164,Matt O'Riley,Brighton,3,0,0,0,0,0,0,0,0.0,0.0,0.0,0.0,0,0,0,0,0,0.00,0.00,0.00,0.00
164,Matt O'Riley,Brighton,4,0,0,0,0,0,0,0,0.0,0.0,0.0,0.0,0,0,0,0,0,0.00,0.00,0.00,0.00
164,Matt O'Riley,Brighton,5,0,0,0,0,0,0,0,0.0,0.0,0.0,0.0,0,0,0,0,0,0.00,0.00,0.00,0.00
164,Matt O'Riley,Brighton,6,0,0,0,0,0,0,0,0.0,0.0,0.0,0.0,0,0,0,0,0,0.00,0.00,0.00,0.00
164,Matt O'Riley,Brighton,7,0,0,0,0,0,0,0,0.0,0.0,0.0,0.0,0,0,0,0,0,0.00,0.00,0.00,0.00
164,Matt O'Riley,Brighton,8,0,0,0,0,0,0,0,0.0,0.0,0.0,0.0,0,0,0,0,0,0.00,0.00,0.00,0.00
164,Matt O'Riley,Brighton,9,0,0,0,0,0,0,0,0.0,0.0,0.0,0.0,0,0,0,0,0,0.00,0.00,0.00,0.00
165,Abdallah Sima,Brighton,1,0,0,0,0,0,0,0,0.0,0.0,0.0,0.0,0,0,0,0,0,0.00,0.00,0.00,0.00
165,Abdallah Sima,Brighton,2,0,0,0,0,0,0,0,0.0,0.0,0.0,0.0,0,0,0,0,0,0.00,0.00,0.00,0.00
165,Abdallah Sima,Brighton,3,0,0,0,0,0,0,0,0.0,0.0,0.0,0.0,0,0,0,0,0,0.00,0.00,0.00,0.00
165,Abdallah Sima,Brighton,4,0,0,0,0,0,0,0,0.0,0.0,0.0,0.0,0,0,0,0,0,0.00,0.00,0.00,0.00
165,Abdallah Sima,Brighton,5,0,0,0,0,0,0,0,0.0,0.0,0.0,0.0,0,0,0,0,0,0.00,0.00,0.00,0.00
165,Abdallah Sima,Brighton,6,0,0,0,0,0,0,0,0.0,0.0,0.0,0.0,0,0,0,0,0,0.00,0.00,0.00,0.00
165,Abdallah Sima,Brighton,7,0,0,0,0,0,0,0,0.0,0.0,0.0,0.0,0,0,0,0,0,0.00,0.00,0.00,0.00
165,Abdallah Sima,Brighton,8,0,0,0,0,0,0,0,0.0,0.0,0.0,0.0,0,0,0,0,0,0.00,0.00,0.00,0.00
165,Abdallah Sima,Brighton,9,0,0,0,0,0,0,0,0.0,0.0,0.0,0.0,0,0,0,0,0,0.00,0.00,0.00,0.00
166,Yasin Ayari,Brighton,1,3,90,0,0,0,0,0,7.2,3.2,2.0,1.2,3,6,1,10,1,0.00,0.12,0.12,0.76
166,Yasin Ayari,Brighton,2,2,66,0,0,0,0,0,10.6,3.9,18.0,3.3,1,2,3,6,1,0.15,0.02,0.17,1.20
166,Yasin Ayari,Brighton,3,1,29,0,0,0,0,0,6.8,24.7,0.0,3.2,1,1,1,3,0,0.00,0.01,0.01,0.17
166,Yasin Ayari,Brighton,4,2,87,0,0,0,0,0,15.4,2.4,0.0,1.8,3,3,4,10,0,0.00,0.07,0.07,1.45
166,Yasin Ayari,Brighton,5,8,90,1,0,0,0,0,34.8,11.8,22.0,6.9,2,7,1,10,1,0.24,0.02,0.26,1.22
166,Yasin Ayari,Brighton,6,2,90,0,0,0,0,0,13.0,21.3,3.0,3.7,3,5,2,10,1,0.05,0.16,0.21,1.81
166,Yasin Ayari,Brighton,7,2,90,0,0,0,0,0,13.6,23.8,2.0,3.9,2,4,3,9,1,0.02,0.04,0.06,0.56
166,Yasin Ayari,Brighton,8,2,90,0,0,0,0,0,13.6,34.3,11.0,5.9,1,2,2,5,1,0.08,0.02,0.10,1.45
166,Yasin Ayari,Brighton,9,1,59,0,0,0,0,0,1.0,3.4,8.0,1.2,5,6,0,11,1,0.08,0.01,0.09,0.62
167,Carlos Baleba,Brighton,1,3,68,0,0,1,0,0,4.0,11.9,1.0,1.7,4,6,1,11,1,0.02,0.01,0.03,0.52
167,Carlos Baleba,Brighton,2,1,45,0,0,0,0,0,0.4,10.8,0.0,1.1,0,2,0,2,1,0.00,0.00,0.00,0.92
167,Carlos Baleba,Brighton,3,1,59,0,0,0,0,0,0.0,2.3,0.0,0.2,0,3,0,3,1,0.00,0.00,0.00,1.65
167,Carlos Baleba,Brighton,4,0,24,0,0,0,1,0,0.6,1.0,1.0,0.3,2,3,1,6,0,0.02,0.00,0.02,0.25
167,Carlos Baleba,Brighton,5,1,45,0,0,0,0,0,6.0,0.7,0.0,0.7,2,3,2,7,1,0.00,0.00,0.00,0.91
167,Carlos Baleba,Brighton,6,2,66,0,0,0,0,0,2.0,2.2,2.0,0.6,4,5,0,9,1,0.01,0.01,0.02,1.38
167,Carlos Baleba,Brighton,7,0,45,0,0,0,1,0,5.6,0.9,0.0,0.7,2,2,3,7,1,0.00,0.00,0.00,0.20
167,Carlos Baleba,Brighton,8,3,70,0,0,1,0,0,3.8,8.0,3.0,1.5,2,2,1,5,1,0.03,0.12,0.15,0.70
167,Carlos Baleba,Brighton,9,0,58,0,0,0,1,0,0.0,2.5,2.0,0.4,2,7,1,10,1,0.05,0.00,0.05,0.62
169,Diego Gómez Amarilla,Brighton,1,0,21,0,0,0,1,0,7.6,11.3,7.0,2.6,1,2,2,5,0,0.03,0.03,0.06,0.24
169,Diego Gómez Amarilla,Brighton,2,1,23,0,0,0,0,0,7.0,2.0,0.0,0.9,4,1,0,5,0,0.00,0.01,0.01,0.40
169,Diego Gómez Amarilla,Brighton,3,2,60,0,0,0,0,0,3.8,0.3,0.0,0.4,0,3,3,6,1,0.00,0.00,0.00,1.65
169,Diego Gómez Amarilla,Brighton,4,0,0,0,0,0,0,0,0.0,0.0,0.0,0.0,0,0,0,0,0,0.00,0.00,0.00,0.00
169,Diego Gómez Amarilla,Brighton,5,0,45,0,0,0,1,0,7.0,14.6,4.0,2.6,0,2,3,5,0,0.02,0.06,0.08,0.31
169,Diego Gómez Amarilla,Brighton,6,2,84,0,0,0,0,0,2.8,1.8,3.0,0.8,0,3,3,6,1,0.10,0.01,0.11,1.40
169,Diego Gómez Amarilla,Brighton,7,2,76,0,0,0,0,0,12.4,1.3,17.0,3.1,2,1,5,8,1,0.13,0.01,0.14,0.56
169,Diego Gómez Amarilla,Brighton,8,1,35,0,0,0,0,0,3.6,11.1,8.0,2.3,0,3,1,4,1,0.00,0.01,0.01,0.18
169,Diego Gómez Amarilla,Brighton,9,1,30,0,0,0,0,0,7.8,2.0,6.0,1.6,2,3,2,7,0,0.04,0.00,0.04,0.67
170,James Milner,Brighton,1,1,2,0,0,0,0,0,0.0,0.1,0.0,0.0,0,0,0,0,0,0.00,0.00,0.00,0.24
170,James Milner,Brighton,2,0,0,0,0,0,0,0,0.0,0.0,0.0,0.0,0,0,0,0,0,0.00,0.00,0.00,0.00
170,James Milner,Brighton,3,6,30,1,0,0,0,0,35.6,0.4,17.0,5.3,0,1,1,2,0,0.79,0.01,0.80,0.17
170,James Milner,Brighton,4,1,65,0,0,0,1,0,8.0,5.0,0.0,1.3,2,2,2,6,1,0.00,0.02,0.02,1.20
170,James Milner,Brighton,5,1,27,0,0,0,0,0,5.2,11.3,0.0,1.7,1,3,0,4,0,0.00,0.03,0.03,0.31
170,James Milner,Brighton,6,0,0,0,0,0,0,0,0.0,0.0,0.0,0.0,0,0,0,0,0,0.00,0.00,0.00,0.00
170,James Milner,Brighton,7,1,13,0,0,0,0,0,5.2,20.1,0.0,2.5,0,1,0,1,0,0.00,0.06,0.06,0.00
170,James Milner,Brighton,8,1,19,0,0,0,0,0,1.2,0.1,0.0,0.1,2,1,0,3,0,0.00,0.00,0.00,0.75
170,James Milner,Brighton,9,4,31,0,1,0,0,0,24.4,34.2,0.0,5.9,1,2,0,3,0,0.00,0.28,0.28,0.67
171,Jeremy Sarmiento Morante,Brighton,1,0,0,0,0,0,0,0,0.0,0.0,0.0,0.0,0,0,0,0,0,0.00,0.00,0.00,0.00
171,Jeremy Sarmiento Morante,Brighton,2,0,0,0,0,0,0,0,0.0,0.0,0.0,0.0,0,0,0,0,0,0.00,0.00,0.00,0.00
171,Jeremy Sarmiento Morante,Brighton,3,0,0,0,0,0,0,0,0.0,0.0,0.0,0.0,0,0,0,0,0,0.00,0.00,0.00,0.00
171,Jeremy Sarmiento Morante,Brighton,4,0,0,0,0,0,0,0,0.0,0.0,0.0,0.0,0,0,0,0,0,0.00,0.00,0.00,0.00
171,Jeremy Sarmiento Morante,Brighton,5,0,0,0,0,0,0,0,0.0,0.0,0.0,0.0,0,0,0,0,0,0.00,0.00,0.00,0.00
171,Jeremy Sarmiento Morante,Brighton,6,0,0,0,0,0,0,0,0.0,0.0,0.0,0.0,0,0,0,0,0,0.00,0.00,0.00,0.00
171,Jeremy Sarmiento Morante,Brighton,7,0,0,0,0,0,0,0,0.0,0.0,0.0,0.0,0,0,0,0,0,0.00,0.00,0.00,0.00
171,Jeremy Sarmiento Morante,Brighton,8,0,0,0,0,0,0,0,0.0,0.0,0.0,0.0,0,0,0,0,0,0.00,0.00,0.00,0.00
171,Jeremy Sarmiento Morante,Brighton,9,0,0,0,0,0,0,0,0.0,0.0,0.0,0.0,0,0,0,0,0,0.00,0.00,0.00,0.00
172,Tom Watson,Brighton,1,0,0,0,0,0,0,0,0.0,0.0,0.0,0.0,0,0,0,0,0,0.00,0.00,0.00,0.00
172,Tom Watson,Brighton,2,0,0,0,0,0,0,0,0.0,0.0,0.0,0.0,0,0,0,0,0,0.00,0.00,0.00,0.00
172,Tom Watson,Brighton,3,0,0,0,0,0,0,0,0.0,0.0,0.0,0.0,0,0,0,0,0,0.00,0.00,0.00,0.00
172,Tom Watson,Brighton,4,0,0,0,0,0,0,0,0.0,0.0,0.0,0.0,0,0,0,0,0,0.00,0.00,0.00,0.00
172,Tom Watson,Brighton,5,0,0,0,0,0,0,0,0.0,0.0,0.0,0.0,0,0,0,0,0,0.00,0.00,0.00,0.00
172,Tom Watson,Brighton,6,0,0,0,0,0,0,0,0.0,0.0,0.0,0.0,0,0,0,0,0,0.00,0.00,0.00,0.00
172,Tom Watson,Brighton,7,0,0,0,0,0,0,0,0.0,0.0,0.0,0.0,0,0,0,0,0,0.00,0.00,0.00,0.00
172,Tom Watson,Brighton,8,0,0,0,0,0,0,0,0.0,0.0,0.0,0.0,0,0,0,0,0,0.00,0.00,0.00,0.00
172,Tom Watson,Brighton,9,1,31,0,0,0,0,0,5.6,1.3,7.0,1.4,0,2,1,3,0,0.04,0.01,0.05,0.67
173,Mats Wieffer,Brighton,1,4,90,0,0,0,0,0,24.8,2.8,21.0,4.9,8,5,5,18,1,0.02,0.02,0.04,0.76
173,Mats Wieffer,Brighton,2,3,84,0,0,0,1,0,20.0,2.4,0.0,2.2,3,3,7,13,1,0.00,0.02,0.02,1.21
173,Mats Wieffer,Brighton,3,0,0,0,0,0,0,0,0.0,0.0,0.0,0.0,0,0,0,0,0,0.00,0.00,0.00,0.00
173,Mats Wieffer,Brighton,4,0,0,0,0,0,0,0,0.0,0.0,0.0,0.0,0,0,0,0,0,0.00,0.00,0.00,0.00
173,Mats Wieffer,Brighton,5,1,5,0,0,0,0,0,2.2,0.8,0.0,0.3,0,1,1,2,0,0.00,0.01,0.01,0.02
173,Mats Wieffer,Brighton,6,3,35,0,1,0,1,0,20.2,11.6,2.0,3.4,0,2,2,4,0,0.00,0.36,0.36,0.48
173,Mats Wieffer,Brighton,7,1,69,0,0,0,1,0,7.4,26.6,10.0,4.4,4,3,0,7,1,0.10,0.11,0.21,0.51
173,Mats Wieffer,Brighton,8,7,90,0,1,0,0,0,21.8,2.9,8.0,3.3,5,5,3,13,1,0.03,0.01,0.04,1.45
173,Mats Wieffer,Brighton,9,4,86,0,0,0,0,0,26.0,23.8,2.0,5.2,6,6,4,16,1,0.00,0.02,0.02,0.90
174,Malick Yalcouyé,Brighton,1,0,0,0,0,0,0,0,0.0,0.0,0.0,0.0,0,0,0,0,0,0.00,0.00,0.00,0.00
174,Malick Yalcouyé,Brighton,2,0,0,0,0,0,0,0,0.0,0.0,0.0,0.0,0,0,0,0,0,0.00,0.00,0.00,0.00
174,Malick Yalcouyé,Brighton,3,0,0,0,0,0,0,0,0.0,0.0,0.0,0.0,0,0,0,0,0,0.00,0.00,0.00,0.00
174,Malick Yalcouyé,Brighton,4,0,0,0,0,0,0,0,0.0,0.0,0.0,0.0,0,0,0,0,0,0.00,0.00,0.00,0.00
174,Malick Yalcouyé,Brighton,5,0,0,0,0,0,0,0,0.0,0.0,0.0,0.0,0,0,0,0,0,0.00,0.00,0.00,0.00
174,Malick Yalcouyé,Brighton,6,0,0,0,0,0,0,0,0.0,0.0,0.0,0.0,0,0,0,0,0,0.00,0.00,0.00,0.00
174,Malick Yalcouyé,Brighton,7,0,0,0,0,0,0,0,0.0,0.0,0.0,0.0,0,0,0,0,0,0.00,0.00,0.00,0.00
174,Malick Yalcouyé,Brighton,8,0,0,0,0,0,0,0,0.0,0.0,0.0,0.0,0,0,0,0,0,0.00,0.00,0.00,0.00
174,Malick Yalcouyé,Brighton,9,0,0,0,0,0,0,0,0.0,0.0,0.0,0.0,0,0,0,0,0,0.00,0.00,0.00,0.00
175,Joe Knight,Brighton,1,0,0,0,0,0,0,0,0.0,0.0,0.0,0.0,0,0,0,0,0,0.00,0.00,0.00,0.00
175,Joe Knight,Brighton,2,0,0,0,0,0,0,0,0.0,0.0,0.0,0.0,0,0,0,0,0,0.00,0.00,0.00,0.00
175,Joe Knight,Brighton,3,0,0,0,0,0,0,0,0.0,0.0,0.0,0.0,0,0,0,0,0,0.00,0.00,0.00,0.00
175,Joe Knight,Brighton,4,0,0,0,0,0,0,0,0.0,0.0,0.0,0.0,0,0,0,0,0,0.00,0.00,0.00,0.00
175,Joe Knight,Brighton,5,0,0,0,0,0,0,0,0.0,0.0,0.0,0.0,0,0,0,0,0,0.00,0.00,0.00,0.00
175,Joe Knight,Brighton,6,0,0,0,0,0,0,0,0.0,0.0,0.0,0.0,0,0,0,0,0,0.00,0.00,0.00,0.00
175,Joe Knight,Brighton,7,0,0,0,0,0,0,0,0.0,0.0,0.0,0.0,0,0,0,0,0,0.00,0.00,0.00,0.00
175,Joe Knight,Brighton,8,0,0,0,0,0,0,0,0.0,0.0,0.0,0.0,0,0,0,0,0,0.00,0.00,0.00,0.00
175,Joe Knight,Brighton,9,0,0,0,0,0,0,0,0.0,0.0,0.0,0.0,0,0,0,0,0,0.00,0.00,0.00,0.00
176,Adrian Mazilu,Brighton,1,0,0,0,0,0,0,0,0.0,0.0,0.0,0.0,0,0,0,0,0,0.00,0.00,0.00,0.00
176,Adrian Mazilu,Brighton,2,0,0,0,0,0,0,0,0.0,0.0,0.0,0.0,0,0,0,0,0,0.00,0.00,0.00,0.00
176,Adrian Mazilu,Brighton,3,0,0,0,0,0,0,0,0.0,0.0,0.0,0.0,0,0,0,0,0,0.00,0.00,0.00,0.00
176,Adrian Mazilu,Brighton,4,0,0,0,0,0,0,0,0.0,0.0,0.0,0.0,0,0,0,0,0,0.00,0.00,0.00,0.00
176,Adrian Mazilu,Brighton,5,0,0,0,0,0,0,0,0.0,0.0,0.0,0.0,0,0,0,0,0,0.00,0.00,0.00,0.00
176,Adrian Mazilu,Brighton,6,0,0,0,0,0,0,0,0.0,0.0,0.0,0.0,0,0,0,0,0,0.00,0.00,0.00,0.00
176,Adrian Mazilu,Brighton,7,0,0,0,0,0,0,0,0.0,0.0,0.0,0.0,0,0,0,0,0,0.00,0.00,0.00,0.00
176,Adrian Mazilu,Brighton,8,0,0,0,0,0,0,0,0.0,0.0,0.0,0.0,0,0,0,0,0,0.00,0.00,0.00,0.00
176,Adrian Mazilu,Brighton,9,0,0,0,0,0,0,0,0.0,0.0,0.0,0.0,0,0,0,0,0,0.00,0.00,0.00,0.00
177,Andrew Moran,Brighton,1,0,0,0,0,0,0,0,0.0,0.0,0.0,0.0,0,0,0,0,0,0.00,0.00,0.00,0.00
177,Andrew Moran,Brighton,2,0,0,0,0,0,0,0,0.0,0.0,0.0,0.0,0,0,0,0,0,0.00,0.00,0.00,0.00
177,Andrew Moran,Brighton,3,0,0,0,0,0,0,0,0.0,0.0,0.0,0.0,0,0,0,0,0,0.00,0.00,0.00,0.00
177,Andrew Moran,Brighton,4,0,0,0,0,0,0,0,0.0,0.0,0.0,0.0,0,0,0,0,0,0.00,0.00,0.00,0.00
177,Andrew Moran,Brighton,5,0,0,0,0,0,0,0,0.0,0.0,0.0,0.0,0,0,0,0,0,0.00,0.00,0.00,0.00
177,Andrew Moran,Brighton,6,0,0,0,0,0,0,0,0.0,0.0,0.0,0.0,0,0,0,0,0,0.00,0.00,0.00,0.00
177,Andrew Moran,Brighton,7,0,0,0,0,0,0,0,0.0,0.0,0.0,0.0,0,0,0,0,0,0.00,0.00,0.00,0.00
177,Andrew Moran,Brighton,8,0,0,0,0,0,0,0,0.0,0.0,0.0,0.0,0,0,0,0,0,0.00,0.00,0.00,0.00
177,Andrew Moran,Brighton,9,0,0,0,0,0,0,0,0.0,0.0,0.0,0.0,0,0,0,0,0,0.00,0.00,0.00,0.00
178,Danny Welbeck,Brighton,1,1,21,0,0,0,0,0,2.2,0.6,2.0,0.5,0,0,1,1,0,0.00,0.00,0.00,0.24
178,Danny Welbeck,Brighton,2,0,90,0,0,0,0,0,0.0,3.4,27.0,2.8,0,1,0,1,1,1.56,0.10,1.66,1.60
178,Danny Welbeck,Brighton,3,2,60,0,0,0,0,0,0.4,16.5,2.0,1.9,0,2,0,2,1,0.00,0.17,0.17,1.65
178,Danny Welbeck,Brighton,4,2,66,0,0,0,0,0,1.8,2.9,8.0,1.3,0,2,2,4,1,0.09,0.02,0.11,1.20
178,Danny Welbeck,Brighton,5,1,15,0,0,0,0,0,1.2,1.0,9.0,1.1,0,0,0,0,0,0.04,0.06,0.10,0.07
178,Danny Welbeck,Brighton,6,11,23,2,0,0,1,0,65.2,0.1,54.0,11.9,2,0,0,2,0,0.75,0.00,0.75,0.43
178,Danny Welbeck,Brighton,7,1,90,0,0,0,1,0,0.0,13.4,4.0,1.7,2,1,0,3,1,0.00,0.02,0.02,0.56
178,Danny Welbeck,Brighton,8,13,89,2,0,0,0,0,77.2,33.1,28.0,13.8,0,2,2,4,1,0.58,0.07,0.65,1.37
178,Danny Welbeck,Brighton,9,6,90,1,0,0,0,0,40.2,27.1,28.0,9.5,0,2,0,2,1,0.21,0.03,0.24,1.29
179,Evan Ferguson,Brighton,1,0,0,0,0,0,0,0,0.0,0.0,0.0,0.0,0,0,0,0,0,0.00,0.00,0.00,0.00
179,Evan Ferguson,Brighton,2,0,0,0,0,0,0,0,0.0,0.0,0.0,0.0,0,0,0,0,0,0.00,0.00,0.00,0.00
179,Evan Ferguson,Brighton,3,0,0,0,0,0,0,0,0.0,0.0,0.0,0.0,0,0,0,0,0,0.00,0.00,0.00,0.00
179,Evan Ferguson,Brighton,4,0,0,0,0,0,0,0,0.0,0.0,0.0,0.0,0,0,0,0,0,0.00,0.00,0.00,0.00
179,Evan Ferguson,Brighton,5,0,0,0,0,0,0,0,0.0,0.0,0.0,0.0,0,0,0,0,0,0.00,0.00,0.00,0.00
179,Evan Ferguson,Brighton,6,0,0,0,0,0,0,0,0.0,0.0,0.0,0.0,0,0,0,0,0,0.00,0.00,0.00,0.00
179,Evan Ferguson,Brighton,7,0,0,0,0,0,0,0,0.0,0.0,0.0,0.0,0,0,0,0,0,0.00,0.00,0.00,0.00
179,Evan Ferguson,Brighton,8,0,0,0,0,0,0,0,0.0,0.0,0.0,0.0,0,0,0,0,0,0.00,0.00,0.00,0.00
179,Evan Ferguson,Brighton,9,0,0,0,0,0,0,0,0.0,0.0,0.0,0.0,0,0,0,0,0,0.00,0.00,0.00,0.00
180,Stefanos Tzimas,Brighton,1,0,0,0,0,0,0,0,0.0,0.0,0.0,0.0,0,0,0,0,0,0.00,0.00,0.00,0.00
180,Stefanos Tzimas,Brighton,2,0,0,0,0,0,0,0,0.0,0.0,0.0,0.0,0,0,0,0,0,0.00,0.00,0.00,0.00
180,Stefanos Tzimas,Brighton,3,0,0,0,0,0,0,0,0.0,0.0,0.0,0.0,0,0,0,0,0,0.00,0.00,0.00,0.00
180,Stefanos Tzimas,Brighton,4,1,23,0,0,0,0,0,0.0,0.1,0.0,0.0,0,2,0,2,0,0.00,0.00,0.00,0.25
180,Stefanos Tzimas,Brighton,5,0,0,0,0,0,0,0,0.0,0.0,0.0,0.0,0,0,0,0,0,0.00,0.00,0.00,0.00
180,Stefanos Tzimas,Brighton,6,1,5,0,0,0,0,0,4.0,10.0,4.0,1.8,0,0,2,2,0,0.28,0.00,0.28,0.41
180,Stefanos Tzimas,Brighton,7,4,20,0,1,0,0,0,19.0,20.5,11.0,5.1,0,0,0,0,0,0.05,0.00,0.05,0.05
180,Stefanos Tzimas,Brighton,8,1,19,0,0,0,0,0,2.0,0.0,0.0,0.2,1,2,0,3,0,0.00,0.00,0.00,0.75
180,Stefanos Tzimas,Brighton,9,1,3,0,0,0,0,0,2.0,20.3,6.0,2.8,0,1,0,1,0,0.02,0.05,0.07,0.40
181,Charalampos Kostoulas,Brighton,1,0,0,0,0,0,0,0,0.0,0.0,0.0,0.0,0,0,0,0,0,0.00,0.00,0.00,0.00
181,Charalampos Kostoulas,Brighton,2,0,0,0,0,0,0,0,0.0,0.0,0.0,0.0,0,0,0,0,0,0.00,0.00,0.00,0.00
181,Charalampos Kostoulas,Brighton,3,0,0,0,0,0,0,0,0.0,0.0,0.0,0.0,0,0,0,0,0,0.00,0.00,0.00,0.00
181,Charalampos Kostoulas,Brighton,4,0,0,0,0,0,0,0,0.0,0.0,0.0,0.0,0,0,0,0,0,0.00,0.00,0.00,0.00
181,Charalampos Kostoulas,Brighton,5,0,0,0,0,0,0,0,0.0,0.0,0.0,0.0,0,0,0,0,0,0.00,0.00,0.00,0.00
181,Charalampos Kostoulas,Brighton,6,0,0,0,0,0,0,0,0.0,0.0,0.0,0.0,0,0,0,0,0,0.00,0.00,0.00,0.00
181,Charalampos Kostoulas,Brighton,7,0,0,0,0,0,0,0,0.0,0.0,0.0,0.0,0,0,0,0,0,0.00,0.00,0.00,0.00
181,Charalampos Kostoulas,Brighton,8,1,1,0,0,0,0,0,1.0,0.1,0.0,0.1,0,0,0,0,0,0.00,0.00,0.00,0.08
181,Charalampos Kostoulas,Brighton,9,5,11,1,0,0,0,0,34.2,0.5,40.0,7.5,0,2,0,2,0,0.27,0.01,0.28,0.43
744,Nehemiah Oriola,Brighton,8,0,0,0,0,0,0,0,0.0,0.0,0.0,0.0,0,0,0,0,0,0.00,0.00,0.00,0.00
744,Nehemiah Oriola,Brighton,9,0,0,0,0,0,0,0,0.0,0.0,0.0,0.0,0,0,0,0,0,0.00,0.00,0.00,0.00
168,Facundo Buonanotte,Chelsea,1,0,0,0,0,0,0,0,0.0,0.0,0.0,0.0,0,0,0,0,0,0.00,0.00,0.00,0.00
168,Facundo Buonanotte,Chelsea,2,0,0,0,0,0,0,0,0.0,0.0,0.0,0.0,0,0,0,0,0,0.00,0.00,0.00,0.00
168,Facundo Buonanotte,Chelsea,3,0,0,0,0,0,0,0,0.0,0.0,0.0,0.0,0,0,0,0,0,0.00,0.00,0.00,0.00
168,Facundo Buonanotte,Chelsea,4,1,45,0,0,0,0,0,5.6,25.1,8.0,3.9,0,2,1,3,1,0.00,0.09,0.09,0.55
168,Facundo Buonanotte,Chelsea,5,0,0,0,0,0,0,0,0.0,0.0,0.0,0.0,0,0,0,0,0,0.00,0.00,0.00,0.00
168,Facundo Buonanotte,Chelsea,6,0,0,0,0,0,0,0,0.0,0.0,0.0,0.0,0,0,0,0,0,0.00,0.00,0.00,0.00
168,Facundo Buonanotte,Chelsea,7,0,0,0,0,0,0,0,0.0,0.0,0.0,0.0,0,0,0,0,0,0.00,0.00,0.00,0.00
168,Facundo Buonanotte,Chelsea,8,0,0,0,0,0,0,0,0.0,0.0,0.0,0.0,0,0,0,0,0,0.00,0.00,0.00,0.00
168,Facundo Buonanotte,Chelsea,9,0,0,0,0,0,0,0,0.0,0.0,0.0,0.0,0,0,0,0,0,0.00,0.00,0.00,0.00
220,Robert Lynch Sánchez,Chelsea,1,8,90,0,0,1,0,0,24.4,0.0,0.0,2.4,1,8,0,0,1,0.00,0.00,0.00,0.66
220,Robert Lynch Sánchez,Chelsea,2,3,90,0,0,0,0,0,24.2,0.0,0.0,2.4,0,5,0,0,1,0.00,0.00,0.00,0.73
220,Robert Lynch Sánchez,Chelsea,3,6,90,0,0,1,0,0,7.2,0.0,0.0,0.7,0,6,0,0,1,0.00,0.00,0.00,1.02
220,Robert Lynch Sánchez,Chelsea,4,2,90,0,0,0,0,0,23.6,0.0,0.0,2.4,2,8,0,0,1,0.00,0.00,0.00,1.43
220,Robert Lynch Sánchez,Chelsea,5,-3,4,0,0,0,0,1,2.0,0.0,0.0,0.2,0,0,0,0,1,0.00,0.00,0.00,0.05
220,Robert Lynch Sánchez,Chelsea,6,1,90,0,0,0,0,0,10.0,20.0,0.0,3.0,0,12,0,0,1,0.00,0.00,0.00,2.28
220,Robert Lynch Sánchez,Chelsea,7,2,90,0,0,0,0,0,9.4,0.0,0.0,0.9,0,11,0,0,1,0.00,0.00,0.00,1.95
220,Robert Lynch Sánchez,Chelsea,8,5,90,0,0,1,1,0,22.4,0.0,0.0,2.2,1,10,0,0,1,0.00,0.01,0.01,2.35
220,Robert Lynch Sánchez,Chelsea,9,1,90,0,0,0,0,0,17.2,0.0,0.0,1.7,1,11,0,0,1,0.00,0.00,0.00,1.31
221,Filip Jörgensen,Chelsea,1,0,0,0,0,0,0,0,0.0,0.0,0.0,0.0,0,0,0,0,0,0.00,0.00,0.00,0.00
221,Filip Jörgensen,Chelsea,2,0,0,0,0,0,0,0,0.0,0.0,0.0,0.0,0,0,0,0,0,0.00,0.00,0.00,0.00
221,Filip Jörgensen,Chelsea,3,0,0,0,0,0,0,0,0.0,0.0,0.0,0.0,0,0,0,0,0,0.00,0.00,0.00,0.00
221,Filip Jörgensen,Chelsea,4,0,0,0,0,0,0,0,0.0,0.0,0.0,0.0,0,0,0,0,0,0.00,0.00,0.00,0.00
221,Filip Jörgensen,Chelsea,5,1,84,0,0,0,0,0,9.4,0.0,0.0,0.9,2,5,0,0,0,0.00,0.00,0.00,1.79
221,Filip Jörgensen,Chelsea,6,0,0,0,0,0,0,0,0.0,0.0,0.0,0.0,0,0,0,0,0,0.00,0.00,0.00,0.00
221,Filip Jörgensen,Chelsea,7,0,0,0,0,0,0,0,0.0,0.0,0.0,0.0,0,0,0,0,0,0.00,0.00,0.00,0.00
221,Filip Jörgensen,Chelsea,8,0,0,0,0,0,0,0,0.0,0.0,0.0,0.0,0,0,0,0,0,0.00,0.00,0.00,0.00
221,Filip Jörgensen,Chelsea,9,0,0,0,0,0,0,0,0.0,0.0,0.0,0.0,0,0,0,0,0,0.00,0.00,0.00,0.00
222,Mike Penders,Chelsea,1,0,0,0,0,0,0,0,0.0,0.0,0.0,0.0,0,0,0,0,0,0.00,0.00,0.00,0.00
222,Mike Penders,Chelsea,2,0,0,0,0,0,0,0,0.0,0.0,0.0,0.0,0,0,0,0,0,0.00,0.00,0.00,0.00
222,Mike Penders,Chelsea,3,0,0,0,0,0,0,0,0.0,0.0,0.0,0.0,0,0,0,0,0,0.00,0.00,0.00,0.00
222,Mike Penders,Chelsea,4,0,0,0,0,0,0,0,0.0,0.0,0.0,0.0,0,0,0,0,0,0.00,0.00,0.00,0.00
222,Mike Penders,Chelsea,5,0,0,0,0,0,0,0,0.0,0.0,0.0,0.0,0,0,0,0,0,0.00,0.00,0.00,0.00
222,Mike Penders,Chelsea,6,0,0,0,0,0,0,0,0.0,0.0,0.0,0.0,0,0,0,0,0,0.00,0.00,0.00,0.00
222,Mike Penders,Chelsea,7,0,0,0,0,0,0,0,0.0,0.0,0.0,0.0,0,0,0,0,0,0.00,0.00,0.00,0.00
222,Mike Penders,Chelsea,8,0,0,0,0,0,0,0,0.0,0.0,0.0,0.0,0,0,0,0,0,0.00,0.00,0.00,0.00
222,Mike Penders,Chelsea,9,0,0,0,0,0,0,0,0.0,0.0,0.0,0.0,0,0,0,0,0,0.00,0.00,0.00,0.00
223,Gabriel Słonina,Chelsea,1,0,0,0,0,0,0,0,0.0,0.0,0.0,0.0,0,0,0,0,0,0.00,0.00,0.00,0.00
223,Gabriel Słonina,Chelsea,2,0,0,0,0,0,0,0,0.0,0.0,0.0,0.0,0,0,0,0,0,0.00,0.00,0.00,0.00
223,Gabriel Słonina,Chelsea,3,0,0,0,0,0,0,0,0.0,0.0,0.0,0.0,0,0,0,0,0,0.00,0.00,0.00,0.00
223,Gabriel Słonina,Chelsea,4,0,0,0,0,0,0,0,0.0,0.0,0.0,0.0,0,0,0,0,0,0.00,0.00,0.00,0.00
223,Gabriel Słonina,Chelsea,5,0,0,0,0,0,0,0,0.0,0.0,0.0,0.0,0,0,0,0,0,0.00,0.00,0.00,0.00
223,Gabriel Słonina,Chelsea,6,0,0,0,0,0,0,0,0.0,0.0,0.0,0.0,0,0,0,0,0,0.00,0.00,0.00,0.00
223,Gabriel Słonina,Chelsea,7,0,0,0,0,0,0,0,0.0,0.0,0.0,0.0,0,0,0,0,0,0.00,0.00,0.00,0.00
223,Gabriel Słonina,Chelsea,8,0,0,0,0,0,0,0,0.0,0.0,0.0,0.0,0,0,0,0,0,0.00,0.00,0.00,0.00
223,Gabriel Słonina,Chelsea,9,0,0,0,0,0,0,0,0.0,0.0,0.0,0.0,0,0,0,0,0,0.00,0.00,0.00,0.00
224,Marc Cucurella Saseta,Chelsea,1,8,90,0,0,1,0,0,11.6,15.8,13.0,4.0,2,4,2,4,1,0.11,0.10,0.21,0.66
224,Marc Cucurella Saseta,Chelsea,2,5,68,0,1,0,0,0,30.4,13.8,4.0,4.8,4,7,1,5,1,0.00,0.32,0.32,0.29
224,Marc Cucurella Saseta,Chelsea,3,6,90,0,0,1,0,0,25.0,26.5,0.0,5.2,6,3,3,9,1,0.00,0.03,0.03,1.02
224,Marc Cucurella Saseta,Chelsea,4,1,45,0,0,0,0,0,15.4,23.5,19.0,5.8,3,2,2,5,0,0.06,0.02,0.08,0.87
224,Marc Cucurella Saseta,Chelsea,5,0,63,0,0,0,1,0,1.8,1.0,4.0,0.7,3,2,1,4,1,0.05,0.00,0.05,1.45
224,Marc Cucurella Saseta,Chelsea,6,0,90,0,0,0,1,0,9.0,16.9,3.0,2.9,1,2,3,4,1,0.02,0.01,0.03,2.28
224,Marc Cucurella Saseta,Chelsea,7,7,90,0,1,0,0,0,38.0,38.4,6.0,8.2,7,4,2,9,1,0.00,0.62,0.62,1.95
224,Marc Cucurella Saseta,Chelsea,8,8,90,0,0,1,0,0,25.6,14.8,0.0,4.0,7,4,4,11,1,0.00,0.01,0.01,2.35
224,Marc Cucurella Saseta,Chelsea,9,1,90,0,0,0,0,0,17.0,40.7,11.0,6.9,2,3,2,4,1,0.12,0.22,0.34,1.31
225,Reece James,Chelsea,1,5,78,0,0,1,1,0,17.0,46.6,0.0,6.4,6,6,1,7,1,0.00,0.19,0.19,0.61
225,Reece James,Chelsea,2,1,21,0,0,0,0,0,2.6,15.5,0.0,1.8,0,2,0,0,0,0.00,0.13,0.13,0.44
225,Reece James,Chelsea,3,1,9,0,0,0,0,0,3.4,0.3,7.0,1.1,0,0,0,0,0,0.04,0.00,0.04,0.68
225,Reece James,Chelsea,4,1,45,0,0,0,0,0,6.6,3.3,2.0,1.2,2,2,0,2,0,0.04,0.02,0.06,0.87
225,Reece James,Chelsea,5,4,90,0,1,0,0,0,27.4,32.8,4.0,6.4,6,5,3,9,1,0.00,0.16,0.16,1.84
225,Reece James,Chelsea,6,3,90,0,1,0,1,0,13.8,18.0,13.0,4.5,4,1,1,5,1,0.05,0.30,0.35,2.28
225,Reece James,Chelsea,7,4,90,0,0,0,0,0,25.8,23.2,0.0,4.9,5,2,5,10,1,0.00,0.06,0.06,1.95
225,Reece James,Chelsea,8,18,90,1,1,1,0,0,65.4,28.0,26.0,11.9,2,5,1,3,1,0.21,0.03,0.24,2.35
225,Reece James,Chelsea,9,1,90,0,0,0,0,0,20.2,31.3,0.0,5.2,0,8,3,3,1,0.00,0.12,0.12,1.31
226,Trevoh Chalobah,Chelsea,1,6,90,0,0,1,0,0,21.4,4.9,4.0,3.0,9,3,0,9,1,0.09,0.03,0.12,0.66
226,Trevoh Chalobah,Chelsea,2,8,68,1,0,0,0,0,44.2,1.4,33.0,7.9,3,4,2,5,1,0.31,0.01,0.32,0.29
226,Trevoh Chalobah,Chelsea,3,13,90,0,1,1,0,0,26.4,8.6,17.0,5.2,6,2,5,11,1,0.12,0.21,0.33,1.02
226,Trevoh Chalobah,Chelsea,4,3,90,0,0,0,0,0,31.0,17.1,5.0,5.3,15,4,1,16,1,0.03,0.29,0.32,1.43
226,Trevoh Chalobah,Chelsea,5,8,90,1,0,0,1,0,57.4,2.3,17.0,7.7,8,2,2,10,1,0.20,0.01,0.21,1.84
226,Trevoh Chalobah,Chelsea,6,-3,52,0,0,0,0,1,0.0,1.3,0.0,0.0,1,2,0,1,1,0.00,0.00,0.00,0.13
226,Trevoh Chalobah,Chelsea,7,0,0,0,0,0,0,0,0.0,0.0,0.0,0.0,0,0,0,0,0,0.00,0.00,0.00,0.00
226,Trevoh Chalobah,Chelsea,8,6,90,0,0,1,0,0,15.0,10.5,0.0,2.6,5,5,1,6,1,0.00,0.00,0.00,2.35
226,Trevoh Chalobah,Chelsea,9,1,90,0,0,0,0,0,25.8,3.2,7.0,3.6,7,8,0,7,1,0.02,0.02,0.04,1.31
227,Levi Samuels Colwill,Chelsea,1,0,0,0,0,0,0,0,0.0,0.0,0.0,0.0,0,0,0,0,0,0.00,0.00,0.00,0.00
227,Levi Samuels Colwill,Chelsea,2,0,0,0,0,0,0,0,0.0,0.0,0.0,0.0,0,0,0,0,0,0.00,0.00,0.00,0.00
227,Levi Samuels Colwill,Chelsea,3,0,0,0,0,0,0,0,0.0,0.0,0.0,0.0,0,0,0,0,0,0.00,0.00,0.00,0.00
227,Levi Samuels Colwill,Chelsea,4,0,0,0,0,0,0,0,0.0,0.0,0.0,0.0,0,0,0,0,0,0.00,0.00,0.00,0.00
227,Levi Samuels Colwill,Chelsea,5,0,0,0,0,0,0,0,0.0,0.0,0.0,0.0,0,0,0,0,0,0.00,0.00,0.00,0.00
227,Levi Samuels Colwill,Chelsea,6,0,0,0,0,0,0,0,0.0,0.0,0.0,0.0,0,0,0,0,0,0.00,0.00,0.00,0.00
227,Levi Samuels Colwill,Chelsea,7,0,0,0,0,0,0,0,0.0,0.0,0.0,0.0,0,0,0,0,0,0.00,0.00,0.00,0.00
227,Levi Samuels Colwill,Chelsea,8,0,0,0,0,0,0,0,0.0,0.0,0.0,0.0,0,0,0,0,0,0.00,0.00,0.00,0.00
227,Levi Samuels Colwill,Chelsea,9,0,0,0,0,0,0,0,0.0,0.0,0.0,0.0,0,0,0,0,0,0.00,0.00,0.00,0.00
228,Malo Gusto,Chelsea,1,1,11,0,0,0,0,0,0.0,1.3,1.0,0.2,0,0,0,0,0,0.02,0.00,0.02,0.05
228,Malo Gusto,Chelsea,2,2,68,0,0,0,0,0,9.0,2.7,0.0,1.2,3,1,2,5,1,0.00,0.01,0.01,0.29
228,Malo Gusto,Chelsea,3,6,90,0,0,1,0,0,13.8,15.5,4.0,3.3,3,7,2,5,1,0.00,0.05,0.05,1.02
228,Malo Gusto,Chelsea,4,0,0,0,0,0,0,0,0.0,0.0,0.0,0.0,0,0,0,0,0,0.00,0.00,0.00,0.00
228,Malo Gusto,Chelsea,5,1,26,0,0,0,0,0,0.6,1.8,4.0,0.6,0,4,0,0,0,0.00,0.01,0.01,0.39
228,Malo Gusto,Chelsea,6,0,27,0,0,0,0,0,4.2,1.8,2.0,0.8,0,1,2,2,0,0.00,0.01,0.01,2.06
228,Malo Gusto,Chelsea,7,5,90,0,1,0,0,0,25.0,14.8,3.0,4.3,2,9,1,3,1,0.02,0.04,0.06,1.95
228,Malo Gusto,Chelsea,8,3,86,0,0,1,0,1,0.0,28.6,8.0,3.6,2,3,1,3,1,0.03,0.15,0.18,2.07
228,Malo Gusto,Chelsea,9,0,0,0,0,0,0,0,0.0,0.0,0.0,0.0,0,0,0,0,0,0.00,0.00,0.00,0.00
229,Benoît Badiashile Mukinayi,Chelsea,1,0,0,0,0,0,0,0,0.0,0.0,0.0,0.0,0,0,0,0,0,0.00,0.00,0.00,0.00
229,Benoît Badiashile Mukinayi,Chelsea,2,0,0,0,0,0,0,0,0.0,0.0,0.0,0.0,0,0,0,0,0,0.00,0.00,0.00,0.00
229,Benoît Badiashile Mukinayi,Chelsea,3,0,0,0,0,0,0,0,0.0,0.0,0.0,0.0,0,0,0,0,0,0.00,0.00,0.00,0.00
229,Benoît Badiashile Mukinayi,Chelsea,4,0,0,0,0,0,0,0,0.0,0.0,0.0,0.0,0,0,0,0,0,0.00,0.00,0.00,0.00
229,Benoît Badiashile Mukinayi,Chelsea,5,0,0,0,0,0,0,0,0.0,0.0,0.0,0.0,0,0,0,0,0,0.00,0.00,0.00,0.00
229,Benoît Badiashile Mukinayi,Chelsea,6,-1,11,0,0,0,1,0,1.4,0.3,0.0,0.2,1,2,0,1,0,0.00,0.00,0.00,1.24
229,Benoît Badiashile Mukinayi,Chelsea,7,1,54,0,0,0,0,0,14.6,1.4,0.0,1.6,4,1,1,5,1,0.00,0.02,0.02,0.93
229,Benoît Badiashile Mukinayi,Chelsea,8,0,0,0,0,0,0,0,0.0,0.0,0.0,0.0,0,0,0,0,0,0.00,0.00,0.00,0.00
229,Benoît Badiashile Mukinayi,Chelsea,9,0,0,0,0,0,0,0,0.0,0.0,0.0,0.0,0,0,0,0,0,0.00,0.00,0.00,0.00
230,Wesley Fofana,Chelsea,1,0,0,0,0,0,0,0,0.0,0.0,0.0,0.0,0,0,0,0,0,0.00,0.00,0.00,0.00
230,Wesley Fofana,Chelsea,2,1,21,0,0,0,0,0,3.4,0.4,0.0,0.4,1,0,1,2,0,0.00,0.00,0.00,0.44
230,Wesley Fofana,Chelsea,3,0,0,0,0,0,0,0,0.0,0.0,0.0,0.0,0,0,0,0,0,0.00,0.00,0.00,0.00
230,Wesley Fofana,Chelsea,4,1,45,0,0,0,0,0,6.2,2.8,0.0,0.9,2,1,0,2,1,0.00,0.01,0.01,0.55
230,Wesley Fofana,Chelsea,5,1,63,0,0,0,0,0,17.6,1.1,0.0,1.9,7,1,2,9,1,0.00,0.00,0.00,1.45
230,Wesley Fofana,Chelsea,6,0,0,0,0,0,0,0,0.0,0.0,0.0,0.0,0,0,0,0,0,0.00,0.00,0.00,0.00
230,Wesley Fofana,Chelsea,7,0,0,0,0,0,0,0,0.0,0.0,0.0,0.0,0,0,0,0,0,0.00,0.00,0.00,0.00
230,Wesley Fofana,Chelsea,8,0,0,0,0,0,0,0,0.0,0.0,0.0,0.0,0,0,0,0,0,0.00,0.00,0.00,0.00
230,Wesley Fofana,Chelsea,9,0,0,0,0,0,0,0,0.0,0.0,0.0,0.0,0,0,0,0,0,0.00,0.00,0.00,0.00
231,Mamadou Sarr,Chelsea,1,0,0,0,0,0,0,0,0.0,0.0,0.0,0.0,0,0,0,0,0,0.00,0.00,0.00,0.00
231,Mamadou Sarr,Chelsea,2,0,0,0,0,0,0,0,0.0,0.0,0.0,0.0,0,0,0,0,0,0.00,0.00,0.00,0.00
231,Mamadou Sarr,Chelsea,3,0,0,0,0,0,0,0,0.0,0.0,0.0,0.0,0,0,0,0,0,0.00,0.00,0.00,0.00
231,Mamadou Sarr,Chelsea,4,0,0,0,0,0,0,0,0.0,0.0,0.0,0.0,0,0,0,0,0,0.00,0.00,0.00,0.00
231,Mamadou Sarr,Chelsea,5,0,0,0,0,0,0,0,0.0,0.0,0.0,0.0,0,0,0,0,0,0.00,0.00,0.00,0.00
231,Mamadou Sarr,Chelsea,6,0,0,0,0,0,0,0,0.0,0.0,0.0,0.0,0,0,0,0,0,0.00,0.00,0.00,0.00
231,Mamadou Sarr,Chelsea,7,0,0,0,0,0,0,0,0.0,0.0,0.0,0.0,0,0,0,0,0,0.00,0.00,0.00,0.00
231,Mamadou Sarr,Chelsea,8,0,0,0,0,0,0,0,0.0,0.0,0.0,0.0,0,0,0,0,0,0.00,0.00,0.00,0.00
231,Mamadou Sarr,Chelsea,9,0,0,0,0,0,0,0,0.0,0.0,0.0,0.0,0,0,0,0,0,0.00,0.00,0.00,0.00
232,Tosin Adarabioyo,Chelsea,1,0,0,0,0,0,0,0,0.0,0.0,0.0,0.0,0,0,0,0,0,0.00,0.00,0.00,0.00
232,Tosin Adarabioyo,Chelsea,2,2,90,0,0,0,0,0,26.4,1.9,0.0,2.8,6,3,3,9,1,0.00,0.03,0.03,0.73
232,Tosin Adarabioyo,Chelsea,3,8,90,0,0,1,0,0,26.0,0.7,2.0,2.9,9,3,2,11,1,0.00,0.01,0.01,1.02
232,Tosin Adarabioyo,Chelsea,4,1,90,0,0,0,0,0,27.0,1.7,0.0,2.9,9,1,0,9,1,0.00,0.02,0.02,1.43
232,Tosin Adarabioyo,Chelsea,5,0,83,0,0,0,1,0,19.6,2.1,9.0,3.1,8,6,0,8,0,0.05,0.01,0.05,1.79
232,Tosin Adarabioyo,Chelsea,6,0,0,0,0,0,0,0,0.0,0.0,0.0,0.0,0,0,0,0,0,0.00,0.00,0.00,0.00
232,Tosin Adarabioyo,Chelsea,7,0,0,0,0,0,0,0,0.0,0.0,0.0,0.0,0,0,0,0,0,0.00,0.00,0.00,0.00
232,Tosin Adarabioyo,Chelsea,8,1,9,0,0,0,0,0,0.2,0.0,0.0,0.0,0,0,0,0,0,0.00,0.00,0.00,0.28
232,Tosin Adarabioyo,Chelsea,9,1,14,0,0,0,0,0,5.2,0.1,0.0,0.5,1,1,1,2,0,0.00,0.00,0.00,0.14
233,Josh Acheampong,Chelsea,1,9,90,0,0,1,0,0,16.2,2.3,10.0,2.9,6,4,2,8,1,0.09,0.01,0.10,0.66
233,Josh Acheampong,Chelsea,2,0,0,0,0,0,0,0,0.0,0.0,0.0,0.0,0,0,0,0,0,0.00,0.00,0.00,0.00
233,Josh Acheampong,Chelsea,3,0,0,0,0,0,0,0,0.0,0.0,0.0,0.0,0,0,0,0,0,0.00,0.00,0.00,0.00
233,Josh Acheampong,Chelsea,4,0,0,0,0,0,0,0,0.0,0.0,0.0,0.0,0,0,0,0,0,0.00,0.00,0.00,0.00
233,Josh Acheampong,Chelsea,5,0,0,0,0,0,0,0,0.0,0.0,0.0,0.0,0,0,0,0,0,0.00,0.00,0.00,0.00
233,Josh Acheampong,Chelsea,6,0,36,0,0,0,0,0,0.0,0.1,0.0,0.0,3,1,0,3,0,0.00,0.00,0.00,2.16
233,Josh Acheampong,Chelsea,7,2,67,0,0,0,0,0,1.6,0.6,0.0,0.2,1,4,0,1,1,0.00,0.00,0.00,1.48
233,Josh Acheampong,Chelsea,8,14,80,1,0,1,0,0,47.0,0.5,50.0,9.8,7,6,0,7,1,0.51,0.00,0.51,2.07
233,Josh Acheampong,Chelsea,9,2,75,0,0,0,0,0,23.6,5.0,0.0,2.9,5,1,0,5,1,0.00,0.03,0.03,1.16
234,Aarón Anselmino,Chelsea,1,0,0,0,0,0,0,0,0.0,0.0,0.0,0.0,0,0,0,0,0,0.00,0.00,0.00,0.00
234,Aarón Anselmino,Chelsea,2,0,0,0,0,0,0,0,0.0,0.0,0.0,0.0,0,0,0,0,0,0.00,0.00,0.00,0.00
234,Aarón Anselmino,Chelsea,3,0,0,0,0,0,0,0,0.0,0.0,0.0,0.0,0,0,0,0,0,0.00,0.00,0.00,0.00
234,Aarón Anselmino,Chelsea,4,0,0,0,0,0,0,0,0.0,0.0,0.0,0.0,0,0,0,0,0,0.00,0.00,0.00,0.00
234,Aarón Anselmino,Chelsea,5,0,0,0,0,0,0,0,0.0,0.0,0.0,0.0,0,0,0,0,0,0.00,0.00,0.00,0.00
234,Aarón Anselmino,Chelsea,6,0,0,0,0,0,0,0,0.0,0.0,0.0,0.0,0,0,0,0,0,0.00,0.00,0.00,0.00
234,Aarón Anselmino,Chelsea,7,0,0,0,0,0,0,0,0.0,0.0,0.0,0.0,0,0,0,0,0,0.00,0.00,0.00,0.00
234,Aarón Anselmino,Chelsea,8,0,0,0,0,0,0,0,0.0,0.0,0.0,0.0,0,0,0,0,0,0.00,0.00,0.00,0.00
234,Aarón Anselmino,Chelsea,9,0,0,0,0,0,0,0,0.0,0.0,0.0,0.0,0,0,0,0,0,0.00,0.00,0.00,0.00
235,Cole Palmer,Chelsea,1,3,90,0,0,1,0,0,4.8,16.9,23.0,4.5,0,4,1,5,1,0.17,0.03,0.20,0.66
235,Cole Palmer,Chelsea,2,0,0,0,0,0,0,0,0.0,0.0,0.0,0.0,0,0,0,0,0,0.00,0.00,0.00,0.00
235,Cole Palmer,Chelsea,3,0,0,0,0,0,0,0,0.0,0.0,0.0,0.0,0,0,0,0,0,0.00,0.00,0.00,0.00
235,Cole Palmer,Chelsea,4,7,34,1,0,0,0,0,39.6,2.3,42.0,8.4,1,0,1,2,0,0.63,0.09,0.72,0.87
235,Cole Palmer,Chelsea,5,1,20,0,0,0,0,0,0.0,0.0,0.0,0.0,0,0,0,0,1,0.00,0.00,0.00,1.01
235,Cole Palmer,Chelsea,6,0,0,0,0,0,0,0,0.0,0.0,0.0,0.0,0,0,0,0,0,0.00,0.00,0.00,0.00
235,Cole Palmer,Chelsea,7,0,0,0,0,0,0,0,0.0,0.0,0.0,0.0,0,0,0,0,0,0.00,0.00,0.00,0.00
235,Cole Palmer,Chelsea,8,0,0,0,0,0,0,0,0.0,0.0,0.0,0.0,0,0,0,0,0,0.00,0.00,0.00,0.00
235,Cole Palmer,Chelsea,9,0,0,0,0,0,0,0,0.0,0.0,0.0,0.0,0,0,0,0,0,0.00,0.00,0.00,0.00
236,Pedro Lomba Neto,Chelsea,1,3,90,0,0,1,0,0,13.8,37.7,10.0,6.2,1,4,1,6,1,0.03,0.36,0.39,0.66
236,Pedro Lomba Neto,Chelsea,2,7,90,1,0,0,0,0,37.6,18.4,30.0,8.6,0,1,1,2,1,0.38,0.17,0.55,0.73
236,Pedro Lomba Neto,Chelsea,3,3,80,0,0,1,0,0,8.8,32.5,0.0,4.1,2,2,0,4,1,0.00,0.17,0.17,0.35
236,Pedro Lomba Neto,Chelsea,4,2,90,0,0,0,0,0,11.4,35.0,24.0,7.0,1,4,1,6,1,0.12,0.21,0.33,1.43
236,Pedro Lomba Neto,Chelsea,5,1,6,0,0,0,0,0,0.0,0.0,0.0,0.0,0,1,0,1,1,0.00,0.00,0.00,0.05
236,Pedro Lomba Neto,Chelsea,6,2,78,0,0,0,0,0,4.6,17.3,11.0,3.3,1,0,1,2,1,0.05,0.03,0.08,1.05
236,Pedro Lomba Neto,Chelsea,7,2,74,0,0,0,0,0,1.4,2.4,5.0,0.9,1,3,0,4,1,0.03,0.02,0.05,1.54
236,Pedro Lomba Neto,Chelsea,8,12,77,1,1,1,0,0,66.6,59.1,29.0,15.5,0,2,0,2,1,0.17,0.73,0.90,2.07
236,Pedro Lomba Neto,Chelsea,9,8,84,0,1,0,0,0,19.6,17.3,0.0,3.7,0,3,0,3,1,0.00,0.03,0.03,1.19
237,Enzo Fernández,Chelsea,1,3,78,0,0,1,0,0,3.6,16.5,2.0,2.2,0,0,0,0,1,0.00,0.10,0.10,0.61
237,Enzo Fernández,Chelsea,2,10,90,1,1,0,0,0,33.4,8.8,38.0,8.0,0,3,2,5,1,1.03,0.02,1.05,0.73
237,Enzo Fernández,Chelsea,3,12,90,1,1,1,0,0,60.4,40.4,25.0,12.6,3,3,0,6,1,0.79,0.24,1.03,1.02
237,Enzo Fernández,Chelsea,4,4,90,0,0,0,0,0,24.2,29.5,15.0,6.9,3,6,4,13,1,0.11,0.06,0.17,1.43
237,Enzo Fernández,Chelsea,5,1,90,0,0,0,1,0,10.2,10.6,4.0,2.5,1,2,1,4,1,0.00,0.04,0.04,1.84
237,Enzo Fernández,Chelsea,6,9,90,1,0,0,0,0,43.4,20.2,52.0,11.6,0,3,3,6,1,1.48,0.02,1.50,2.28
237,Enzo Fernández,Chelsea,7,2,90,0,0,0,0,0,13.2,14.8,23.0,5.1,1,6,4,11,1,0.35,0.03,0.38,1.95
237,Enzo Fernández,Chelsea,8,0,0,0,0,0,0,0,0.0,0.0,0.0,0.0,0,0,0,0,0,0.00,0.00,0.00,0.00
237,Enzo Fernández,Chelsea,9,2,90,0,0,0,0,0,21.2,41.6,46.0,10.9,1,5,0,6,1,0.13,0.43,0.56,1.31
238,Estêvão Almeida de Oliveira Gonçalves,Chelsea,1,0,36,0,0,0,1,0,1.2,4.9,8.0,1.4,1,2,0,3,0,0.34,0.37,0.71,0.07
238,Estêvão Almeida de Oliveira Gonçalves,Chelsea,2,5,76,0,1,0,0,0,27.4,16.6,25.0,6.9,0,2,3,5,1,0.29,0.61,0.90,0.33
238,Estêvão Almeida de Oliveira Gonçalves,Chelsea,3,3,67,0,0,1,0,0,8.4,16.1,29.0,5.4,1,2,0,3,1,0.36,0.06,0.42,0.35
238,Estêvão Almeida de Oliveira Gonçalves,Chelsea,4,0,0,0,0,0,0,0,0.0,0.0,0.0,0.0,0,0,0,0,0,0.00,0.00,0.00,0.00
238,Estêvão Almeida de Oliveira Gonçalves,Chelsea,5,1,5,0,0,0,0,0,0.0,0.0,0.0,0.0,0,2,0,2,1,0.00,0.00,0.00,0.05
238,Estêvão Almeida de Oliveira Gonçalves,Chelsea,6,3,63,0,0,1,0,0,9.2,3.3,19.0,3.2,1,1,3,5,1,0.19,0.01,0.20,0.22
238,Estêvão Almeida de Oliveira Gonçalves,Chelsea,7,8,15,1,0,0,0,0,46.4,33.5,52.0,13.2,1,3,1,5,0,0.41,0.18,0.59,0.41
238,Estêvão Almeida de Oliveira Gonçalves,Chelsea,8,3,12,0,1,0,1,0,3.0,0.3,10.0,1.3,1,2,1,4,0,0.08,0.00,0.08,0.28
238,Estêvão Almeida de Oliveira Gonçalves,Chelsea,9,1,32,0,0,0,0,0,1.2,12.2,15.0,2.8,0,0,0,0,0,0.08,0.09,0.17,0.29
239,Jamie Bynoe-Gittens,Chelsea,1,1,53,0,0,0,0,0,7.2,22.8,8.0,3.8,1,1,1,3,1,0.07,0.07,0.14,0.59
239,Jamie Bynoe-Gittens,Chelsea,2,1,13,0,0,0,0,0,2.0,5.0,4.0,1.1,0,0,0,0,0,0.00,0.01,0.01,0.40
239,Jamie Bynoe-Gittens,Chelsea,3,1,22,0,0,0,0,0,1.0,0.0,5.0,0.6,0,1,1,2,0,0.03,0.00,0.03,0.68
239,Jamie Bynoe-Gittens,Chelsea,4,1,55,0,0,0,0,0,2.0,12.2,15.0,2.9,0,1,0,1,1,0.01,0.03,0.04,0.55
239,Jamie Bynoe-Gittens,Chelsea,5,0,0,0,0,0,0,0,0.0,0.0,0.0,0.0,0,0,0,0,0,0.00,0.00,0.00,0.00
239,Jamie Bynoe-Gittens,Chelsea,6,0,0,0,0,0,0,0,0.0,0.0,0.0,0.0,0,0,0,0,0,0.00,0.00,0.00,0.00
239,Jamie Bynoe-Gittens,Chelsea,7,1,15,0,0,0,0,0,9.6,0.9,13.0,2.4,1,1,0,2,0,0.02,0.04,0.06,0.41
239,Jamie Bynoe-Gittens,Chelsea,8,1,45,0,0,0,0,0,4.6,1.2,0.0,0.6,2,2,1,5,0,0.00,0.01,0.01,1.82
239,Jamie Bynoe-Gittens,Chelsea,9,1,14,0,0,0,0,0,5.2,21.1,0.0,2.6,1,0,0,1,0,0.00,0.02,0.02,0.14
240,Christopher Nkunku,Chelsea,1,0,0,0,0,0,0,0,0.0,0.0,0.0,0.0,0,0,0,0,0,0.00,0.00,0.00,0.00
240,Christopher Nkunku,Chelsea,2,0,0,0,0,0,0,0,0.0,0.0,0.0,0.0,0,0,0,0,0,0.00,0.00,0.00,0.00
240,Christopher Nkunku,Chelsea,3,0,0,0,0,0,0,0,0.0,0.0,0.0,0.0,0,0,0,0,0,0.00,0.00,0.00,0.00
240,Christopher Nkunku,Chelsea,4,0,0,0,0,0,0,0,0.0,0.0,0.0,0.0,0,0,0,0,0,0.00,0.00,0.00,0.00
240,Christopher Nkunku,Chelsea,5,0,0,0,0,0,0,0,0.0,0.0,0.0,0.0,0,0,0,0,0,0.00,0.00,0.00,0.00
240,Christopher Nkunku,Chelsea,6,0,0,0,0,0,0,0,0.0,0.0,0.0,0.0,0,0,0,0,0,0.00,0.00,0.00,0.00
240,Christopher Nkunku,Chelsea,7,0,0,0,0,0,0,0,0.0,0.0,0.0,0.0,0,0,0,0,0,0.00,0.00,0.00,0.00
240,Christopher Nkunku,Chelsea,8,0,0,0,0,0,0,0,0.0,0.0,0.0,0.0,0,0,0,0,0,0.00,0.00,0.00,0.00
240,Christopher Nkunku,Chelsea,9,0,0,0,0,0,0,0,0.0,0.0,0.0,0.0,0,0,0,0,0,0.00,0.00,0.00,0.00
241,Moisés Caicedo Corozo,Chelsea,1,5,90,0,0,1,0,0,31.2,3.9,2.0,3.7,6,1,5,12,1,0.04,0.04,0.08,0.66
241,Moisés Caicedo Corozo,Chelsea,2,8,90,1,0,0,0,0,50.8,5.2,17.0,7.3,2,2,3,7,1,0.24,0.02,0.26,0.73
241,Moisés Caicedo Corozo,Chelsea,3,4,90,0,0,1,1,0,23.8,3.9,5.0,3.3,8,11,4,23,1,0.06,0.03,0.09,1.02
241,Moisés Caicedo Corozo,Chelsea,4,12,90,1,0,0,0,0,54.0,15.3,7.0,7.6,5,8,4,17,1,0.07,0.07,0.14,1.43
241,Moisés Caicedo Corozo,Chelsea,5,4,90,0,0,0,0,0,19.2,20.2,2.0,4.1,3,7,5,15,1,0.03,0.04,0.07,1.84
241,Moisés Caicedo Corozo,Chelsea,6,2,90,0,0,0,0,0,17.4,4.4,2.0,2.4,4,4,3,11,1,0.03,0.02,0.05,2.28
241,Moisés Caicedo Corozo,Chelsea,7,10,90,1,0,0,0,0,49.0,6.3,16.0,7.1,2,5,4,11,1,0.06,0.02,0.08,1.95
241,Moisés Caicedo Corozo,Chelsea,8,1,45,0,0,0,0,0,8.6,0.8,0.0,0.9,3,3,0,6,0,0.00,0.01,0.01,1.82
241,Moisés Caicedo Corozo,Chelsea,9,2,90,0,0,0,0,0,15.4,26.7,4.0,4.6,4,4,1,9,1,0.04,0.16,0.20,1.31
243,Tyrique George,Chelsea,1,0,0,0,0,0,0,0,0.0,0.0,0.0,0.0,0,0,0,0,0,0.00,0.00,0.00,0.00
243,Tyrique George,Chelsea,2,0,0,0,0,0,0,0,0.0,0.0,0.0,0.0,0,0,0,0,0,0.00,0.00,0.00,0.00
243,Tyrique George,Chelsea,3,3,66,0,0,1,0,0,3.6,1.3,33.0,3.8,0,1,0,1,0,0.21,0.01,0.22,0.27
243,Tyrique George,Chelsea,4,0,45,0,0,0,1,0,4.6,4.9,19.0,2.9,0,0,1,1,0,0.04,0.06,0.10,0.87
243,Tyrique George,Chelsea,5,0,26,0,0,0,1,0,0.0,0.8,0.0,0.0,0,0,0,0,0,0.00,0.01,0.01,0.39
243,Tyrique George,Chelsea,6,0,0,0,0,0,0,0,0.0,0.0,0.0,0.0,0,0,0,0,0,0.00,0.00,0.00,0.00
243,Tyrique George,Chelsea,7,0,0,0,0,0,0,0,0.0,0.0,0.0,0.0,0,0,0,0,0,0.00,0.00,0.00,0.00
243,Tyrique George,Chelsea,8,0,0,0,0,0,0,0,0.0,0.0,0.0,0.0,0,0,0,0,0,0.00,0.00,0.00,0.00
243,Tyrique George,Chelsea,9,1,5,0,0,0,0,0,0.0,0.0,4.0,0.4,0,0,1,1,0,0.07,0.00,0.07,0.12
244,Roméo Lavia,Chelsea,1,0,0,0,0,0,0,0,0.0,0.0,0.0,0.0,0,0,0,0,0,0.00,0.00,0.00,0.00
244,Roméo Lavia,Chelsea,2,0,0,0,0,0,0,0,0.0,0.0,0.0,0.0,0,0,0,0,0,0.00,0.00,0.00,0.00
244,Roméo Lavia,Chelsea,3,0,0,0,0,0,0,0,0.0,0.0,0.0,0.0,0,0,0,0,0,0.00,0.00,0.00,0.00
244,Roméo Lavia,Chelsea,4,0,0,0,0,0,0,0,0.0,0.0,0.0,0.0,0,0,0,0,0,0.00,0.00,0.00,0.00
244,Roméo Lavia,Chelsea,5,0,0,0,0,0,0,0,0.0,0.0,0.0,0.0,0,0,0,0,0,0.00,0.00,0.00,0.00
244,Roméo Lavia,Chelsea,6,1,11,0,0,0,0,0,2.8,0.3,0.0,0.3,2,1,0,3,0,0.00,0.01,0.01,1.24
244,Roméo Lavia,Chelsea,7,1,35,0,0,0,0,0,6.8,3.0,0.0,1.0,2,2,1,5,0,0.00,0.02,0.02,1.02
244,Roméo Lavia,Chelsea,8,1,45,0,0,0,0,0,0.0,3.8,0.0,0.3,1,1,1,3,1,0.00,0.01,0.01,0.53
244,Roméo Lavia,Chelsea,9,0,0,0,0,0,0,0,0.0,0.0,0.0,0.0,0,0,0,0,0,0.00,0.00,0.00,0.00
245,Mykhailo Mudryk,Chelsea,1,0,0,0,0,0,0,0,0.0,0.0,0.0,0.0,0,0,0,0,0,0.00,0.00,0.00,0.00
245,Mykhailo Mudryk,Chelsea,2,0,0,0,0,0,0,0,0.0,0.0,0.0,0.0,0,0,0,0,0,0.00,0.00,0.00,0.00
245,Mykhailo Mudryk,Chelsea,3,0,0,0,0,0,0,0,0.0,0.0,0.0,0.0,0,0,0,0,0,0.00,0.00,0.00,0.00
245,Mykhailo Mudryk,Chelsea,4,0,0,0,0,0,0,0,0.0,0.0,0.0,0.0,0,0,0,0,0,0.00,0.00,0.00,0.00
245,Mykhailo Mudryk,Chelsea,5,0,0,0,0,0,0,0,0.0,0.0,0.0,0.0,0,0,0,0,0,0.00,0.00,0.00,0.00
245,Mykhailo Mudryk,Chelsea,6,0,0,0,0,0,0,0,0.0,0.0,0.0,0.0,0,0,0,0,0,0.00,0.00,0.00,0.00
245,Mykhailo Mudryk,Chelsea,7,0,0,0,0,0,0,0,0.0,0.0,0.0,0.0,0,0,0,0,0,0.00,0.00,0.00,0.00
245,Mykhailo Mudryk,Chelsea,8,0,0,0,0,0,0,0,0.0,0.0,0.0,0.0,0,0,0,0,0,0.00,0.00,0.00,0.00
245,Mykhailo Mudryk,Chelsea,9,0,0,0,0,0,0,0,0.0,0.0,0.0,0.0,0,0,0,0,0,0.00,0.00,0.00,0.00
246,Andrey Nascimento dos Santos,Chelsea,1,1,11,0,0,0,0,0,0.4,0.3,21.0,2.2,0,0,0,0,0,0.31,0.00,0.31,0.05
246,Andrey Nascimento dos Santos,Chelsea,2,1,28,0,0,0,0,0,3.8,11.9,2.0,1.8,1,2,0,3,0,0.00,0.01,0.01,0.55
246,Andrey Nascimento dos Santos,Chelsea,3,0,9,0,0,0,1,0,2.6,10.6,2.0,1.5,0,1,1,2,0,0.00,0.01,0.01,0.68
246,Andrey Nascimento dos Santos,Chelsea,4,0,0,0,0,0,0,0,0.0,0.0,0.0,0.0,0,0,0,0,0,0.00,0.00,0.00,0.00
246,Andrey Nascimento dos Santos,Chelsea,5,2,69,0,0,0,0,0,8.4,9.6,7.0,2.5,1,7,1,9,0,0.10,0.02,0.12,0.82
246,Andrey Nascimento dos Santos,Chelsea,6,1,53,0,0,0,0,0,6.6,11.0,0.0,1.8,0,0,2,2,1,0.00,0.01,0.01,0.13
246,Andrey Nascimento dos Santos,Chelsea,7,0,0,0,0,0,0,0,0.0,0.0,0.0,0.0,0,0,0,0,0,0.00,0.00,0.00,0.00
246,Andrey Nascimento dos Santos,Chelsea,8,1,45,0,0,0,0,0,3.6,0.6,10.0,1.4,1,2,4,7,1,0.29,0.00,0.29,0.53
246,Andrey Nascimento dos Santos,Chelsea,9,0,5,0,0,0,1,0,0.0,0.1,0.0,0.0,0,0,0,0,0,0.00,0.00,0.00,0.12
247,Dário Luís Essugo,Chelsea,1,0,0,0,0,0,0,0,0.0,0.0,0.0,0.0,0,0,0,0,0,0.00,0.00,0.00,0.00
247,Dário Luís Essugo,Chelsea,2,0,0,0,0,0,0,0,0.0,0.0,0.0,0.0,0,0,0,0,0,0.00,0.00,0.00,0.00
247,Dário Luís Essugo,Chelsea,3,0,0,0,0,0,0,0,0.0,0.0,0.0,0.0,0,0,0,0,0,0.00,0.00,0.00,0.00
247,Dário Luís Essugo,Chelsea,4,0,0,0,0,0,0,0,0.0,0.0,0.0,0.0,0,0,0,0,0,0.00,0.00,0.00,0.00
247,Dário Luís Essugo,Chelsea,5,0,0,0,0,0,0,0,0.0,0.0,0.0,0.0,0,0,0,0,0,0.00,0.00,0.00,0.00
247,Dário Luís Essugo,Chelsea,6,0,0,0,0,0,0,0,0.0,0.0,0.0,0.0,0,0,0,0,0,0.00,0.00,0.00,0.00
247,Dário Luís Essugo,Chelsea,7,0,0,0,0,0,0,0,0.0,0.0,0.0,0.0,0,0,0,0,0,0.00,0.00,0.00,0.00
247,Dário Luís Essugo,Chelsea,8,0,0,0,0,0,0,0,0.0,0.0,0.0,0.0,0,0,0,0,0,0.00,0.00,0.00,0.00
247,Dário Luís Essugo,Chelsea,9,0,0,0,0,0,0,0,0.0,0.0,0.0,0.0,0,0,0,0,0,0.00,0.00,0.00,0.00
248,Kendry Páez Andrade,Chelsea,1,0,0,0,0,0,0,0,0.0,0.0,0.0,0.0,0,0,0,0,0,0.00,0.00,0.00,0.00
248,Kendry Páez Andrade,Chelsea,2,0,0,0,0,0,0,0,0.0,0.0,0.0,0.0,0,0,0,0,0,0.00,0.00,0.00,0.00
248,Kendry Páez Andrade,Chelsea,3,0,0,0,0,0,0,0,0.0,0.0,0.0,0.0,0,0,0,0,0,0.00,0.00,0.00,0.00
248,Kendry Páez Andrade,Chelsea,4,0,0,0,0,0,0,0,0.0,0.0,0.0,0.0,0,0,0,0,0,0.00,0.00,0.00,0.00
248,Kendry Páez Andrade,Chelsea,5,0,0,0,0,0,0,0,0.0,0.0,0.0,0.0,0,0,0,0,0,0.00,0.00,0.00,0.00
248,Kendry Páez Andrade,Chelsea,6,0,0,0,0,0,0,0,0.0,0.0,0.0,0.0,0,0,0,0,0,0.00,0.00,0.00,0.00
248,Kendry Páez Andrade,Chelsea,7,0,0,0,0,0,0,0,0.0,0.0,0.0,0.0,0,0,0,0,0,0.00,0.00,0.00,0.00
248,Kendry Páez Andrade,Chelsea,8,0,0,0,0,0,0,0,0.0,0.0,0.0,0.0,0,0,0,0,0,0.00,0.00,0.00,0.00
248,Kendry Páez Andrade,Chelsea,9,0,0,0,0,0,0,0,0.0,0.0,0.0,0.0,0,0,0,0,0,0.00,0.00,0.00,0.00
249,João Pedro Junqueira de Jesus,Chelsea,1,2,72,0,0,1,0,0,0.0,5.1,16.0,1.9,0,1,0,1,1,0.28,0.02,0.30,0.60
249,João Pedro Junqueira de Jesus,Chelsea,2,15,90,1,2,0,0,0,75.8,31.3,42.0,14.9,3,1,1,5,1,0.41,0.11,0.52,0.73
249,João Pedro Junqueira de Jesus,Chelsea,3,9,90,1,0,1,0,0,49.8,13.6,51.0,11.4,3,6,1,10,1,0.66,0.02,0.68,1.02
249,João Pedro Junqueira de Jesus,Chelsea,4,7,78,0,1,0,0,0,21.0,18.2,11.0,5.0,3,0,0,3,1,0.15,0.02,0.17,0.71
249,João Pedro Junqueira de Jesus,Chelsea,5,2,90,0,0,0,0,0,8.0,15.0,8.0,3.1,1,1,1,3,1,0.00,0.03,0.03,1.84
249,João Pedro Junqueira de Jesus,Chelsea,6,2,90,0,0,0,0,0,8.6,30.5,0.0,3.9,1,3,2,6,1,0.00,0.03,0.03,2.28
249,João Pedro Junqueira de Jesus,Chelsea,7,2,73,0,0,0,0,0,0.0,1.9,4.0,0.4,0,1,0,1,1,0.03,0.00,0.03,1.54
249,João Pedro Junqueira de Jesus,Chelsea,8,2,90,0,0,1,0,0,5.2,27.2,6.0,3.8,0,3,0,3,1,0.04,0.21,0.25,2.35
249,João Pedro Junqueira de Jesus,Chelsea,9,2,84,0,0,0,0,0,10.4,13.6,6.0,3.0,2,2,0,4,1,0.00,0.02,0.02,1.19
250,Liam Delap,Chelsea,1,1,17,0,0,0,0,0,5.4,1.3,19.0,2.6,1,1,0,2,0,0.05,0.01,0.06,0.05
250,Liam Delap,Chelsea,2,2,61,0,0,0,0,0,2.6,2.2,19.0,2.4,0,2,0,2,1,0.09,0.02,0.11,0.18
250,Liam Delap,Chelsea,3,1,13,0,0,0,0,0,0.0,0.0,5.0,0.0,0,0,0,0,1,0.09,0.00,0.09,0.08
250,Liam Delap,Chelsea,4,0,0,0,0,0,0,0,0.0,0.0,0.0,0.0,0,0,0,0,0,0.00,0.00,0.00,0.00
250,Liam Delap,Chelsea,5,0,0,0,0,0,0,0,0.0,0.0,0.0,0.0,0,0,0,0,0,0.00,0.00,0.00,0.00
250,Liam Delap,Chelsea,6,0,0,0,0,0,0,0,0.0,0.0,0.0,0.0,0,0,0,0,0,0.00,0.00,0.00,0.00
250,Liam Delap,Chelsea,7,0,0,0,0,0,0,0,0.0,0.0,0.0,0.0,0,0,0,0,0,0.00,0.00,0.00,0.00
250,Liam Delap,Chelsea,8,0,0,0,0,0,0,0,0.0,0.0,0.0,0.0,0,0,0,0,0,0.00,0.00,0.00,0.00
250,Liam Delap,Chelsea,9,0,0,0,0,0,0,0,0.0,0.0,0.0,0.0,0,0,0,0,0,0.00,0.00,0.00,0.00
251,Nicolas Jackson,Chelsea,1,0,0,0,0,0,0,0,0.0,0.0,0.0,0.0,0,0,0,0,0,0.00,0.00,0.00,0.00
251,Nicolas Jackson,Chelsea,2,0,0,0,0,0,0,0,0.0,0.0,0.0,0.0,0,0,0,0,0,0.00,0.00,0.00,0.00
251,Nicolas Jackson,Chelsea,3,0,0,0,0,0,0,0,0.0,0.0,0.0,0.0,0,0,0,0,0,0.00,0.00,0.00,0.00
251,Nicolas Jackson,Chelsea,4,0,0,0,0,0,0,0,0.0,0.0,0.0,0.0,0,0,0,0,0,0.00,0.00,0.00,0.00
251,Nicolas Jackson,Chelsea,5,0,0,0,0,0,0,0,0.0,0.0,0.0,0.0,0,0,0,0,0,0.00,0.00,0.00,0.00
251,Nicolas Jackson,Chelsea,6,0,0,0,0,0,0,0,0.0,0.0,0.0,0.0,0,0,0,0,0,0.00,0.00,0.00,0.00
251,Nicolas Jackson,Chelsea,7,0,0,0,0,0,0,0,0.0,0.0,0.0,0.0,0,0,0,0,0,0.00,0.00,0.00,0.00
251,Nicolas Jackson,Chelsea,8,0,0,0,0,0,0,0,0.0,0.0,0.0,0.0,0,0,0,0,0,0.00,0.00,0.00,0.00
251,Nicolas Jackson,Chelsea,9,0,0,0,0,0,0,0,0.0,0.0,0.0,0.0,0,0,0,0,0,0.00,0.00,0.00,0.00
252,Marc Guiu Paz,Chelsea,1,0,0,0,0,0,0,0,0.0,0.0,0.0,0.0,0,0,0,0,0,0.00,0.00,0.00,0.00
252,Marc Guiu Paz,Chelsea,2,1,10,0,0,0,0,0,0.0,1.6,6.0,0.6,0,0,0,0,0,0.02,0.01,0.03,0.66
252,Marc Guiu Paz,Chelsea,3,1,3,0,0,0,0,0,1.0,0.0,0.0,0.1,1,0,0,1,0,0.00,0.00,0.00,0.00
252,Marc Guiu Paz,Chelsea,4,0,0,0,0,0,0,0,0.0,0.0,0.0,0.0,0,0,0,0,0,0.00,0.00,0.00,0.00
252,Marc Guiu Paz,Chelsea,5,0,0,0,0,0,0,0,0.0,0.0,0.0,0.0,0,0,0,0,0,0.00,0.00,0.00,0.00
252,Marc Guiu Paz,Chelsea,6,0,0,0,0,0,0,0,0.0,0.0,0.0,0.0,0,0,0,0,0,0.00,0.00,0.00,0.00
252,Marc Guiu Paz,Chelsea,7,1,16,0,0,0,0,0,0.0,0.0,4.0,0.1,0,0,0,0,0,0.03,0.00,0.03,0.41
252,Marc Guiu Paz,Chelsea,8,1,45,0,0,0,0,0,0.0,1.3,12.0,0.8,1,1,0,2,0,0.34,0.00,0.34,1.82
252,Marc Guiu Paz,Chelsea,9,2,75,0,0,0,0,0,0.0,1.1,24.0,2.3,0,0,0,0,1,0.22,0.00,0.22,1.16
453,Alejandro Garnacho Ferreyra,Chelsea,1,0,0,0,0,0,0,0,0.0,0.0,0.0,0.0,0,0,0,0,0,0.00,0.00,0.00,0.00
453,Alejandro Garnacho Ferreyra,Chelsea,2,0,0,0,0,0,0,0,0.0,0.0,0.0,0.0,0,0,0,0,0,0.00,0.00,0.00,0.00
453,Alejandro Garnacho Ferreyra,Chelsea,3,0,0,0,0,0,0,0,0.0,0.0,0.0,0.0,0,0,0,0,0,0.00,0.00,0.00,0.00
453,Alejandro Garnacho Ferreyra,Chelsea,4,1,11,0,0,0,0,0,2.0,10.5,6.0,1.9,0,1,0,1,0,0.00,0.05,0.05,0.71
453,Alejandro Garnacho Ferreyra,Chelsea,5,0,0,0,0,0,0,0,0.0,0.0,0.0,0.0,0,0,0,0,0,0.00,0.00,0.00,0.00
453,Alejandro Garnacho Ferreyra,Chelsea,6,0,0,0,0,0,0,0,0.0,0.0,0.0,0.0,0,0,0,0,0,0.00,0.00,0.00,0.00
453,Alejandro Garnacho Ferreyra,Chelsea,7,2,74,0,0,0,0,0,1.8,5.0,9.0,1.6,0,1,1,2,1,0.05,0.04,0.09,1.54
453,Alejandro Garnacho Ferreyra,Chelsea,8,1,45,0,0,0,0,0,2.2,1.9,2.0,0.6,1,3,1,5,1,0.00,0.01,0.01,0.53
453,Alejandro Garnacho Ferreyra,Chelsea,9,6,57,1,0,0,0,0,31.0,4.3,61.0,9.6,1,1,0,2,1,0.22,0.04,0.26,1.02
672,Jorrel Hato,Chelsea,1,0,0,0,0,0,0,0,0.0,0.0,0.0,0.0,0,0,0,0,0,0.00,0.00,0.00,0.00
672,Jorrel Hato,Chelsea,2,0,21,0,0,0,1,0,1.2,1.0,0.0,0.2,1,1,0,1,0,0.00,0.00,0.00,0.44
672,Jorrel Hato,Chelsea,3,0,0,0,0,0,0,0,0.0,0.0,0.0,0.0,0,0,0,0,0,0.00,0.00,0.00,0.00
672,Jorrel Hato,Chelsea,4,0,45,0,0,0,1,0,0.0,1.5,2.0,0.3,1,2,0,1,1,0.00,0.01,0.01,0.55
672,Jorrel Hato,Chelsea,5,0,0,0,0,0,0,0,0.0,0.0,0.0,0.0,0,0,0,0,0,0.00,0.00,0.00,0.00
672,Jorrel Hato,Chelsea,6,2,78,0,0,0,0,0,12.0,0.4,2.0,1.4,1,2,1,2,1,0.00,0.00,0.00,1.05
672,Jorrel Hato,Chelsea,7,1,22,0,0,0,0,0,10.8,0.4,2.0,1.3,3,0,1,4,0,0.00,0.00,0.00,0.47
672,Jorrel Hato,Chelsea,8,0,0,0,0,0,0,0,0.0,0.0,0.0,0.0,0,0,0,0,0,0.00,0.00,0.00,0.00
672,Jorrel Hato,Chelsea,9,0,0,0,0,0,0,0,0.0,0.0,0.0,0.0,0,0,0,0,0,0.00,0.00,0.00,0.00
743,Landon Emenalo,Chelsea,7,0,0,0,0,0,0,0,0.0,0.0,0.0,0.0,0,0,0,0,0,0.00,0.00,0.00,0.00
743,Landon Emenalo,Chelsea,8,0,0,0,0,0,0,0,0.0,0.0,0.0,0.0,0,0,0,0,0,0.00,0.00,0.00,0.00
743,Landon Emenalo,Chelsea,9,0,0,0,0,0,0,0,0.0,0.0,0.0,0.0,0,0,0,0,0,0.00,0.00,0.00,0.00
253,Dean Henderson,Crystal Palace,1,6,90,0,0,1,0,0,22.4,10.0,0.0,3.2,2,5,0,0,1,0.00,0.00,0.00,1.60
253,Dean Henderson,Crystal Palace,2,2,90,0,0,0,0,0,3.4,0.0,0.0,0.3,0,4,0,0,1,0.00,0.00,0.00,0.93
253,Dean Henderson,Crystal Palace,3,7,90,0,0,1,0,0,31.0,0.0,0.0,3.1,0,7,0,0,1,0.00,0.00,0.00,1.13
253,Dean Henderson,Crystal Palace,4,6,90,0,0,1,0,0,4.4,0.0,0.0,0.4,1,8,0,0,1,0.00,0.00,0.00,0.36
253,Dean Henderson,Crystal Palace,5,1,90,0,0,0,1,0,20.0,0.0,0.0,2.0,3,7,0,0,1,0.00,0.03,0.03,0.66
253,Dean Henderson,Crystal Palace,6,3,90,0,0,0,0,0,21.4,0.0,0.0,2.1,0,9,0,0,1,0.00,0.00,0.00,2.14
253,Dean Henderson,Crystal Palace,7,2,90,0,0,0,0,0,42.4,0.0,0.0,4.2,0,15,0,0,1,0.00,0.00,0.00,2.03
253,Dean Henderson,Crystal Palace,8,1,90,0,0,0,0,0,15.0,0.0,0.0,1.5,0,7,0,0,1,0.00,0.02,0.02,2.03
253,Dean Henderson,Crystal Palace,9,2,90,0,0,0,0,0,17.4,0.0,0.0,1.7,0,4,0,0,1,0.00,0.01,0.01,1.08
254,Walter Benítez,Crystal Palace,1,0,0,0,0,0,0,0,0.0,0.0,0.0,0.0,0,0,0,0,0,0.00,0.00,0.00,0.00
254,Walter Benítez,Crystal Palace,2,0,0,0,0,0,0,0,0.0,0.0,0.0,0.0,0,0,0,0,0,0.00,0.00,0.00,0.00
254,Walter Benítez,Crystal Palace,3,0,0,0,0,0,0,0,0.0,0.0,0.0,0.0,0,0,0,0,0,0.00,0.00,0.00,0.00
254,Walter Benítez,Crystal Palace,4,0,0,0,0,0,0,0,0.0,0.0,0.0,0.0,0,0,0,0,0,0.00,0.00,0.00,0.00
254,Walter Benítez,Crystal Palace,5,0,0,0,0,0,0,0,0.0,0.0,0.0,0.0,0,0,0,0,0,0.00,0.00,0.00,0.00
254,Walter Benítez,Crystal Palace,6,0,0,0,0,0,0,0,0.0,0.0,0.0,0.0,0,0,0,0,0,0.00,0.00,0.00,0.00
254,Walter Benítez,Crystal Palace,7,0,0,0,0,0,0,0,0.0,0.0,0.0,0.0,0,0,0,0,0,0.00,0.00,0.00,0.00
254,Walter Benítez,Crystal Palace,8,0,0,0,0,0,0,0,0.0,0.0,0.0,0.0,0,0,0,0,0,0.00,0.00,0.00,0.00
254,Walter Benítez,Crystal Palace,9,0,0,0,0,0,0,0,0.0,0.0,0.0,0.0,0,0,0,0,0,0.00,0.00,0.00,0.00
255,Remi Matthews,Crystal Palace,1,0,0,0,0,0,0,0,0.0,0.0,0.0,0.0,0,0,0,0,0,0.00,0.00,0.00,0.00
255,Remi Matthews,Crystal Palace,2,0,0,0,0,0,0,0,0.0,0.0,0.0,0.0,0,0,0,0,0,0.00,0.00,0.00,0.00
255,Remi Matthews,Crystal Palace,3,0,0,0,0,0,0,0,0.0,0.0,0.0,0.0,0,0,0,0,0,0.00,0.00,0.00,0.00
255,Remi Matthews,Crystal Palace,4,0,0,0,0,0,0,0,0.0,0.0,0.0,0.0,0,0,0,0,0,0.00,0.00,0.00,0.00
255,Remi Matthews,Crystal Palace,5,0,0,0,0,0,0,0,0.0,0.0,0.0,0.0,0,0,0,0,0,0.00,0.00,0.00,0.00
255,Remi Matthews,Crystal Palace,6,0,0,0,0,0,0,0,0.0,0.0,0.0,0.0,0,0,0,0,0,0.00,0.00,0.00,0.00
255,Remi Matthews,Crystal Palace,7,0,0,0,0,0,0,0,0.0,0.0,0.0,0.0,0,0,0,0,0,0.00,0.00,0.00,0.00
255,Remi Matthews,Crystal Palace,8,0,0,0,0,0,0,0,0.0,0.0,0.0,0.0,0,0,0,0,0,0.00,0.00,0.00,0.00
255,Remi Matthews,Crystal Palace,9,0,0,0,0,0,0,0,0.0,0.0,0.0,0.0,0,0,0,0,0,0.00,0.00,0.00,0.00
256,Daniel Muñoz Mejía,Crystal Palace,1,5,90,0,0,1,1,0,10.0,0.4,6.0,1.6,6,2,2,8,1,0.05,0.00,0.05,1.60
256,Daniel Muñoz Mejía,Crystal Palace,2,5,90,0,1,0,0,0,28.2,24.2,2.0,5.4,1,5,0,1,1,0.00,0.32,0.32,0.93
256,Daniel Muñoz Mejía,Crystal Palace,3,9,90,0,0,1,0,0,25.2,16.7,4.0,4.6,6,8,5,11,1,0.00,0.48,0.48,1.13
256,Daniel Muñoz Mejía,Crystal Palace,4,5,90,0,0,1,1,0,11.2,7.2,41.0,5.9,3,2,1,4,1,0.12,0.22,0.34,0.36
256,Daniel Muñoz Mejía,Crystal Palace,5,2,90,0,0,0,0,0,7.2,17.0,19.0,4.3,2,4,1,3,1,0.19,0.12,0.31,0.66
256,Daniel Muñoz Mejía,Crystal Palace,6,2,90,0,0,0,0,0,19.4,11.1,46.0,7.7,7,2,2,9,1,0.37,0.01,0.38,2.14
256,Daniel Muñoz Mejía,Crystal Palace,7,8,90,1,0,0,1,0,56.0,1.3,21.0,7.8,9,7,7,16,1,0.11,0.02,0.13,2.03
256,Daniel Muñoz Mejía,Crystal Palace,8,10,90,0,2,0,0,0,39.4,22.4,21.0,8.3,6,3,5,11,1,0.04,0.57,0.61,2.03
256,Daniel Muñoz Mejía,Crystal Palace,9,2,90,0,0,0,0,0,11.6,3.8,4.0,1.9,3,3,2,5,1,0.00,0.02,0.02,1.08
257,Maxence Lacroix,Crystal Palace,1,8,90,0,0,1,0,0,30.8,0.1,0.0,3.1,13,2,3,16,1,0.00,0.00,0.00,1.60
257,Maxence Lacroix,Crystal Palace,2,3,90,0,0,0,1,0,24.6,0.3,23.0,4.8,9,5,3,12,1,0.10,0.00,0.10,0.93
257,Maxence Lacroix,Crystal Palace,3,11,90,0,1,1,0,0,33.0,10.9,2.0,4.6,9,1,0,9,1,0.00,0.12,0.12,1.13
257,Maxence Lacroix,Crystal Palace,4,6,90,0,0,1,0,0,19.2,4.1,2.0,2.5,5,3,1,6,1,0.00,0.02,0.02,0.36
257,Maxence Lacroix,Crystal Palace,5,2,90,0,0,0,0,0,11.2,0.2,7.0,1.8,4,3,2,6,1,0.20,0.00,0.20,0.66
257,Maxence Lacroix,Crystal Palace,6,4,90,0,0,0,0,0,27.6,0.1,0.0,2.8,8,2,5,13,1,0.00,0.01,0.01,2.14
257,Maxence Lacroix,Crystal Palace,7,3,90,0,0,0,0,0,17.6,14.5,2.0,3.4,9,2,1,10,1,0.00,0.01,0.01,2.03
257,Maxence Lacroix,Crystal Palace,8,1,90,0,0,0,0,0,17.4,0.7,9.0,2.7,6,7,1,7,1,0.03,0.02,0.05,2.03
257,Maxence Lacroix,Crystal Palace,9,4,90,0,0,0,0,0,29.8,0.6,3.0,3.3,19,1,2,21,1,0.01,0.00,0.01,1.08
258,Tyrick Mitchell,Crystal Palace,1,9,90,0,0,1,0,0,26.0,0.3,0.0,2.6,6,5,5,11,1,0.00,0.00,0.00,1.60
258,Tyrick Mitchell,Crystal Palace,2,1,90,0,0,0,1,0,14.6,27.4,8.0,5.0,2,5,3,5,1,0.00,0.09,0.09,0.93
258,Tyrick Mitchell,Crystal Palace,3,6,90,0,0,1,0,0,22.6,17.9,4.0,4.5,3,3,6,9,1,0.00,0.02,0.02,1.13
258,Tyrick Mitchell,Crystal Palace,4,6,90,0,0,1,0,0,20.8,21.2,0.0,4.2,6,5,2,8,1,0.00,0.13,0.13,0.36
258,Tyrick Mitchell,Crystal Palace,5,8,90,1,0,0,1,0,50.2,40.5,25.0,11.6,2,6,3,5,1,0.28,0.10,0.38,0.66
258,Tyrick Mitchell,Crystal Palace,6,4,90,0,0,0,0,0,24.8,15.3,8.0,4.8,8,3,5,13,1,0.00,0.12,0.12,2.14
258,Tyrick Mitchell,Crystal Palace,7,1,90,0,0,0,0,0,13.8,2.8,21.0,3.8,6,2,3,9,1,0.05,0.01,0.06,2.03
258,Tyrick Mitchell,Crystal Palace,8,1,90,0,0,0,0,0,16.6,2.4,9.0,2.8,5,8,2,7,1,0.06,0.02,0.08,2.03
258,Tyrick Mitchell,Crystal Palace,9,2,90,0,0,0,0,0,14.4,5.7,2.0,2.2,5,6,2,7,1,0.00,0.03,0.03,1.08
259,Borna Sosa,Crystal Palace,1,0,0,0,0,0,0,0,0.0,0.0,0.0,0.0,0,0,0,0,0,0.00,0.00,0.00,0.00
259,Borna Sosa,Crystal Palace,2,0,0,0,0,0,0,0,0.0,0.0,0.0,0.0,0,0,0,0,0,0.00,0.00,0.00,0.00
259,Borna Sosa,Crystal Palace,3,0,0,0,0,0,0,0,0.0,0.0,0.0,0.0,0,0,0,0,0,0.00,0.00,0.00,0.00
259,Borna Sosa,Crystal Palace,4,0,0,0,0,0,0,0,0.0,0.0,0.0,0.0,0,0,0,0,0,0.00,0.00,0.00,0.00
259,Borna Sosa,Crystal Palace,5,0,0,0,0,0,0,0,0.0,0.0,0.0,0.0,0,0,0,0,0,0.00,0.00,0.00,0.00
259,Borna Sosa,Crystal Palace,6,0,0,0,0,0,0,0,0.0,0.0,0.0,0.0,0,0,0,0,0,0.00,0.00,0.00,0.00
259,Borna Sosa,Crystal Palace,7,0,0,0,0,0,0,0,0.0,0.0,0.0,0.0,0,0,0,0,0,0.00,0.00,0.00,0.00
259,Borna Sosa,Crystal Palace,8,0,0,0,0,0,0,0,0.0,0.0,0.0,0.0,0,0,0,0,0,0.00,0.00,0.00,0.00
259,Borna Sosa,Crystal Palace,9,1,1,0,0,0,0,0,0.0,0.0,0.0,0.0,0,1,0,0,0,0.00,0.00,0.00,0.00
260,Marc Guéhi,Crystal Palace,1,6,90,0,0,1,0,0,13.8,10.0,2.0,2.6,5,1,1,6,1,0.00,0.00,0.00,1.60
260,Marc Guéhi,Crystal Palace,2,2,90,0,0,0,0,0,11.2,1.5,4.0,1.7,4,3,1,5,1,0.11,0.01,0.12,0.93
260,Marc Guéhi,Crystal Palace,3,15,90,1,0,1,0,0,53.8,1.8,17.0,7.3,6,5,3,9,1,0.05,0.01,0.06,1.13
260,Marc Guéhi,Crystal Palace,4,6,90,0,0,1,0,0,17.4,11.8,4.0,3.3,6,6,0,6,1,0.03,0.01,0.04,0.36
260,Marc Guéhi,Crystal Palace,5,7,90,0,1,0,0,0,22.0,1.4,8.0,3.1,5,2,5,10,1,0.20,0.01,0.21,0.66
260,Marc Guéhi,Crystal Palace,6,7,90,0,1,0,0,0,35.4,11.1,4.0,5.1,8,2,3,11,1,0.00,0.05,0.05,2.14
260,Marc Guéhi,Crystal Palace,7,3,90,0,0,0,0,0,26.8,3.6,37.0,6.7,8,5,2,10,1,0.20,0.48,0.68,2.03
260,Marc Guéhi,Crystal Palace,8,4,90,0,1,0,0,0,15.8,35.3,16.0,6.7,5,5,1,6,1,0.21,0.40,0.61,2.03
260,Marc Guéhi,Crystal Palace,9,4,90,0,0,0,0,0,23.2,0.8,9.0,3.3,9,2,1,10,1,0.09,0.01,0.10,1.08
261,Chris Richards,Crystal Palace,1,6,90,0,0,1,0,0,21.8,0.0,4.0,2.6,6,0,2,8,1,0.08,0.01,0.09,1.60
261,Chris Richards,Crystal Palace,2,2,90,0,0,0,0,0,19.8,1.3,0.0,2.1,7,2,1,8,1,0.00,0.04,0.04,0.93
261,Chris Richards,Crystal Palace,3,8,90,0,0,1,0,0,30.6,0.9,0.0,3.2,9,1,4,13,1,0.00,0.00,0.00,1.13
261,Chris Richards,Crystal Palace,4,6,90,0,0,1,0,0,17.8,15.3,14.0,4.7,3,3,1,4,1,0.19,0.03,0.22,0.36
261,Chris Richards,Crystal Palace,5,4,90,0,0,0,0,0,32.6,4.0,0.0,3.7,13,1,4,17,1,0.00,0.00,0.00,0.66
261,Chris Richards,Crystal Palace,6,4,90,0,0,0,0,0,19.8,0.2,0.0,2.0,10,0,3,13,1,0.00,0.00,0.00,2.14
261,Chris Richards,Crystal Palace,7,3,90,0,0,0,0,0,26.0,10.7,7.0,4.4,9,1,1,10,1,0.09,0.56,0.65,2.03
261,Chris Richards,Crystal Palace,8,3,90,0,0,0,0,0,33.0,14.8,7.0,5.5,11,1,4,15,1,0.03,0.16,0.19,2.03
261,Chris Richards,Crystal Palace,9,2,90,0,0,0,0,0,18.2,0.9,0.0,1.9,8,1,1,9,1,0.00,0.01,0.01,1.08
262,Chadi Riad Dnanou,Crystal Palace,1,0,0,0,0,0,0,0,0.0,0.0,0.0,0.0,0,0,0,0,0,0.00,0.00,0.00,0.00
262,Chadi Riad Dnanou,Crystal Palace,2,0,0,0,0,0,0,0,0.0,0.0,0.0,0.0,0,0,0,0,0,0.00,0.00,0.00,0.00
262,Chadi Riad Dnanou,Crystal Palace,3,0,0,0,0,0,0,0,0.0,0.0,0.0,0.0,0,0,0,0,0,0.00,0.00,0.00,0.00
262,Chadi Riad Dnanou,Crystal Palace,4,0,0,0,0,0,0,0,0.0,0.0,0.0,0.0,0,0,0,0,0,0.00,0.00,0.00,0.00
262,Chadi Riad Dnanou,Crystal Palace,5,0,0,0,0,0,0,0,0.0,0.0,0.0,0.0,0,0,0,0,0,0.00,0.00,0.00,0.00
262,Chadi Riad Dnanou,Crystal Palace,6,0,0,0,0,0,0,0,0.0,0.0,0.0,0.0,0,0,0,0,0,0.00,0.00,0.00,0.00
262,Chadi Riad Dnanou,Crystal Palace,7,0,0,0,0,0,0,0,0.0,0.0,0.0,0.0,0,0,0,0,0,0.00,0.00,0.00,0.00
262,Chadi Riad Dnanou,Crystal Palace,8,0,0,0,0,0,0,0,0.0,0.0,0.0,0.0,0,0,0,0,0,0.00,0.00,0.00,0.00
262,Chadi Riad Dnanou,Crystal Palace,9,0,0,0,0,0,0,0,0.0,0.0,0.0,0.0,0,0,0,0,0,0.00,0.00,0.00,0.00
263,Nathaniel Clyne,Crystal Palace,1,0,0,0,0,0,0,0,0.0,0.0,0.0,0.0,0,0,0,0,0,0.00,0.00,0.00,0.00
263,Nathaniel Clyne,Crystal Palace,2,0,0,0,0,0,0,0,0.0,0.0,0.0,0.0,0,0,0,0,0,0.00,0.00,0.00,0.00
263,Nathaniel Clyne,Crystal Palace,3,1,4,0,0,0,0,0,3.4,0.5,0.0,0.4,1,0,1,2,0,0.00,0.00,0.00,0.00
263,Nathaniel Clyne,Crystal Palace,4,0,0,0,0,0,0,0,0.0,0.0,0.0,0.0,0,0,0,0,0,0.00,0.00,0.00,0.00
263,Nathaniel Clyne,Crystal Palace,5,0,0,0,0,0,0,0,0.0,0.0,0.0,0.0,0,0,0,0,0,0.00,0.00,0.00,0.00
263,Nathaniel Clyne,Crystal Palace,6,0,0,0,0,0,0,0,0.0,0.0,0.0,0.0,0,0,0,0,0,0.00,0.00,0.00,0.00
263,Nathaniel Clyne,Crystal Palace,7,0,0,0,0,0,0,0,0.0,0.0,0.0,0.0,0,0,0,0,0,0.00,0.00,0.00,0.00
263,Nathaniel Clyne,Crystal Palace,8,0,0,0,0,0,0,0,0.0,0.0,0.0,0.0,0,0,0,0,0,0.00,0.00,0.00,0.00
263,Nathaniel Clyne,Crystal Palace,9,0,0,0,0,0,0,0,0.0,0.0,0.0,0.0,0,0,0,0,0,0.00,0.00,0.00,0.00
264,Rob Holding,Crystal Palace,1,0,0,0,0,0,0,0,0.0,0.0,0.0,0.0,0,0,0,0,0,0.00,0.00,0.00,0.00
264,Rob Holding,Crystal Palace,2,0,0,0,0,0,0,0,0.0,0.0,0.0,0.0,0,0,0,0,0,0.00,0.00,0.00,0.00
264,Rob Holding,Crystal Palace,3,0,0,0,0,0,0,0,0.0,0.0,0.0,0.0,0,0,0,0,0,0.00,0.00,0.00,0.00
264,Rob Holding,Crystal Palace,4,0,0,0,0,0,0,0,0.0,0.0,0.0,0.0,0,0,0,0,0,0.00,0.00,0.00,0.00
264,Rob Holding,Crystal Palace,5,0,0,0,0,0,0,0,0.0,0.0,0.0,0.0,0,0,0,0,0,0.00,0.00,0.00,0.00
264,Rob Holding,Crystal Palace,6,0,0,0,0,0,0,0,0.0,0.0,0.0,0.0,0,0,0,0,0,0.00,0.00,0.00,0.00
264,Rob Holding,Crystal Palace,7,0,0,0,0,0,0,0,0.0,0.0,0.0,0.0,0,0,0,0,0,0.00,0.00,0.00,0.00
264,Rob Holding,Crystal Palace,8,0,0,0,0,0,0,0,0.0,0.0,0.0,0.0,0,0,0,0,0,0.00,0.00,0.00,0.00
264,Rob Holding,Crystal Palace,9,0,0,0,0,0,0,0,0.0,0.0,0.0,0.0,0,0,0,0,0,0.00,0.00,0.00,0.00
265,Caleb Kporha,Crystal Palace,1,0,0,0,0,0,0,0,0.0,0.0,0.0,0.0,0,0,0,0,0,0.00,0.00,0.00,0.00
265,Caleb Kporha,Crystal Palace,2,0,0,0,0,0,0,0,0.0,0.0,0.0,0.0,0,0,0,0,0,0.00,0.00,0.00,0.00
265,Caleb Kporha,Crystal Palace,3,0,0,0,0,0,0,0,0.0,0.0,0.0,0.0,0,0,0,0,0,0.00,0.00,0.00,0.00
265,Caleb Kporha,Crystal Palace,4,0,0,0,0,0,0,0,0.0,0.0,0.0,0.0,0,0,0,0,0,0.00,0.00,0.00,0.00
265,Caleb Kporha,Crystal Palace,5,0,0,0,0,0,0,0,0.0,0.0,0.0,0.0,0,0,0,0,0,0.00,0.00,0.00,0.00
265,Caleb Kporha,Crystal Palace,6,0,0,0,0,0,0,0,0.0,0.0,0.0,0.0,0,0,0,0,0,0.00,0.00,0.00,0.00
265,Caleb Kporha,Crystal Palace,7,0,0,0,0,0,0,0,0.0,0.0,0.0,0.0,0,0,0,0,0,0.00,0.00,0.00,0.00
265,Caleb Kporha,Crystal Palace,8,0,0,0,0,0,0,0,0.0,0.0,0.0,0.0,0,0,0,0,0,0.00,0.00,0.00,0.00
265,Caleb Kporha,Crystal Palace,9,0,0,0,0,0,0,0,0.0,0.0,0.0,0.0,0,0,0,0,0,0.00,0.00,0.00,0.00
267,Ismaïla Sarr,Crystal Palace,1,3,90,0,0,1,0,0,10.0,15.5,0.0,2.6,4,3,0,7,1,0.00,0.01,0.01,1.60
267,Ismaïla Sarr,Crystal Palace,2,8,90,1,0,0,0,0,36.0,2.8,17.0,5.6,0,2,2,4,1,0.55,0.04,0.59,0.93
267,Ismaïla Sarr,Crystal Palace,3,7,90,1,0,1,1,0,37.4,2.3,40.0,8.0,2,5,1,8,1,1.45,0.00,1.45,1.13
267,Ismaïla Sarr,Crystal Palace,4,0,0,0,0,0,0,0,0.0,0.0,0.0,0.0,0,0,0,0,0,0.00,0.00,0.00,0.00
267,Ismaïla Sarr,Crystal Palace,5,0,0,0,0,0,0,0,0.0,0.0,0.0,0.0,0,0,0,0,0,0.00,0.00,0.00,0.00
267,Ismaïla Sarr,Crystal Palace,6,11,74,1,0,1,0,0,33.0,12.8,53.0,9.9,0,3,0,3,1,0.75,0.15,0.90,1.50
267,Ismaïla Sarr,Crystal Palace,7,7,88,0,1,0,0,0,35.6,32.1,8.0,7.6,2,1,3,6,1,0.18,0.08,0.26,1.29
267,Ismaïla Sarr,Crystal Palace,8,2,90,0,0,0,0,0,7.0,12.1,17.0,3.6,2,4,1,7,1,0.30,0.01,0.31,2.03
267,Ismaïla Sarr,Crystal Palace,9,2,90,0,0,0,0,0,7.2,2.6,7.0,1.7,2,6,1,9,1,0.02,0.01,0.03,1.08
268,Cheick Doucouré,Crystal Palace,1,0,0,0,0,0,0,0,0.0,0.0,0.0,0.0,0,0,0,0,0,0.00,0.00,0.00,0.00
268,Cheick Doucouré,Crystal Palace,2,0,0,0,0,0,0,0,0.0,0.0,0.0,0.0,0,0,0,0,0,0.00,0.00,0.00,0.00
268,Cheick Doucouré,Crystal Palace,3,0,0,0,0,0,0,0,0.0,0.0,0.0,0.0,0,0,0,0,0,0.00,0.00,0.00,0.00
268,Cheick Doucouré,Crystal Palace,4,0,0,0,0,0,0,0,0.0,0.0,0.0,0.0,0,0,0,0,0,0.00,0.00,0.00,0.00
268,Cheick Doucouré,Crystal Palace,5,0,0,0,0,0,0,0,0.0,0.0,0.0,0.0,0,0,0,0,0,0.00,0.00,0.00,0.00
268,Cheick Doucouré,Crystal Palace,6,0,0,0,0,0,0,0,0.0,0.0,0.0,0.0,0,0,0,0,0,0.00,0.00,0.00,0.00
268,Cheick Doucouré,Crystal Palace,7,0,0,0,0,0,0,0,0.0,0.0,0.0,0.0,0,0,0,0,0,0.00,0.00,0.00,0.00
268,Cheick Doucouré,Crystal Palace,8,0,0,0,0,0,0,0,0.0,0.0,0.0,0.0,0,0,0,0,0,0.00,0.00,0.00,0.00
268,Cheick Doucouré,Crystal Palace,9,0,0,0,0,0,0,0,0.0,0.0,0.0,0.0,0,0,0,0,0,0.00,0.00,0.00,0.00
269,Romain Esse,Crystal Palace,1,0,0,0,0,0,0,0,0.0,0.0,0.0,0.0,0,0,0,0,0,0.00,0.00,0.00,0.00
269,Romain Esse,Crystal Palace,2,1,24,0,0,0,0,0,4.6,0.4,2.0,0.7,0,0,2,2,0,0.00,0.01,0.01,0.27
269,Romain Esse,Crystal Palace,3,0,0,0,0,0,0,0,0.0,0.0,0.0,0.0,0,0,0,0,0,0.00,0.00,0.00,0.00
269,Romain Esse,Crystal Palace,4,0,0,0,0,0,0,0,0.0,0.0,0.0,0.0,0,0,0,0,0,0.00,0.00,0.00,0.00
269,Romain Esse,Crystal Palace,5,0,0,0,0,0,0,0,0.0,0.0,0.0,0.0,0,0,0,0,0,0.00,0.00,0.00,0.00
269,Romain Esse,Crystal Palace,6,0,0,0,0,0,0,0,0.0,0.0,0.0,0.0,0,0,0,0,0,0.00,0.00,0.00,0.00
269,Romain Esse,Crystal Palace,7,0,0,0,0,0,0,0,0.0,0.0,0.0,0.0,0,0,0,0,0,0.00,0.00,0.00,0.00
269,Romain Esse,Crystal Palace,8,0,0,0,0,0,0,0,0.0,0.0,0.0,0.0,0,0,0,0,0,0.00,0.00,0.00,0.00
269,Romain Esse,Crystal Palace,9,0,0,0,0,0,0,0,0.0,0.0,0.0,0.0,0,0,0,0,0,0.00,0.00,0.00,0.00
270,Will Hughes,Crystal Palace,1,2,69,0,0,1,1,0,14.4,0.1,0.0,1.5,6,3,0,9,1,0.00,0.00,0.00,1.22
270,Will Hughes,Crystal Palace,2,1,90,0,0,0,1,0,13.0,41.4,10.0,6.4,1,5,4,10,1,0.12,0.27,0.39,0.93
270,Will Hughes,Crystal Palace,3,2,70,0,0,1,1,0,4.0,2.5,0.0,0.7,6,2,0,8,1,0.00,0.02,0.02,0.85
270,Will Hughes,Crystal Palace,4,3,90,0,0,1,0,0,9.4,26.8,2.0,3.8,2,2,1,5,1,0.03,0.21,0.24,0.36
270,Will Hughes,Crystal Palace,5,2,64,0,0,0,0,0,10.0,2.8,2.0,1.5,4,2,0,6,1,0.00,0.01,0.01,0.45
270,Will Hughes,Crystal Palace,6,1,28,0,0,0,0,0,1.6,0.8,4.0,0.6,0,0,0,0,0,0.00,0.06,0.06,1.10
270,Will Hughes,Crystal Palace,7,0,0,0,0,0,0,0,0.0,0.0,0.0,0.0,0,0,0,0,0,0.00,0.00,0.00,0.00
270,Will Hughes,Crystal Palace,8,0,0,0,0,0,0,0,0.0,0.0,0.0,0.0,0,0,0,0,0,0.00,0.00,0.00,0.00
270,Will Hughes,Crystal Palace,9,1,16,0,0,0,0,0,3.0,15.2,4.0,2.2,0,1,0,1,0,0.00,0.03,0.03,0.00
271,Daichi Kamada,Crystal Palace,1,0,0,0,0,0,0,0,0.0,0.0,0.0,0.0,0,0,0,0,0,0.00,0.00,0.00,0.00
271,Daichi Kamada,Crystal Palace,2,0,0,0,0,0,0,0,0.0,0.0,0.0,0.0,0,0,0,0,0,0.00,0.00,0.00,0.00
271,Daichi Kamada,Crystal Palace,3,6,85,0,1,1,0,0,5.8,10.3,2.0,1.8,1,4,2,7,1,0.00,0.17,0.17,1.13
271,Daichi Kamada,Crystal Palace,4,3,90,0,0,1,0,0,13.8,15.2,18.0,4.7,1,1,1,3,1,0.07,0.22,0.29,0.36
271,Daichi Kamada,Crystal Palace,5,2,90,0,0,0,0,0,24.4,41.3,13.0,7.9,3,0,4,7,1,0.25,0.22,0.47,0.66
271,Daichi Kamada,Crystal Palace,6,5,90,0,1,0,0,0,2.0,12.2,2.0,1.6,0,5,3,8,1,0.00,0.04,0.04,2.14
271,Daichi Kamada,Crystal Palace,7,4,81,0,0,0,0,0,14.4,2.9,3.0,2.0,1,7,8,16,1,0.10,0.02,0.12,1.29
271,Daichi Kamada,Crystal Palace,8,2,90,0,0,0,0,0,7.6,18.1,2.0,2.8,0,5,4,9,1,0.00,0.28,0.28,2.03
271,Daichi Kamada,Crystal Palace,9,2,73,0,0,0,0,0,5.6,1.4,2.0,0.9,3,7,1,11,1,0.00,0.02,0.02,1.08
272,Jefferson Lerma Solís,Crystal Palace,1,1,20,0,0,0,0,0,1.0,1.0,2.0,0.4,1,2,0,3,0,0.00,0.00,0.00,0.38
272,Jefferson Lerma Solís,Crystal Palace,2,1,8,0,0,0,0,0,4.0,1.1,0.0,0.5,2,0,0,2,0,0.00,0.00,0.00,0.27
272,Jefferson Lerma Solís,Crystal Palace,3,1,34,0,0,0,0,0,4.0,3.5,17.0,2.5,1,1,1,3,0,0.36,0.01,0.37,0.38
272,Jefferson Lerma Solís,Crystal Palace,4,3,68,0,0,1,0,0,2.2,2.8,1.0,0.6,1,2,1,4,1,0.03,0.01,0.04,0.34
272,Jefferson Lerma Solís,Crystal Palace,5,0,25,0,0,0,1,0,7.0,10.3,20.0,3.7,3,3,0,6,0,0.08,0.00,0.08,0.22
272,Jefferson Lerma Solís,Crystal Palace,6,1,16,0,0,0,0,0,2.2,0.6,3.0,0.6,1,2,1,4,0,0.05,0.01,0.06,0.64
272,Jefferson Lerma Solís,Crystal Palace,7,1,8,0,0,0,0,0,3.4,0.0,0.0,0.3,2,0,0,2,0,0.00,0.01,0.01,0.73
272,Jefferson Lerma Solís,Crystal Palace,8,0,0,0,0,0,0,0,0.0,0.0,0.0,0.0,0,0,0,0,0,0.00,0.00,0.00,0.00
272,Jefferson Lerma Solís,Crystal Palace,9,1,1,0,0,0,0,0,0.2,0.3,0.0,0.1,0,1,0,1,0,0.00,0.01,0.01,0.00
273,Adam Wharton,Crystal Palace,1,3,90,0,0,1,0,0,14.6,22.3,0.0,3.7,2,4,0,6,1,0.00,0.05,0.05,1.60
273,Adam Wharton,Crystal Palace,2,2,81,0,0,0,0,0,8.2,20.2,0.0,2.8,2,6,1,9,1,0.00,0.09,0.09,0.66
273,Adam Wharton,Crystal Palace,3,1,55,0,0,0,0,0,3.2,5.9,0.0,0.9,0,5,0,5,1,0.00,0.01,0.01,0.75
273,Adam Wharton,Crystal Palace,4,0,0,0,0,0,0,0,0.0,0.0,0.0,0.0,0,0,0,0,0,0.00,0.00,0.00,0.00
273,Adam Wharton,Crystal Palace,5,7,74,0,1,0,0,0,11.2,43.0,2.0,5.6,2,2,1,5,1,0.04,0.51,0.55,0.52
273,Adam Wharton,Crystal Palace,6,3,61,0,0,1,0,0,13.0,48.3,5.0,6.6,1,4,1,6,1,0.04,0.44,0.48,1.03
273,Adam Wharton,Crystal Palace,7,3,90,0,0,0,1,0,11.6,28.8,2.0,4.2,4,5,3,12,1,0.03,0.24,0.27,2.03
273,Adam Wharton,Crystal Palace,8,2,90,0,0,0,0,0,13.6,32.5,4.0,5.0,1,5,2,8,1,0.09,0.34,0.43,2.03
273,Adam Wharton,Crystal Palace,9,2,90,0,0,0,0,0,12.6,17.5,1.0,3.1,4,2,3,9,1,0.02,0.06,0.08,1.08
274,Asher Agbinone,Crystal Palace,1,0,0,0,0,0,0,0,0.0,0.0,0.0,0.0,0,0,0,0,0,0.00,0.00,0.00,0.00
274,Asher Agbinone,Crystal Palace,2,0,0,0,0,0,0,0,0.0,0.0,0.0,0.0,0,0,0,0,0,0.00,0.00,0.00,0.00
274,Asher Agbinone,Crystal Palace,3,0,0,0,0,0,0,0,0.0,0.0,0.0,0.0,0,0,0,0,0,0.00,0.00,0.00,0.00
274,Asher Agbinone,Crystal Palace,4,0,0,0,0,0,0,0,0.0,0.0,0.0,0.0,0,0,0,0,0,0.00,0.00,0.00,0.00
274,Asher Agbinone,Crystal Palace,5,0,0,0,0,0,0,0,0.0,0.0,0.0,0.0,0,0,0,0,0,0.00,0.00,0.00,0.00
274,Asher Agbinone,Crystal Palace,6,0,0,0,0,0,0,0,0.0,0.0,0.0,0.0,0,0,0,0,0,0.00,0.00,0.00,0.00
274,Asher Agbinone,Crystal Palace,7,0,0,0,0,0,0,0,0.0,0.0,0.0,0.0,0,0,0,0,0,0.00,0.00,0.00,0.00
274,Asher Agbinone,Crystal Palace,8,0,0,0,0,0,0,0,0.0,0.0,0.0,0.0,0,0,0,0,0,0.00,0.00,0.00,0.00
274,Asher Agbinone,Crystal Palace,9,0,0,0,0,0,0,0,0.0,0.0,0.0,0.0,0,0,0,0,0,0.00,0.00,0.00,0.00
275,Naouirou Ahamada,Crystal Palace,1,0,0,0,0,0,0,0,0.0,0.0,0.0,0.0,0,0,0,0,0,0.00,0.00,0.00,0.00
275,Naouirou Ahamada,Crystal Palace,2,0,0,0,0,0,0,0,0.0,0.0,0.0,0.0,0,0,0,0,0,0.00,0.00,0.00,0.00
275,Naouirou Ahamada,Crystal Palace,3,0,0,0,0,0,0,0,0.0,0.0,0.0,0.0,0,0,0,0,0,0.00,0.00,0.00,0.00
275,Naouirou Ahamada,Crystal Palace,4,0,0,0,0,0,0,0,0.0,0.0,0.0,0.0,0,0,0,0,0,0.00,0.00,0.00,0.00
275,Naouirou Ahamada,Crystal Palace,5,0,0,0,0,0,0,0,0.0,0.0,0.0,0.0,0,0,0,0,0,0.00,0.00,0.00,0.00
275,Naouirou Ahamada,Crystal Palace,6,0,0,0,0,0,0,0,0.0,0.0,0.0,0.0,0,0,0,0,0,0.00,0.00,0.00,0.00
275,Naouirou Ahamada,Crystal Palace,7,0,0,0,0,0,0,0,0.0,0.0,0.0,0.0,0,0,0,0,0,0.00,0.00,0.00,0.00
275,Naouirou Ahamada,Crystal Palace,8,0,0,0,0,0,0,0,0.0,0.0,0.0,0.0,0,0,0,0,0,0.00,0.00,0.00,0.00
275,Naouirou Ahamada,Crystal Palace,9,0,0,0,0,0,0,0,0.0,0.0,0.0,0.0,0,0,0,0,0,0.00,0.00,0.00,0.00
276,Justin Devenny,Crystal Palace,1,1,6,0,0,0,0,0,3.0,0.0,2.0,0.5,1,0,1,2,0,0.00,0.00,0.00,0.38
276,Justin Devenny,Crystal Palace,2,2,65,0,0,0,0,0,5.8,3.3,23.0,3.2,0,6,2,8,1,0.05,0.02,0.07,0.66
276,Justin Devenny,Crystal Palace,3,1,5,0,0,0,0,0,1.0,1.5,0.0,0.3,0,0,1,1,0,0.00,0.00,0.00,0.00
276,Justin Devenny,Crystal Palace,4,1,21,0,0,0,0,0,5.2,21.3,6.0,3.3,0,0,1,1,0,0.00,0.12,0.12,0.02
276,Justin Devenny,Crystal Palace,5,1,45,0,0,0,0,0,0.0,5.2,5.0,1.0,0,4,1,5,0,0.08,0.04,0.12,0.45
276,Justin Devenny,Crystal Palace,6,1,1,0,0,0,0,0,1.2,0.1,0.0,0.1,0,1,1,2,0,0.00,0.00,0.00,0.00
276,Justin Devenny,Crystal Palace,7,1,2,0,0,0,0,0,0.0,0.0,37.0,3.7,0,0,0,0,0,0.30,0.00,0.30,0.73
276,Justin Devenny,Crystal Palace,8,0,0,0,0,0,0,0,0.0,0.0,0.0,0.0,0,0,0,0,0,0.00,0.00,0.00,0.00
276,Justin Devenny,Crystal Palace,9,0,0,0,0,0,0,0,0.0,0.0,0.0,0.0,0,0,0,0,0,0.00,0.00,0.00,0.00
277,Malcolm Ebiowei,Crystal Palace,1,0,0,0,0,0,0,0,0.0,0.0,0.0,0.0,0,0,0,0,0,0.00,0.00,0.00,0.00
277,Malcolm Ebiowei,Crystal Palace,2,0,0,0,0,0,0,0,0.0,0.0,0.0,0.0,0,0,0,0,0,0.00,0.00,0.00,0.00
277,Malcolm Ebiowei,Crystal Palace,3,0,0,0,0,0,0,0,0.0,0.0,0.0,0.0,0,0,0,0,0,0.00,0.00,0.00,0.00
277,Malcolm Ebiowei,Crystal Palace,4,0,0,0,0,0,0,0,0.0,0.0,0.0,0.0,0,0,0,0,0,0.00,0.00,0.00,0.00
277,Malcolm Ebiowei,Crystal Palace,5,0,0,0,0,0,0,0,0.0,0.0,0.0,0.0,0,0,0,0,0,0.00,0.00,0.00,0.00
277,Malcolm Ebiowei,Crystal Palace,6,0,0,0,0,0,0,0,0.0,0.0,0.0,0.0,0,0,0,0,0,0.00,0.00,0.00,0.00
277,Malcolm Ebiowei,Crystal Palace,7,0,0,0,0,0,0,0,0.0,0.0,0.0,0.0,0,0,0,0,0,0.00,0.00,0.00,0.00
277,Malcolm Ebiowei,Crystal Palace,8,0,0,0,0,0,0,0,0.0,0.0,0.0,0.0,0,0,0,0,0,0.00,0.00,0.00,0.00
277,Malcolm Ebiowei,Crystal Palace,9,0,0,0,0,0,0,0,0.0,0.0,0.0,0.0,0,0,0,0,0,0.00,0.00,0.00,0.00
278,Jesurun Rak-Sakyi,Crystal Palace,1,0,0,0,0,0,0,0,0.0,0.0,0.0,0.0,0,0,0,0,0,0.00,0.00,0.00,0.00
278,Jesurun Rak-Sakyi,Crystal Palace,2,0,0,0,0,0,0,0,0.0,0.0,0.0,0.0,0,0,0,0,0,0.00,0.00,0.00,0.00
278,Jesurun Rak-Sakyi,Crystal Palace,3,0,0,0,0,0,0,0,0.0,0.0,0.0,0.0,0,0,0,0,0,0.00,0.00,0.00,0.00
278,Jesurun Rak-Sakyi,Crystal Palace,4,0,0,0,0,0,0,0,0.0,0.0,0.0,0.0,0,0,0,0,0,0.00,0.00,0.00,0.00
278,Jesurun Rak-Sakyi,Crystal Palace,5,0,0,0,0,0,0,0,0.0,0.0,0.0,0.0,0,0,0,0,0,0.00,0.00,0.00,0.00
278,Jesurun Rak-Sakyi,Crystal Palace,6,0,0,0,0,0,0,0,0.0,0.0,0.0,0.0,0,0,0,0,0,0.00,0.00,0.00,0.00
278,Jesurun Rak-Sakyi,Crystal Palace,7,0,0,0,0,0,0,0,0.0,0.0,0.0,0.0,0,0,0,0,0,0.00,0.00,0.00,0.00
278,Jesurun Rak-Sakyi,Crystal Palace,8,0,0,0,0,0,0,0,0.0,0.0,0.0,0.0,0,0,0,0,0,0.00,0.00,0.00,0.00
278,Jesurun Rak-Sakyi,Crystal Palace,9,0,0,0,0,0,0,0,0.0,0.0,0.0,0.0,0,0,0,0,0,0.00,0.00,0.00,0.00
279,Matheus França de Oliveira,Crystal Palace,1,0,0,0,0,0,0,0,0.0,0.0,0.0,0.0,0,0,0,0,0,0.00,0.00,0.00,0.00
279,Matheus França de Oliveira,Crystal Palace,2,0,0,0,0,0,0,0,0.0,0.0,0.0,0.0,0,0,0,0,0,0.00,0.00,0.00,0.00
279,Matheus França de Oliveira,Crystal Palace,3,0,0,0,0,0,0,0,0.0,0.0,0.0,0.0,0,0,0,0,0,0.00,0.00,0.00,0.00
279,Matheus França de Oliveira,Crystal Palace,4,0,0,0,0,0,0,0,0.0,0.0,0.0,0.0,0,0,0,0,0,0.00,0.00,0.00,0.00
279,Matheus França de Oliveira,Crystal Palace,5,0,0,0,0,0,0,0,0.0,0.0,0.0,0.0,0,0,0,0,0,0.00,0.00,0.00,0.00
279,Matheus França de Oliveira,Crystal Palace,6,0,0,0,0,0,0,0,0.0,0.0,0.0,0.0,0,0,0,0,0,0.00,0.00,0.00,0.00
279,Matheus França de Oliveira,Crystal Palace,7,0,0,0,0,0,0,0,0.0,0.0,0.0,0.0,0,0,0,0,0,0.00,0.00,0.00,0.00
279,Matheus França de Oliveira,Crystal Palace,8,0,0,0,0,0,0,0,0.0,0.0,0.0,0.0,0,0,0,0,0,0.00,0.00,0.00,0.00
279,Matheus França de Oliveira,Crystal Palace,9,0,0,0,0,0,0,0,0.0,0.0,0.0,0.0,0,0,0,0,0,0.00,0.00,0.00,0.00
280,David Ozoh,Crystal Palace,1,0,0,0,0,0,0,0,0.0,0.0,0.0,0.0,0,0,0,0,0,0.00,0.00,0.00,0.00
280,David Ozoh,Crystal Palace,2,0,0,0,0,0,0,0,0.0,0.0,0.0,0.0,0,0,0,0,0,0.00,0.00,0.00,0.00
280,David Ozoh,Crystal Palace,3,0,0,0,0,0,0,0,0.0,0.0,0.0,0.0,0,0,0,0,0,0.00,0.00,0.00,0.00
280,David Ozoh,Crystal Palace,4,0,0,0,0,0,0,0,0.0,0.0,0.0,0.0,0,0,0,0,0,0.00,0.00,0.00,0.00
280,David Ozoh,Crystal Palace,5,0,0,0,0,0,0,0,0.0,0.0,0.0,0.0,0,0,0,0,0,0.00,0.00,0.00,0.00
280,David Ozoh,Crystal Palace,6,0,0,0,0,0,0,0,0.0,0.0,0.0,0.0,0,0,0,0,0,0.00,0.00,0.00,0.00
280,David Ozoh,Crystal Palace,7,0,0,0,0,0,0,0,0.0,0.0,0.0,0.0,0,0,0,0,0,0.00,0.00,0.00,0.00
280,David Ozoh,Crystal Palace,8,0,0,0,0,0,0,0,0.0,0.0,0.0,0.0,0,0,0,0,0,0.00,0.00,0.00,0.00
280,David Ozoh,Crystal Palace,9,0,0,0,0,0,0,0,0.0,0.0,0.0,0.0,0,0,0,0,0,0.00,0.00,0.00,0.00
281,Kaden Rodney,Crystal Palace,1,0,0,0,0,0,0,0,0.0,0.0,0.0,0.0,0,0,0,0,0,0.00,0.00,0.00,0.00
281,Kaden Rodney,Crystal Palace,2,0,0,0,0,0,0,0,0.0,0.0,0.0,0.0,0,0,0,0,0,0.00,0.00,0.00,0.00
281,Kaden Rodney,Crystal Palace,3,0,0,0,0,0,0,0,0.0,0.0,0.0,0.0,0,0,0,0,0,0.00,0.00,0.00,0.00
281,Kaden Rodney,Crystal Palace,4,0,0,0,0,0,0,0,0.0,0.0,0.0,0.0,0,0,0,0,0,0.00,0.00,0.00,0.00
281,Kaden Rodney,Crystal Palace,5,0,0,0,0,0,0,0,0.0,0.0,0.0,0.0,0,0,0,0,0,0.00,0.00,0.00,0.00
281,Kaden Rodney,Crystal Palace,6,0,0,0,0,0,0,0,0.0,0.0,0.0,0.0,0,0,0,0,0,0.00,0.00,0.00,0.00
281,Kaden Rodney,Crystal Palace,7,0,0,0,0,0,0,0,0.0,0.0,0.0,0.0,0,0,0,0,0,0.00,0.00,0.00,0.00
281,Kaden Rodney,Crystal Palace,8,0,0,0,0,0,0,0,0.0,0.0,0.0,0.0,0,0,0,0,0,0.00,0.00,0.00,0.00
281,Kaden Rodney,Crystal Palace,9,0,0,0,0,0,0,0,0.0,0.0,0.0,0.0,0,0,0,0,0,0.00,0.00,0.00,0.00
282,Franco Umeh-Chibueze,Crystal Palace,1,0,0,0,0,0,0,0,0.0,0.0,0.0,0.0,0,0,0,0,0,0.00,0.00,0.00,0.00
282,Franco Umeh-Chibueze,Crystal Palace,2,0,0,0,0,0,0,0,0.0,0.0,0.0,0.0,0,0,0,0,0,0.00,0.00,0.00,0.00
282,Franco Umeh-Chibueze,Crystal Palace,3,0,0,0,0,0,0,0,0.0,0.0,0.0,0.0,0,0,0,0,0,0.00,0.00,0.00,0.00
282,Franco Umeh-Chibueze,Crystal Palace,4,0,0,0,0,0,0,0,0.0,0.0,0.0,0.0,0,0,0,0,0,0.00,0.00,0.00,0.00
282,Franco Umeh-Chibueze,Crystal Palace,5,0,0,0,0,0,0,0,0.0,0.0,0.0,0.0,0,0,0,0,0,0.00,0.00,0.00,0.00
282,Franco Umeh-Chibueze,Crystal Palace,6,0,0,0,0,0,0,0,0.0,0.0,0.0,0.0,0,0,0,0,0,0.00,0.00,0.00,0.00
282,Franco Umeh-Chibueze,Crystal Palace,7,0,0,0,0,0,0,0,0.0,0.0,0.0,0.0,0,0,0,0,0,0.00,0.00,0.00,0.00
282,Franco Umeh-Chibueze,Crystal Palace,8,0,0,0,0,0,0,0,0.0,0.0,0.0,0.0,0,0,0,0,0,0.00,0.00,0.00,0.00
282,Franco Umeh-Chibueze,Crystal Palace,9,0,0,0,0,0,0,0,0.0,0.0,0.0,0.0,0,0,0,0,0,0.00,0.00,0.00,0.00
283,Jean-Philippe Mateta,Crystal Palace,1,1,90,0,0,1,1,0,16.0,0.8,26.0,4.3,5,3,1,9,1,0.29,0.00,0.29,1.60
283,Jean-Philippe Mateta,Crystal Palace,2,2,87,0,0,0,0,0,0.4,0.4,13.0,1.4,1,0,0,1,1,0.16,0.00,0.16,0.66
283,Jean-Philippe Mateta,Crystal Palace,3,5,84,1,0,1,1,0,37.4,3.8,21.0,6.2,3,2,0,5,1,0.79,0.33,1.12,1.13
283,Jean-Philippe Mateta,Crystal Palace,4,2,90,0,0,1,0,0,11.6,1.3,50.0,6.3,5,4,0,9,1,0.59,0.01,0.60,0.36
283,Jean-Philippe Mateta,Crystal Palace,5,6,90,1,0,0,0,0,37.2,3.3,40.0,8.1,3,4,0,7,1,0.84,0.00,0.84,0.66
283,Jean-Philippe Mateta,Crystal Palace,6,2,90,0,0,0,0,0,7.6,15.8,39.0,6.2,1,2,0,3,1,0.92,0.10,1.02,2.14
283,Jean-Philippe Mateta,Crystal Palace,7,2,69,0,0,1,0,0,6.4,1.6,29.0,3.7,2,0,0,2,1,0.59,0.00,0.59,0.43
283,Jean-Philippe Mateta,Crystal Palace,8,17,90,3,0,0,0,0,103.8,9.1,138.0,25.1,0,2,2,4,1,3.67,0.03,3.70,2.03
283,Jean-Philippe Mateta,Crystal Palace,9,2,90,0,0,0,0,0,0.6,2.4,5.0,0.8,0,3,0,3,1,0.14,0.01,0.15,1.08
284,Eddie Nketiah,Crystal Palace,1,0,0,0,0,0,0,0,0.0,0.0,0.0,0.0,0,0,0,0,0,0.00,0.00,0.00,0.00
284,Eddie Nketiah,Crystal Palace,2,0,0,0,0,0,0,0,0.0,0.0,0.0,0.0,0,0,0,0,0,0.00,0.00,0.00,0.00
284,Eddie Nketiah,Crystal Palace,3,0,0,0,0,0,0,0,0.0,0.0,0.0,0.0,0,0,0,0,0,0.00,0.00,0.00,0.00
284,Eddie Nketiah,Crystal Palace,4,0,0,0,0,0,0,0,0.0,0.0,0.0,0.0,0,0,0,0,0,0.00,0.00,0.00,0.00
284,Eddie Nketiah,Crystal Palace,5,1,15,0,0,0,0,0,3.4,10.4,7.0,2.1,1,1,0,2,0,0.04,0.00,0.04,0.15
284,Eddie Nketiah,Crystal Palace,6,4,15,1,0,0,1,0,31.0,10.1,23.0,6.4,0,0,0,0,0,0.57,0.00,0.57,0.64
284,Eddie Nketiah,Crystal Palace,7,1,20,0,0,0,0,0,0.0,0.1,0.0,0.0,0,1,0,1,0,0.00,0.00,0.00,1.60
284,Eddie Nketiah,Crystal Palace,8,1,26,0,0,0,0,0,3.2,13.5,9.0,2.6,2,1,0,3,0,0.04,0.35,0.39,0.65
284,Eddie Nketiah,Crystal Palace,9,1,31,0,0,0,0,0,6.0,11.8,19.0,3.7,1,1,0,2,0,0.19,0.08,0.27,0.24
285,Odsonne Édouard,Crystal Palace,1,0,0,0,0,0,0,0,0.0,0.0,0.0,0.0,0,0,0,0,0,0.00,0.00,0.00,0.00
285,Odsonne Édouard,Crystal Palace,2,1,2,0,0,0,0,0,2.0,0.0,0.0,0.2,0,0,1,1,0,0.00,0.00,0.00,0.27
285,Odsonne Édouard,Crystal Palace,3,0,0,0,0,0,0,0,0.0,0.0,0.0,0.0,0,0,0,0,0,0.00,0.00,0.00,0.00
285,Odsonne Édouard,Crystal Palace,4,0,0,0,0,0,0,0,0.0,0.0,0.0,0.0,0,0,0,0,0,0.00,0.00,0.00,0.00
285,Odsonne Édouard,Crystal Palace,5,0,0,0,0,0,0,0,0.0,0.0,0.0,0.0,0,0,0,0,0,0.00,0.00,0.00,0.00
285,Odsonne Édouard,Crystal Palace,6,0,0,0,0,0,0,0,0.0,0.0,0.0,0.0,0,0,0,0,0,0.00,0.00,0.00,0.00
285,Odsonne Édouard,Crystal Palace,7,0,0,0,0,0,0,0,0.0,0.0,0.0,0.0,0,0,0,0,0,0.00,0.00,0.00,0.00
285,Odsonne Édouard,Crystal Palace,8,0,0,0,0,0,0,0,0.0,0.0,0.0,0.0,0,0,0,0,0,0.00,0.00,0.00,0.00
285,Odsonne Édouard,Crystal Palace,9,0,0,0,0,0,0,0,0.0,0.0,0.0,0.0,0,0,0,0,0,0.00,0.00,0.00,0.00
286,Zach Marsh,Crystal Palace,1,0,0,0,0,0,0,0,0.0,0.0,0.0,0.0,0,0,0,0,0,0.00,0.00,0.00,0.00
286,Zach Marsh,Crystal Palace,2,0,0,0,0,0,0,0,0.0,0.0,0.0,0.0,0,0,0,0,0,0.00,0.00,0.00,0.00
286,Zach Marsh,Crystal Palace,3,0,0,0,0,0,0,0,0.0,0.0,0.0,0.0,0,0,0,0,0,0.00,0.00,0.00,0.00
286,Zach Marsh,Crystal Palace,4,0,0,0,0,0,0,0,0.0,0.0,0.0,0.0,0,0,0,0,0,0.00,0.00,0.00,0.00
286,Zach Marsh,Crystal Palace,5,0,0,0,0,0,0,0,0.0,0.0,0.0,0.0,0,0,0,0,0,0.00,0.00,0.00,0.00
286,Zach Marsh,Crystal Palace,6,0,0,0,0,0,0,0,0.0,0.0,0.0,0.0,0,0,0,0,0,0.00,0.00,0.00,0.00
286,Zach Marsh,Crystal Palace,7,0,0,0,0,0,0,0,0.0,0.0,0.0,0.0,0,0,0,0,0,0.00,0.00,0.00,0.00
286,Zach Marsh,Crystal Palace,8,0,0,0,0,0,0,0,0.0,0.0,0.0,0.0,0,0,0,0,0,0.00,0.00,0.00,0.00
286,Zach Marsh,Crystal Palace,9,0,0,0,0,0,0,0,0.0,0.0,0.0,0.0,0,0,0,0,0,0.00,0.00,0.00,0.00
690,Rio Cardines,Crystal Palace,1,0,0,0,0,0,0,0,0.0,0.0,0.0,0.0,0,0,0,0,0,0.00,0.00,0.00,0.00
690,Rio Cardines,Crystal Palace,2,0,0,0,0,0,0,0,0.0,0.0,0.0,0.0,0,0,0,0,0,0.00,0.00,0.00,0.00
690,Rio Cardines,Crystal Palace,3,0,0,0,0,0,0,0,0.0,0.0,0.0,0.0,0,0,0,0,0,0.00,0.00,0.00,0.00
690,Rio Cardines,Crystal Palace,4,0,0,0,0,0,0,0,0.0,0.0,0.0,0.0,0,0,0,0,0,0.00,0.00,0.00,0.00
690,Rio Cardines,Crystal Palace,5,0,0,0,0,0,0,0,0.0,0.0,0.0,0.0,0,0,0,0,0,0.00,0.00,0.00,0.00
690,Rio Cardines,Crystal Palace,6,0,0,0,0,0,0,0,0.0,0.0,0.0,0.0,0,0,0,0,0,0.00,0.00,0.00,0.00
690,Rio Cardines,Crystal Palace,7,0,0,0,0,0,0,0,0.0,0.0,0.0,0.0,0,0,0,0,0,0.00,0.00,0.00,0.00
690,Rio Cardines,Crystal Palace,8,0,0,0,0,0,0,0,0.0,0.0,0.0,0.0,0,0,0,0,0,0.00,0.00,0.00,0.00
690,Rio Cardines,Crystal Palace,9,0,0,0,0,0,0,0,0.0,0.0,0.0,0.0,0,0,0,0,0,0.00,0.00,0.00,0.00
712,Yéremy Pino Santos,Crystal Palace,3,1,19,0,0,0,0,0,3.6,11.6,2.0,1.7,0,3,1,4,0,0.02,0.01,0.03,0.28
712,Yéremy Pino Santos,Crystal Palace,4,3,83,0,0,1,0,0,0.0,15.2,10.0,2.3,0,4,1,5,1,0.73,0.03,0.76,0.36
712,Yéremy Pino Santos,Crystal Palace,5,1,45,0,0,0,0,0,5.2,14.2,11.0,3.0,1,0,1,2,1,0.10,0.27,0.37,0.22
712,Yéremy Pino Santos,Crystal Palace,6,3,73,0,0,1,0,0,10.0,12.2,19.0,4.1,1,5,0,6,1,0.24,0.13,0.37,1.50
712,Yéremy Pino Santos,Crystal Palace,7,1,87,0,0,0,1,0,17.4,26.6,11.0,5.5,1,3,4,8,1,0.06,0.20,0.26,1.29
712,Yéremy Pino Santos,Crystal Palace,8,1,63,0,0,0,1,0,1.8,16.0,7.0,2.5,0,2,1,3,1,0.01,0.19,0.20,1.38
712,Yéremy Pino Santos,Crystal Palace,9,1,58,0,0,0,0,0,2.6,14.8,2.0,1.9,0,3,1,4,1,0.00,0.01,0.01,0.84
723,Jaydee Canvot,Crystal Palace,4,0,0,0,0,0,0,0,0.0,0.0,0.0,0.0,0,0,0,0,0,0.00,0.00,0.00,0.00
723,Jaydee Canvot,Crystal Palace,5,0,0,0,0,0,0,0,0.0,0.0,0.0,0.0,0,0,0,0,0,0.00,0.00,0.00,0.00
723,Jaydee Canvot,Crystal Palace,6,0,0,0,0,0,0,0,0.0,0.0,0.0,0.0,0,0,0,0,0,0.00,0.00,0.00,0.00
723,Jaydee Canvot,Crystal Palace,7,0,0,0,0,0,0,0,0.0,0.0,0.0,0.0,0,0,0,0,0,0.00,0.00,0.00,0.00
723,Jaydee Canvot,Crystal Palace,8,0,0,0,0,0,0,0,0.0,0.0,0.0,0.0,0,0,0,0,0,0.00,0.00,0.00,0.00
723,Jaydee Canvot,Crystal Palace,9,0,0,0,0,0,0,0,0.0,0.0,0.0,0.0,0,0,0,0,0,0.00,0.00,0.00,0.00
732,Christantus Uche,Crystal Palace,4,1,6,0,0,0,0,0,3.4,0.8,19.0,2.3,0,1,0,1,0,0.01,0.00,0.01,0.00
732,Christantus Uche,Crystal Palace,5,0,0,0,0,0,0,0,0.0,0.0,0.0,0.0,0,0,0,0,0,0.00,0.00,0.00,0.00
732,Christantus Uche,Crystal Palace,6,0,0,0,0,0,0,0,0.0,0.0,0.0,0.0,0,0,0,0,0,0.00,0.00,0.00,0.00
732,Christantus Uche,Crystal Palace,7,1,1,0,0,0,0,0,0.0,0.0,0.0,0.0,0,0,0,0,0,0.00,0.00,0.00,0.73
732,Christantus Uche,Crystal Palace,8,0,0,0,0,0,0,0,0.0,0.0,0.0,0.0,0,0,0,0,0,0.00,0.00,0.00,0.00
732,Christantus Uche,Crystal Palace,9,1,1,0,0,0,0,0,0.0,0.0,0.0,0.0,0,1,0,1,0,0.00,0.00,0.00,0.00
242,Kiernan Dewsbury-Hall,Everton,1,2,90,0,0,0,0,0,12.6,27.4,2.0,4.2,2,2,2,6,1,0.00,0.24,0.24,2.07
242,Kiernan Dewsbury-Hall,Everton,2,2,90,0,0,1,1,0,6.8,54.3,0.0,6.1,1,2,0,3,1,0.00,0.17,0.17,2.43
242,Kiernan Dewsbury-Hall,Everton,3,12,90,1,1,0,1,0,55.4,44.1,19.0,11.9,0,5,1,6,1,0.06,0.59,0.65,1.11
242,Kiernan Dewsbury-Hall,Everton,4,2,90,0,0,1,1,0,9.4,28.3,11.0,4.9,0,5,3,8,1,0.06,0.26,0.32,0.54
242,Kiernan Dewsbury-Hall,Everton,5,1,90,0,0,0,1,0,8.4,29.5,13.0,5.1,1,2,2,5,1,0.19,0.07,0.26,0.90
242,Kiernan Dewsbury-Hall,Everton,6,1,90,0,0,0,1,0,4.4,17.0,17.0,3.8,4,6,0,10,1,0.13,0.05,0.18,1.17
242,Kiernan Dewsbury-Hall,Everton,7,0,0,0,0,0,0,0,0.0,0.0,0.0,0.0,0,0,0,0,0,0.00,0.00,0.00,0.00
242,Kiernan Dewsbury-Hall,Everton,8,2,85,0,0,0,0,0,4.0,4.1,0.0,0.8,0,2,1,3,1,0.00,0.03,0.03,1.52
242,Kiernan Dewsbury-Hall,Everton,9,2,90,0,0,0,0,0,0.2,11.6,12.0,2.4,0,1,0,1,1,0.21,0.54,0.75,2.08
287,Jordan Pickford,Everton,1,2,90,0,0,0,0,0,21.2,0.0,0.0,2.1,3,8,0,0,1,0.00,0.00,0.00,2.07
287,Jordan Pickford,Everton,2,15,90,0,0,1,0,0,50.2,0.0,0.0,5.0,2,11,0,0,1,0.00,0.00,0.00,2.43
287,Jordan Pickford,Everton,3,1,90,0,0,0,0,0,15.0,0.0,0.0,1.5,3,8,0,0,1,0.00,0.01,0.01,1.11
287,Jordan Pickford,Everton,4,6,90,0,0,1,0,0,8.6,0.0,0.0,0.9,1,9,0,0,1,0.00,0.00,0.00,0.54
287,Jordan Pickford,Everton,5,1,90,0,0,0,0,0,13.0,0.0,0.0,1.3,1,6,0,0,1,0.00,0.03,0.03,0.90
287,Jordan Pickford,Everton,6,2,90,0,0,0,0,0,23.2,0.0,0.0,2.3,1,8,1,0,1,0.00,0.00,0.00,1.17
287,Jordan Pickford,Everton,7,3,90,0,0,0,0,0,42.6,0.0,0.0,4.3,2,6,0,0,1,0.00,0.00,0.00,1.65
287,Jordan Pickford,Everton,8,2,90,0,0,0,0,0,44.0,0.0,0.0,4.4,1,4,0,0,1,0.00,0.02,0.02,2.39
287,Jordan Pickford,Everton,9,1,90,0,0,0,0,0,6.4,0.0,0.0,0.6,2,11,0,0,1,0.00,0.00,0.00,2.08
288,Mark Travers,Everton,1,0,0,0,0,0,0,0,0.0,0.0,0.0,0.0,0,0,0,0,0,0.00,0.00,0.00,0.00
288,Mark Travers,Everton,2,0,0,0,0,0,0,0,0.0,0.0,0.0,0.0,0,0,0,0,0,0.00,0.00,0.00,0.00
288,Mark Travers,Everton,3,0,0,0,0,0,0,0,0.0,0.0,0.0,0.0,0,0,0,0,0,0.00,0.00,0.00,0.00
288,Mark Travers,Everton,4,0,0,0,0,0,0,0,0.0,0.0,0.0,0.0,0,0,0,0,0,0.00,0.00,0.00,0.00
288,Mark Travers,Everton,5,0,0,0,0,0,0,0,0.0,0.0,0.0,0.0,0,0,0,0,0,0.00,0.00,0.00,0.00
288,Mark Travers,Everton,6,0,0,0,0,0,0,0,0.0,0.0,0.0,0.0,0,0,0,0,0,0.00,0.00,0.00,0.00
288,Mark Travers,Everton,7,0,0,0,0,0,0,0,0.0,0.0,0.0,0.0,0,0,0,0,0,0.00,0.00,0.00,0.00
288,Mark Travers,Everton,8,0,0,0,0,0,0,0,0.0,0.0,0.0,0.0,0,0,0,0,0,0.00,0.00,0.00,0.00
288,Mark Travers,Everton,9,0,0,0,0,0,0,0,0.0,0.0,0.0,0.0,0,0,0,0,0,0.00,0.00,0.00,0.00
289,Harry Tyrer,Everton,1,0,0,0,0,0,0,0,0.0,0.0,0.0,0.0,0,0,0,0,0,0.00,0.00,0.00,0.00
289,Harry Tyrer,Everton,2,0,0,0,0,0,0,0,0.0,0.0,0.0,0.0,0,0,0,0,0,0.00,0.00,0.00,0.00
289,Harry Tyrer,Everton,3,0,0,0,0,0,0,0,0.0,0.0,0.0,0.0,0,0,0,0,0,0.00,0.00,0.00,0.00
289,Harry Tyrer,Everton,4,0,0,0,0,0,0,0,0.0,0.0,0.0,0.0,0,0,0,0,0,0.00,0.00,0.00,0.00
289,Harry Tyrer,Everton,5,0,0,0,0,0,0,0,0.0,0.0,0.0,0.0,0,0,0,0,0,0.00,0.00,0.00,0.00
289,Harry Tyrer,Everton,6,0,0,0,0,0,0,0,0.0,0.0,0.0,0.0,0,0,0,0,0,0.00,0.00,0.00,0.00
289,Harry Tyrer,Everton,7,0,0,0,0,0,0,0,0.0,0.0,0.0,0.0,0,0,0,0,0,0.00,0.00,0.00,0.00
289,Harry Tyrer,Everton,8,0,0,0,0,0,0,0,0.0,0.0,0.0,0.0,0,0,0,0,0,0.00,0.00,0.00,0.00
289,Harry Tyrer,Everton,9,0,0,0,0,0,0,0,0.0,0.0,0.0,0.0,0,0,0,0,0,0.00,0.00,0.00,0.00
290,Jarrad Branthwaite,Everton,1,0,0,0,0,0,0,0,0.0,0.0,0.0,0.0,0,0,0,0,0,0.00,0.00,0.00,0.00
290,Jarrad Branthwaite,Everton,2,0,0,0,0,0,0,0,0.0,0.0,0.0,0.0,0,0,0,0,0,0.00,0.00,0.00,0.00
290,Jarrad Branthwaite,Everton,3,0,0,0,0,0,0,0,0.0,0.0,0.0,0.0,0,0,0,0,0,0.00,0.00,0.00,0.00
290,Jarrad Branthwaite,Everton,4,0,0,0,0,0,0,0,0.0,0.0,0.0,0.0,0,0,0,0,0,0.00,0.00,0.00,0.00
290,Jarrad Branthwaite,Everton,5,0,0,0,0,0,0,0,0.0,0.0,0.0,0.0,0,0,0,0,0,0.00,0.00,0.00,0.00
290,Jarrad Branthwaite,Everton,6,0,0,0,0,0,0,0,0.0,0.0,0.0,0.0,0,0,0,0,0,0.00,0.00,0.00,0.00
290,Jarrad Branthwaite,Everton,7,0,0,0,0,0,0,0,0.0,0.0,0.0,0.0,0,0,0,0,0,0.00,0.00,0.00,0.00
290,Jarrad Branthwaite,Everton,8,0,0,0,0,0,0,0,0.0,0.0,0.0,0.0,0,0,0,0,0,0.00,0.00,0.00,0.00
290,Jarrad Branthwaite,Everton,9,0,0,0,0,0,0,0,0.0,0.0,0.0,0.0,0,0,0,0,0,0.00,0.00,0.00,0.00
291,James Tarkowski,Everton,1,4,90,0,0,0,0,0,31.0,2.1,7.0,4.0,13,3,2,15,1,0.20,0.01,0.21,2.07
291,James Tarkowski,Everton,2,8,90,0,0,1,0,0,13.2,0.3,4.0,1.8,10,3,0,10,1,0.00,0.00,0.00,2.43
291,James Tarkowski,Everton,3,3,90,0,0,0,0,0,23.2,0.3,0.0,2.4,10,4,1,11,1,0.00,0.00,0.00,1.11
291,James Tarkowski,Everton,4,8,90,0,0,1,0,0,29.2,10.8,6.0,4.6,7,3,4,11,1,0.00,0.04,0.04,0.54
291,James Tarkowski,Everton,5,3,90,0,0,0,0,0,34.6,7.8,0.0,4.2,11,2,3,14,1,0.00,0.02,0.02,0.90
291,James Tarkowski,Everton,6,1,90,0,0,0,1,0,21.6,15.7,0.0,3.7,7,3,0,7,1,0.00,0.11,0.11,1.17
291,James Tarkowski,Everton,7,5,90,0,0,0,0,0,34.6,16.9,8.0,6.0,9,6,2,11,1,0.00,0.26,0.26,1.65
291,James Tarkowski,Everton,8,3,90,0,0,0,0,0,27.2,0.0,2.0,2.9,11,1,2,13,1,0.00,0.00,0.00,2.39
291,James Tarkowski,Everton,9,1,90,0,0,0,0,0,16.0,14.5,2.0,3.3,6,0,1,7,1,0.00,0.06,0.06,2.08
292,Vitalii Mykolenko,Everton,1,0,0,0,0,0,0,0,0.0,0.0,0.0,0.0,0,0,0,0,0,0.00,0.00,0.00,0.00
292,Vitalii Mykolenko,Everton,2,0,0,0,0,0,0,0,0.0,0.0,0.0,0.0,0,0,0,0,0,0.00,0.00,0.00,0.00
292,Vitalii Mykolenko,Everton,3,1,90,0,0,0,0,0,7.4,5.3,2.0,1.5,6,4,1,7,1,0.00,0.07,0.07,1.11
292,Vitalii Mykolenko,Everton,4,0,0,0,0,0,0,0,0.0,0.0,0.0,0.0,0,0,0,0,0,0.00,0.00,0.00,0.00
292,Vitalii Mykolenko,Everton,5,1,85,0,0,0,0,0,11.8,11.4,4.0,2.7,5,3,1,6,1,0.00,0.17,0.17,0.90
292,Vitalii Mykolenko,Everton,6,1,90,0,0,0,1,0,20.6,3.5,2.0,2.6,8,3,0,8,1,0.00,0.03,0.03,1.17
292,Vitalii Mykolenko,Everton,7,4,90,0,0,0,0,0,20.0,13.2,9.0,4.2,11,2,1,12,1,0.02,0.03,0.05,1.65
292,Vitalii Mykolenko,Everton,8,1,90,0,0,0,0,0,8.6,1.4,0.0,1.0,3,3,1,4,1,0.00,0.08,0.08,2.39
292,Vitalii Mykolenko,Everton,9,1,90,0,0,0,0,0,8.6,4.8,4.0,1.7,3,3,1,4,1,0.01,0.04,0.05,2.08
293,Jake O'Brien,Everton,1,2,90,0,0,0,0,0,4.2,1.0,7.0,1.2,2,5,2,4,1,0.17,0.01,0.18,2.07
293,Jake O'Brien,Everton,2,6,90,0,0,1,0,0,10.8,5.1,4.0,2.0,2,1,2,4,1,0.00,0.01,0.01,2.43
293,Jake O'Brien,Everton,3,1,90,0,0,0,0,0,16.8,9.0,4.0,3.0,7,2,1,8,1,0.07,0.01,0.08,1.11
293,Jake O'Brien,Everton,4,6,90,0,0,1,0,0,16.2,15.4,5.0,3.7,4,3,2,6,1,0.05,0.06,0.11,0.54
293,Jake O'Brien,Everton,5,1,90,0,0,0,0,0,5.2,5.5,0.0,1.1,1,1,0,1,1,0.00,0.02,0.02,0.90
293,Jake O'Brien,Everton,6,2,90,0,0,0,0,0,12.6,5.3,5.0,2.3,7,4,2,9,1,0.04,0.02,0.06,1.17
293,Jake O'Brien,Everton,7,5,90,0,0,0,0,0,29.4,19.1,21.0,7.0,7,1,3,10,1,0.08,0.07,0.15,1.65
293,Jake O'Brien,Everton,8,1,90,0,0,0,0,0,8.4,11.3,0.0,2.0,4,3,0,4,1,0.00,0.00,0.00,2.39
293,Jake O'Brien,Everton,9,1,65,0,0,0,0,0,15.2,1.0,2.0,1.8,5,5,4,9,1,0.00,0.00,0.00,1.66
294,Séamus Coleman,Everton,1,0,0,0,0,0,0,0,0.0,0.0,0.0,0.0,0,0,0,0,0,0.00,0.00,0.00,0.00
294,Séamus Coleman,Everton,2,0,0,0,0,0,0,0,0.0,0.0,0.0,0.0,0,0,0,0,0,0.00,0.00,0.00,0.00
294,Séamus Coleman,Everton,3,1,1,0,0,0,0,0,0.0,0.0,0.0,0.0,0,0,0,0,0,0.00,0.00,0.00,0.00
294,Séamus Coleman,Everton,4,0,0,0,0,0,0,0,0.0,0.0,0.0,0.0,0,0,0,0,0,0.00,0.00,0.00,0.00
294,Séamus Coleman,Everton,5,0,0,0,0,0,0,0,0.0,0.0,0.0,0.0,0,0,0,0,0,0.00,0.00,0.00,0.00
294,Séamus Coleman,Everton,6,0,0,0,0,0,0,0,0.0,0.0,0.0,0.0,0,0,0,0,0,0.00,0.00,0.00,0.00
294,Séamus Coleman,Everton,7,1,1,0,0,0,0,0,0.0,0.0,0.0,0.0,0,0,0,0,0,0.00,0.00,0.00,0.24
294,Séamus Coleman,Everton,8,0,0,0,0,0,0,0,0.0,0.0,0.0,0.0,0,0,0,0,0,0.00,0.00,0.00,0.00
294,Séamus Coleman,Everton,9,0,0,0,0,0,0,0,0.0,0.0,0.0,0.0,0,0,0,0,0,0.00,0.00,0.00,0.00
295,Michael Keane,Everton,1,2,90,0,0,0,0,0,19.8,0.4,4.0,2.4,7,4,0,7,1,0.00,0.00,0.00,2.07
295,Michael Keane,Everton,2,8,90,0,0,1,0,0,24.0,0.3,0.0,2.4,11,1,2,13,1,0.00,0.01,0.01,2.43
295,Michael Keane,Everton,3,3,90,0,0,0,0,0,24.6,0.2,0.0,2.5,13,1,1,14,1,0.00,0.00,0.00,1.11
295,Michael Keane,Everton,4,6,90,0,0,1,0,0,11.0,10.8,34.0,5.6,5,3,1,6,1,0.55,0.04,0.59,0.54
295,Michael Keane,Everton,5,1,90,0,0,0,0,0,15.4,0.7,2.0,1.8,6,7,1,7,1,0.00,0.01,0.01,0.90
295,Michael Keane,Everton,6,11,90,1,0,0,0,0,63.4,0.9,19.0,8.3,12,1,1,13,1,0.05,0.01,0.06,1.17
295,Michael Keane,Everton,7,4,64,0,0,0,0,0,20.6,0.4,11.0,3.2,10,4,1,11,1,0.23,0.00,0.23,1.32
295,Michael Keane,Everton,8,1,90,0,0,0,0,0,19.2,0.8,0.0,2.0,6,4,0,6,1,0.00,0.01,0.01,2.39
295,Michael Keane,Everton,9,1,90,0,0,0,0,0,16.0,4.3,0.0,2.0,6,4,1,7,1,0.00,0.01,0.01,2.08
296,Nathan Patterson,Everton,1,0,0,0,0,0,0,0,0.0,0.0,0.0,0.0,0,0,0,0,0,0.00,0.00,0.00,0.00
296,Nathan Patterson,Everton,2,0,0,0,0,0,0,0,0.0,0.0,0.0,0.0,0,0,0,0,0,0.00,0.00,0.00,0.00
296,Nathan Patterson,Everton,3,0,0,0,0,0,0,0,0.0,0.0,0.0,0.0,0,0,0,0,0,0.00,0.00,0.00,0.00
296,Nathan Patterson,Everton,4,0,0,0,0,0,0,0,0.0,0.0,0.0,0.0,0,0,0,0,0,0.00,0.00,0.00,0.00
296,Nathan Patterson,Everton,5,0,0,0,0,0,0,0,0.0,0.0,0.0,0.0,0,0,0,0,0,0.00,0.00,0.00,0.00
296,Nathan Patterson,Everton,6,0,0,0,0,0,0,0,0.0,0.0,0.0,0.0,0,0,0,0,0,0.00,0.00,0.00,0.00
296,Nathan Patterson,Everton,7,0,0,0,0,0,0,0,0.0,0.0,0.0,0.0,0,0,0,0,0,0.00,0.00,0.00,0.00
296,Nathan Patterson,Everton,8,0,0,0,0,0,0,0,0.0,0.0,0.0,0.0,0,0,0,0,0,0.00,0.00,0.00,0.00
296,Nathan Patterson,Everton,9,0,0,0,0,0,0,0,0.0,0.0,0.0,0.0,0,0,0,0,0,0.00,0.00,0.00,0.00
297,Roman Dixon,Everton,1,0,0,0,0,0,0,0,0.0,0.0,0.0,0.0,0,0,0,0,0,0.00,0.00,0.00,0.00
297,Roman Dixon,Everton,2,0,0,0,0,0,0,0,0.0,0.0,0.0,0.0,0,0,0,0,0,0.00,0.00,0.00,0.00
297,Roman Dixon,Everton,3,0,0,0,0,0,0,0,0.0,0.0,0.0,0.0,0,0,0,0,0,0.00,0.00,0.00,0.00
297,Roman Dixon,Everton,4,0,0,0,0,0,0,0,0.0,0.0,0.0,0.0,0,0,0,0,0,0.00,0.00,0.00,0.00
297,Roman Dixon,Everton,5,0,0,0,0,0,0,0,0.0,0.0,0.0,0.0,0,0,0,0,0,0.00,0.00,0.00,0.00
297,Roman Dixon,Everton,6,0,0,0,0,0,0,0,0.0,0.0,0.0,0.0,0,0,0,0,0,0.00,0.00,0.00,0.00
297,Roman Dixon,Everton,7,0,0,0,0,0,0,0,0.0,0.0,0.0,0.0,0,0,0,0,0,0.00,0.00,0.00,0.00
297,Roman Dixon,Everton,8,0,0,0,0,0,0,0,0.0,0.0,0.0,0.0,0,0,0,0,0,0.00,0.00,0.00,0.00
297,Roman Dixon,Everton,9,0,0,0,0,0,0,0,0.0,0.0,0.0,0.0,0,0,0,0,0,0.00,0.00,0.00,0.00
298,Reece Welch,Everton,1,0,0,0,0,0,0,0,0.0,0.0,0.0,0.0,0,0,0,0,0,0.00,0.00,0.00,0.00
298,Reece Welch,Everton,2,0,0,0,0,0,0,0,0.0,0.0,0.0,0.0,0,0,0,0,0,0.00,0.00,0.00,0.00
298,Reece Welch,Everton,3,0,0,0,0,0,0,0,0.0,0.0,0.0,0.0,0,0,0,0,0,0.00,0.00,0.00,0.00
298,Reece Welch,Everton,4,0,0,0,0,0,0,0,0.0,0.0,0.0,0.0,0,0,0,0,0,0.00,0.00,0.00,0.00
298,Reece Welch,Everton,5,0,0,0,0,0,0,0,0.0,0.0,0.0,0.0,0,0,0,0,0,0.00,0.00,0.00,0.00
298,Reece Welch,Everton,6,0,0,0,0,0,0,0,0.0,0.0,0.0,0.0,0,0,0,0,0,0.00,0.00,0.00,0.00
298,Reece Welch,Everton,7,0,0,0,0,0,0,0,0.0,0.0,0.0,0.0,0,0,0,0,0,0.00,0.00,0.00,0.00
298,Reece Welch,Everton,8,0,0,0,0,0,0,0,0.0,0.0,0.0,0.0,0,0,0,0,0,0.00,0.00,0.00,0.00
298,Reece Welch,Everton,9,0,0,0,0,0,0,0,0.0,0.0,0.0,0.0,0,0,0,0,0,0.00,0.00,0.00,0.00
299,Iliman Ndiaye,Everton,1,2,90,0,0,0,0,0,12.6,12.1,2.0,2.7,1,6,2,9,1,0.00,0.02,0.02,2.07
299,Iliman Ndiaye,Everton,2,8,63,1,0,1,0,0,43.2,1.1,40.0,8.4,1,4,3,8,1,0.73,0.00,0.73,1.48
299,Iliman Ndiaye,Everton,3,7,90,1,0,0,0,0,39.6,24.0,25.0,8.9,0,5,3,8,1,0.56,0.05,0.61,1.11
299,Iliman Ndiaye,Everton,4,5,90,0,0,1,0,0,15.2,27.8,12.0,5.5,2,10,2,14,1,0.02,0.19,0.21,0.54
299,Iliman Ndiaye,Everton,5,6,85,0,1,0,1,0,31.4,26.1,2.0,6.0,1,9,2,12,1,0.00,0.16,0.16,0.90
299,Iliman Ndiaye,Everton,6,2,80,0,0,0,0,0,12.2,27.9,21.0,6.1,0,5,1,6,1,0.06,0.13,0.19,1.02
299,Iliman Ndiaye,Everton,7,7,90,1,0,0,1,0,44.0,21.4,23.0,8.8,2,3,3,8,1,0.79,0.49,1.28,1.41
299,Iliman Ndiaye,Everton,8,4,85,0,0,0,0,0,20.4,26.7,23.0,7.0,2,11,4,17,1,0.04,0.56,0.60,1.52
299,Iliman Ndiaye,Everton,9,2,90,0,0,0,0,0,13.8,3.7,21.0,3.9,1,6,3,10,1,0.17,0.56,0.73,2.08
300,Dwight McNeil,Everton,1,0,0,0,0,0,0,0,0.0,0.0,0.0,0.0,0,0,0,0,0,0.00,0.00,0.00,0.00
300,Dwight McNeil,Everton,2,1,19,0,0,0,0,0,0.0,11.3,8.0,1.8,0,0,0,0,0,0.24,0.00,0.24,0.95
300,Dwight McNeil,Everton,3,0,0,0,0,0,0,0,0.0,0.0,0.0,0.0,0,0,0,0,0,0.00,0.00,0.00,0.00
300,Dwight McNeil,Everton,4,0,0,0,0,0,0,0,0.0,0.0,0.0,0.0,0,0,0,0,0,0.00,0.00,0.00,0.00
300,Dwight McNeil,Everton,5,0,0,0,0,0,0,0,0.0,0.0,0.0,0.0,0,0,0,0,0,0.00,0.00,0.00,0.00
300,Dwight McNeil,Everton,6,0,0,0,0,0,0,0,0.0,0.0,0.0,0.0,0,0,0,0,0,0.00,0.00,0.00,0.00
300,Dwight McNeil,Everton,7,0,0,0,0,0,0,0,0.0,0.0,0.0,0.0,0,0,0,0,0,0.00,0.00,0.00,0.00
300,Dwight McNeil,Everton,8,1,4,0,0,0,0,0,0.0,0.2,0.0,0.0,0,0,0,0,0,0.00,0.00,0.00,0.86
300,Dwight McNeil,Everton,9,0,0,0,0,0,0,0,0.0,0.0,0.0,0.0,0,0,0,0,0,0.00,0.00,0.00,0.00
301,Carlos Alcaraz Durán,Everton,1,1,85,0,0,0,1,0,7.6,2.4,21.0,3.1,1,4,1,6,1,0.03,0.01,0.04,1.87
301,Carlos Alcaraz Durán,Everton,2,1,26,0,0,0,0,0,5.0,2.1,0.0,0.7,0,2,2,4,0,0.00,0.00,0.00,0.95
301,Carlos Alcaraz Durán,Everton,3,1,2,0,0,0,0,0,2.0,0.0,0.0,0.2,0,1,1,2,0,0.00,0.00,0.00,0.12
301,Carlos Alcaraz Durán,Everton,4,0,0,0,0,0,0,0,0.0,0.0,0.0,0.0,0,0,0,0,0,0.00,0.00,0.00,0.00
301,Carlos Alcaraz Durán,Everton,5,1,4,0,0,0,0,0,0.0,0.3,0.0,0.0,0,0,0,0,0,0.00,0.00,0.00,0.00
301,Carlos Alcaraz Durán,Everton,6,0,0,0,0,0,0,0,0.0,0.0,0.0,0.0,0,0,0,0,0,0.00,0.00,0.00,0.00
301,Carlos Alcaraz Durán,Everton,7,1,45,0,0,0,0,0,8.6,15.9,20.0,4.5,0,5,2,7,0,0.12,0.02,0.14,1.02
301,Carlos Alcaraz Durán,Everton,8,2,69,0,0,0,0,0,0.0,2.8,4.0,0.7,0,3,0,3,1,0.01,0.03,0.04,1.30
301,Carlos Alcaraz Durán,Everton,9,1,4,0,0,0,0,0,0.0,0.0,0.0,0.0,0,0,0,0,0,0.00,0.00,0.00,0.42
302,Idrissa Gana Gueye,Everton,1,2,90,0,0,0,0,0,7.2,19.6,3.0,3.0,0,4,1,5,1,0.06,0.12,0.18,2.07
302,Idrissa Gana Gueye,Everton,2,3,90,0,0,1,0,0,12.4,5.7,2.0,2.0,3,2,2,7,1,0.00,0.01,0.01,2.43
302,Idrissa Gana Gueye,Everton,3,2,75,0,0,0,0,0,7.4,12.8,11.0,3.1,0,6,3,9,1,0.30,0.03,0.33,0.65
302,Idrissa Gana Gueye,Everton,4,3,90,0,0,1,0,0,4.6,3.4,2.0,1.0,2,6,2,10,1,0.10,0.03,0.13,0.54
302,Idrissa Gana Gueye,Everton,5,10,90,1,0,0,0,0,50.4,6.4,40.0,9.7,3,7,2,12,1,0.26,0.02,0.28,0.90
302,Idrissa Gana Gueye,Everton,6,2,90,0,0,0,0,0,12.2,9.6,1.0,2.3,2,4,1,7,1,0.04,0.06,0.10,1.17
302,Idrissa Gana Gueye,Everton,7,2,90,0,0,0,0,0,3.8,7.3,0.0,1.1,0,8,1,9,1,0.00,0.13,0.13,1.65
302,Idrissa Gana Gueye,Everton,8,2,69,0,0,0,0,0,8.8,3.3,2.0,1.4,2,1,3,6,1,0.00,0.02,0.02,1.30
302,Idrissa Gana Gueye,Everton,9,2,85,0,0,0,0,0,5.2,1.8,7.0,1.4,2,7,2,11,1,0.08,0.02,0.10,1.66
303,James Garner,Everton,1,2,90,0,0,0,0,0,16.4,3.2,2.0,2.2,4,3,2,9,1,0.03,0.01,0.04,2.07
303,James Garner,Everton,2,10,90,1,0,1,1,0,54.2,26.6,8.0,8.9,10,5,1,16,1,0.04,0.07,0.11,2.43
303,James Garner,Everton,3,4,90,0,0,0,0,0,13.4,3.3,0.0,1.7,4,5,3,12,1,0.00,0.02,0.02,1.11
303,James Garner,Everton,4,5,90,0,0,1,0,0,29.6,56.7,2.0,8.8,2,3,4,9,1,0.08,0.31,0.39,0.54
303,James Garner,Everton,5,4,90,0,0,0,0,0,16.2,3.2,3.0,2.2,6,7,5,18,1,0.04,0.02,0.06,0.90
303,James Garner,Everton,6,7,90,0,1,0,0,0,34.4,22.1,49.0,10.6,3,4,2,9,1,0.24,0.10,0.34,1.17
303,James Garner,Everton,7,1,90,0,0,0,1,0,22.6,34.8,4.0,6.1,6,2,1,9,1,0.12,0.52,0.64,1.65
303,James Garner,Everton,8,3,90,0,0,0,1,0,16.8,2.1,5.0,2.4,9,2,2,13,1,0.12,0.01,0.13,2.39
303,James Garner,Everton,9,1,90,0,0,0,1,0,15.2,20.0,5.0,4.0,2,2,6,10,1,0.11,0.13,0.24,2.08
304,Tim Iroegbunam,Everton,1,2,70,0,0,1,1,0,12.0,1.1,0.0,1.3,3,3,3,9,1,0.00,0.00,0.00,0.93
304,Tim Iroegbunam,Everton,2,2,70,0,0,1,1,0,8.8,2.7,1.0,1.3,5,6,0,11,1,0.08,0.00,0.08,1.48
304,Tim Iroegbunam,Everton,3,1,14,0,0,0,0,0,6.2,0.0,2.0,0.8,2,0,0,2,0,0.03,0.00,0.03,0.46
304,Tim Iroegbunam,Everton,4,2,65,0,0,1,1,0,5.4,1.3,2.0,0.9,2,4,0,6,1,0.04,0.00,0.04,0.54
304,Tim Iroegbunam,Everton,5,0,0,0,0,0,0,0,0.0,0.0,0.0,0.0,0,0,0,0,0,0.00,0.00,0.00,0.00
304,Tim Iroegbunam,Everton,6,0,0,0,0,0,0,0,0.0,0.0,0.0,0.0,0,0,0,0,0,0.00,0.00,0.00,0.00
304,Tim Iroegbunam,Everton,7,4,25,0,1,0,0,0,2.6,0.5,2.0,0.5,1,0,1,2,0,0.00,0.00,0.00,0.33
304,Tim Iroegbunam,Everton,8,1,20,0,0,0,0,0,11.4,3.4,0.0,1.5,1,1,3,5,0,0.00,0.01,0.01,1.09
304,Tim Iroegbunam,Everton,9,0,0,0,0,0,0,0,0.0,0.0,0.0,0.0,0,0,0,0,0,0.00,0.00,0.00,0.00
305,Harrison Armstrong,Everton,1,0,0,0,0,0,0,0,0.0,0.0,0.0,0.0,0,0,0,0,0,0.00,0.00,0.00,0.00
305,Harrison Armstrong,Everton,2,1,1,0,0,0,0,0,0.0,0.0,0.0,0.0,0,0,0,0,0,0.00,0.00,0.00,0.00
305,Harrison Armstrong,Everton,3,0,0,0,0,0,0,0,0.0,0.0,0.0,0.0,0,0,0,0,0,0.00,0.00,0.00,0.00
305,Harrison Armstrong,Everton,4,0,0,0,0,0,0,0,0.0,0.0,0.0,0.0,0,0,0,0,0,0.00,0.00,0.00,0.00
305,Harrison Armstrong,Everton,5,0,0,0,0,0,0,0,0.0,0.0,0.0,0.0,0,0,0,0,0,0.00,0.00,0.00,0.00
305,Harrison Armstrong,Everton,6,0,0,0,0,0,0,0,0.0,0.0,0.0,0.0,0,0,0,0,0,0.00,0.00,0.00,0.00
305,Harrison Armstrong,Everton,7,0,0,0,0,0,0,0,0.0,0.0,0.0,0.0,0,0,0,0,0,0.00,0.00,0.00,0.00
305,Harrison Armstrong,Everton,8,0,0,0,0,0,0,0,0.0,0.0,0.0,0.0,0,0,0,0,0,0.00,0.00,0.00,0.00
305,Harrison Armstrong,Everton,9,0,0,0,0,0,0,0,0.0,0.0,0.0,0.0,0,0,0,0,0,0.00,0.00,0.00,0.00
306,Callum Bates,Everton,1,0,0,0,0,0,0,0,0.0,0.0,0.0,0.0,0,0,0,0,0,0.00,0.00,0.00,0.00
306,Callum Bates,Everton,2,0,0,0,0,0,0,0,0.0,0.0,0.0,0.0,0,0,0,0,0,0.00,0.00,0.00,0.00
306,Callum Bates,Everton,3,0,0,0,0,0,0,0,0.0,0.0,0.0,0.0,0,0,0,0,0,0.00,0.00,0.00,0.00
306,Callum Bates,Everton,4,0,0,0,0,0,0,0,0.0,0.0,0.0,0.0,0,0,0,0,0,0.00,0.00,0.00,0.00
306,Callum Bates,Everton,5,0,0,0,0,0,0,0,0.0,0.0,0.0,0.0,0,0,0,0,0,0.00,0.00,0.00,0.00
306,Callum Bates,Everton,6,0,0,0,0,0,0,0,0.0,0.0,0.0,0.0,0,0,0,0,0,0.00,0.00,0.00,0.00
306,Callum Bates,Everton,7,0,0,0,0,0,0,0,0.0,0.0,0.0,0.0,0,0,0,0,0,0.00,0.00,0.00,0.00
306,Callum Bates,Everton,8,0,0,0,0,0,0,0,0.0,0.0,0.0,0.0,0,0,0,0,0,0.00,0.00,0.00,0.00
306,Callum Bates,Everton,9,0,0,0,0,0,0,0,0.0,0.0,0.0,0.0,0,0,0,0,0,0.00,0.00,0.00,0.00
307,Coby Ebere,Everton,1,0,0,0,0,0,0,0,0.0,0.0,0.0,0.0,0,0,0,0,0,0.00,0.00,0.00,0.00
307,Coby Ebere,Everton,2,0,0,0,0,0,0,0,0.0,0.0,0.0,0.0,0,0,0,0,0,0.00,0.00,0.00,0.00
307,Coby Ebere,Everton,3,0,0,0,0,0,0,0,0.0,0.0,0.0,0.0,0,0,0,0,0,0.00,0.00,0.00,0.00
307,Coby Ebere,Everton,4,0,0,0,0,0,0,0,0.0,0.0,0.0,0.0,0,0,0,0,0,0.00,0.00,0.00,0.00
307,Coby Ebere,Everton,5,0,0,0,0,0,0,0,0.0,0.0,0.0,0.0,0,0,0,0,0,0.00,0.00,0.00,0.00
307,Coby Ebere,Everton,6,0,0,0,0,0,0,0,0.0,0.0,0.0,0.0,0,0,0,0,0,0.00,0.00,0.00,0.00
307,Coby Ebere,Everton,7,0,0,0,0,0,0,0,0.0,0.0,0.0,0.0,0,0,0,0,0,0.00,0.00,0.00,0.00
307,Coby Ebere,Everton,8,0,0,0,0,0,0,0,0.0,0.0,0.0,0.0,0,0,0,0,0,0.00,0.00,0.00,0.00
307,Coby Ebere,Everton,9,0,0,0,0,0,0,0,0.0,0.0,0.0,0.0,0,0,0,0,0,0.00,0.00,0.00,0.00
308,Isaac Heath,Everton,1,0,0,0,0,0,0,0,0.0,0.0,0.0,0.0,0,0,0,0,0,0.00,0.00,0.00,0.00
308,Isaac Heath,Everton,2,0,0,0,0,0,0,0,0.0,0.0,0.0,0.0,0,0,0,0,0,0.00,0.00,0.00,0.00
308,Isaac Heath,Everton,3,0,0,0,0,0,0,0,0.0,0.0,0.0,0.0,0,0,0,0,0,0.00,0.00,0.00,0.00
308,Isaac Heath,Everton,4,0,0,0,0,0,0,0,0.0,0.0,0.0,0.0,0,0,0,0,0,0.00,0.00,0.00,0.00
308,Isaac Heath,Everton,5,0,0,0,0,0,0,0,0.0,0.0,0.0,0.0,0,0,0,0,0,0.00,0.00,0.00,0.00
308,Isaac Heath,Everton,6,0,0,0,0,0,0,0,0.0,0.0,0.0,0.0,0,0,0,0,0,0.00,0.00,0.00,0.00
308,Isaac Heath,Everton,7,0,0,0,0,0,0,0,0.0,0.0,0.0,0.0,0,0,0,0,0,0.00,0.00,0.00,0.00
308,Isaac Heath,Everton,8,0,0,0,0,0,0,0,0.0,0.0,0.0,0.0,0,0,0,0,0,0.00,0.00,0.00,0.00
308,Isaac Heath,Everton,9,0,0,0,0,0,0,0,0.0,0.0,0.0,0.0,0,0,0,0,0,0.00,0.00,0.00,0.00
309,Jenson Metcalfe,Everton,1,0,0,0,0,0,0,0,0.0,0.0,0.0,0.0,0,0,0,0,0,0.00,0.00,0.00,0.00
309,Jenson Metcalfe,Everton,2,0,0,0,0,0,0,0,0.0,0.0,0.0,0.0,0,0,0,0,0,0.00,0.00,0.00,0.00
309,Jenson Metcalfe,Everton,3,0,0,0,0,0,0,0,0.0,0.0,0.0,0.0,0,0,0,0,0,0.00,0.00,0.00,0.00
309,Jenson Metcalfe,Everton,4,0,0,0,0,0,0,0,0.0,0.0,0.0,0.0,0,0,0,0,0,0.00,0.00,0.00,0.00
309,Jenson Metcalfe,Everton,5,0,0,0,0,0,0,0,0.0,0.0,0.0,0.0,0,0,0,0,0,0.00,0.00,0.00,0.00
309,Jenson Metcalfe,Everton,6,0,0,0,0,0,0,0,0.0,0.0,0.0,0.0,0,0,0,0,0,0.00,0.00,0.00,0.00
309,Jenson Metcalfe,Everton,7,0,0,0,0,0,0,0,0.0,0.0,0.0,0.0,0,0,0,0,0,0.00,0.00,0.00,0.00
309,Jenson Metcalfe,Everton,8,0,0,0,0,0,0,0,0.0,0.0,0.0,0.0,0,0,0,0,0,0.00,0.00,0.00,0.00
309,Jenson Metcalfe,Everton,9,0,0,0,0,0,0,0,0.0,0.0,0.0,0.0,0,0,0,0,0,0.00,0.00,0.00,0.00
310,Thierno Barry,Everton,1,1,4,0,0,0,0,0,0.0,1.0,2.0,0.3,0,0,0,0,0,0.00,0.00,0.00,0.20
310,Thierno Barry,Everton,2,2,63,0,0,1,0,0,0.0,2.2,14.0,1.2,0,0,0,0,1,0.35,0.01,0.36,1.48
310,Thierno Barry,Everton,3,1,14,0,0,0,0,0,6.2,3.9,0.0,1.0,2,0,0,2,0,0.00,0.00,0.00,0.46
310,Thierno Barry,Everton,4,1,15,0,0,0,0,0,0.0,0.5,13.0,1.1,0,0,0,0,0,0.11,0.01,0.12,0.00
310,Thierno Barry,Everton,5,1,45,0,0,0,0,0,0.4,1.0,0.0,0.1,0,1,0,1,0,0.00,0.00,0.00,0.21
310,Thierno Barry,Everton,6,1,21,0,0,0,0,0,2.0,1.3,0.0,0.3,1,0,0,1,0,0.00,0.00,0.00,0.29
310,Thierno Barry,Everton,7,1,45,0,0,0,0,0,4.0,10.8,0.0,1.5,2,1,0,3,1,0.00,0.00,0.00,0.63
310,Thierno Barry,Everton,8,1,15,0,0,0,0,0,2.0,0.5,0.0,0.3,1,0,0,1,0,0.00,0.00,0.00,1.05
310,Thierno Barry,Everton,9,1,24,0,0,0,0,0,0.0,1.3,0.0,0.1,0,0,0,0,0,0.03,0.01,0.04,0.42
311,Norberto Bercique Gomes Betuncal,Everton,1,2,90,0,0,0,0,0,10.2,2.8,7.0,2.0,3,1,1,5,1,0.06,0.01,0.07,2.07
311,Norberto Bercique Gomes Betuncal,Everton,2,0,26,0,0,0,1,0,0.0,0.5,8.0,0.5,0,0,0,0,0,0.14,0.00,0.14,0.95
311,Norberto Bercique Gomes Betuncal,Everton,3,7,75,1,0,0,0,0,32.2,14.1,39.0,8.5,0,1,0,1,1,0.63,0.08,0.71,0.65
311,Norberto Bercique Gomes Betuncal,Everton,4,2,74,0,0,1,0,0,0.0,0.7,29.0,2.5,1,0,0,1,1,0.97,0.00,0.97,0.54
311,Norberto Bercique Gomes Betuncal,Everton,5,1,45,0,0,0,0,0,0.0,0.3,8.0,0.6,0,1,0,1,1,0.20,0.00,0.20,0.69
311,Norberto Bercique Gomes Betuncal,Everton,6,2,68,0,0,0,0,0,5.0,1.6,21.0,2.8,1,1,1,3,1,0.18,0.00,0.18,0.88
311,Norberto Bercique Gomes Betuncal,Everton,7,1,45,0,0,0,0,0,10.4,13.0,39.0,6.2,1,2,2,5,0,0.34,0.01,0.35,1.02
311,Norberto Bercique Gomes Betuncal,Everton,8,2,74,0,0,0,0,0,0.2,2.3,15.0,1.8,1,2,1,4,1,0.60,0.01,0.61,1.33
311,Norberto Bercique Gomes Betuncal,Everton,9,2,65,0,0,0,0,0,11.2,10.8,39.0,6.1,4,1,0,5,1,0.56,0.00,0.56,1.66
312,Youssef Ramalho Chermiti,Everton,1,0,0,0,0,0,0,0,0.0,0.0,0.0,0.0,0,0,0,0,0,0.00,0.00,0.00,0.00
312,Youssef Ramalho Chermiti,Everton,2,0,0,0,0,0,0,0,0.0,0.0,0.0,0.0,0,0,0,0,0,0.00,0.00,0.00,0.00
312,Youssef Ramalho Chermiti,Everton,3,0,0,0,0,0,0,0,0.0,0.0,0.0,0.0,0,0,0,0,0,0.00,0.00,0.00,0.00
312,Youssef Ramalho Chermiti,Everton,4,0,0,0,0,0,0,0,0.0,0.0,0.0,0.0,0,0,0,0,0,0.00,0.00,0.00,0.00
312,Youssef Ramalho Chermiti,Everton,5,0,0,0,0,0,0,0,0.0,0.0,0.0,0.0,0,0,0,0,0,0.00,0.00,0.00,0.00
312,Youssef Ramalho Chermiti,Everton,6,0,0,0,0,0,0,0,0.0,0.0,0.0,0.0,0,0,0,0,0,0.00,0.00,0.00,0.00
312,Youssef Ramalho Chermiti,Everton,7,0,0,0,0,0,0,0,0.0,0.0,0.0,0.0,0,0,0,0,0,0.00,0.00,0.00,0.00
312,Youssef Ramalho Chermiti,Everton,8,0,0,0,0,0,0,0,0.0,0.0,0.0,0.0,0,0,0,0,0,0.00,0.00,0.00,0.00
312,Youssef Ramalho Chermiti,Everton,9,0,0,0,0,0,0,0,0.0,0.0,0.0,0.0,0,0,0,0,0,0.00,0.00,0.00,0.00
313,Martin Sherif,Everton,1,0,0,0,0,0,0,0,0.0,0.0,0.0,0.0,0,0,0,0,0,0.00,0.00,0.00,0.00
313,Martin Sherif,Everton,2,0,0,0,0,0,0,0,0.0,0.0,0.0,0.0,0,0,0,0,0,0.00,0.00,0.00,0.00
313,Martin Sherif,Everton,3,0,0,0,0,0,0,0,0.0,0.0,0.0,0.0,0,0,0,0,0,0.00,0.00,0.00,0.00
313,Martin Sherif,Everton,4,0,0,0,0,0,0,0,0.0,0.0,0.0,0.0,0,0,0,0,0,0.00,0.00,0.00,0.00
313,Martin Sherif,Everton,5,0,0,0,0,0,0,0,0.0,0.0,0.0,0.0,0,0,0,0,0,0.00,0.00,0.00,0.00
313,Martin Sherif,Everton,6,0,0,0,0,0,0,0,0.0,0.0,0.0,0.0,0,0,0,0,0,0.00,0.00,0.00,0.00
313,Martin Sherif,Everton,7,0,0,0,0,0,0,0,0.0,0.0,0.0,0.0,0,0,0,0,0,0.00,0.00,0.00,0.00
313,Martin Sherif,Everton,8,0,0,0,0,0,0,0,0.0,0.0,0.0,0.0,0,0,0,0,0,0.00,0.00,0.00,0.00
313,Martin Sherif,Everton,9,0,0,0,0,0,0,0,0.0,0.0,0.0,0.0,0,0,0,0,0,0.00,0.00,0.00,0.00
419,Jack Grealish,Everton,1,1,19,0,0,0,0,0,5.8,0.8,5.0,1.2,1,1,0,2,0,0.02,0.00,0.02,1.14
419,Jack Grealish,Everton,2,11,90,0,2,1,0,0,48.2,35.3,12.0,9.6,1,7,3,11,1,0.01,0.70,0.71,2.43
419,Jack Grealish,Everton,3,10,87,0,2,0,0,0,47.2,36.0,34.0,11.7,2,8,1,11,1,0.28,0.59,0.87,0.99
419,Jack Grealish,Everton,4,2,90,0,0,1,1,0,28.0,64.3,56.0,14.8,1,2,3,6,1,0.09,0.30,0.39,0.54
419,Jack Grealish,Everton,5,1,90,0,0,0,1,0,19.4,41.6,14.0,7.5,3,3,2,8,1,0.01,0.10,0.11,0.90
419,Jack Grealish,Everton,6,2,90,0,0,0,0,0,13.8,46.3,20.0,8.0,2,4,0,6,1,0.00,0.15,0.15,1.17
419,Jack Grealish,Everton,7,10,90,1,0,0,0,0,45.2,4.3,67.0,11.7,1,6,1,8,1,0.44,0.05,0.49,1.65
419,Jack Grealish,Everton,8,0,0,0,0,0,0,0,0.0,0.0,0.0,0.0,0,0,0,0,0,0.00,0.00,0.00,0.00
419,Jack Grealish,Everton,9,1,90,0,0,0,1,0,14.6,34.9,20.0,7.0,3,6,1,10,1,0.15,0.09,0.24,2.08
630,Tom King,Everton,1,0,0,0,0,0,0,0,0.0,0.0,0.0,0.0,0,0,0,0,0,0.00,0.00,0.00,0.00
630,Tom King,Everton,2,0,0,0,0,0,0,0,0.0,0.0,0.0,0.0,0,0,0,0,0,0.00,0.00,0.00,0.00
630,Tom King,Everton,3,0,0,0,0,0,0,0,0.0,0.0,0.0,0.0,0,0,0,0,0,0.00,0.00,0.00,0.00
630,Tom King,Everton,4,0,0,0,0,0,0,0,0.0,0.0,0.0,0.0,0,0,0,0,0,0.00,0.00,0.00,0.00
630,Tom King,Everton,5,0,0,0,0,0,0,0,0.0,0.0,0.0,0.0,0,0,0,0,0,0.00,0.00,0.00,0.00
630,Tom King,Everton,6,0,0,0,0,0,0,0,0.0,0.0,0.0,0.0,0,0,0,0,0,0.00,0.00,0.00,0.00
630,Tom King,Everton,7,0,0,0,0,0,0,0,0.0,0.0,0.0,0.0,0,0,0,0,0,0.00,0.00,0.00,0.00
630,Tom King,Everton,8,0,0,0,0,0,0,0,0.0,0.0,0.0,0.0,0,0,0,0,0,0.00,0.00,0.00,0.00
630,Tom King,Everton,9,0,0,0,0,0,0,0,0.0,0.0,0.0,0.0,0,0,0,0,0,0.00,0.00,0.00,0.00
667,Adam Aznou,Everton,1,0,0,0,0,0,0,0,0.0,0.0,0.0,0.0,0,0,0,0,0,0.00,0.00,0.00,0.00
667,Adam Aznou,Everton,2,0,0,0,0,0,0,0,0.0,0.0,0.0,0.0,0,0,0,0,0,0.00,0.00,0.00,0.00
667,Adam Aznou,Everton,3,0,0,0,0,0,0,0,0.0,0.0,0.0,0.0,0,0,0,0,0,0.00,0.00,0.00,0.00
667,Adam Aznou,Everton,4,0,0,0,0,0,0,0,0.0,0.0,0.0,0.0,0,0,0,0,0,0.00,0.00,0.00,0.00
667,Adam Aznou,Everton,5,0,0,0,0,0,0,0,0.0,0.0,0.0,0.0,0,0,0,0,0,0.00,0.00,0.00,0.00
667,Adam Aznou,Everton,6,0,0,0,0,0,0,0,0.0,0.0,0.0,0.0,0,0,0,0,0,0.00,0.00,0.00,0.00
667,Adam Aznou,Everton,7,0,0,0,0,0,0,0,0.0,0.0,0.0,0.0,0,0,0,0,0,0.00,0.00,0.00,0.00
667,Adam Aznou,Everton,8,0,0,0,0,0,0,0,0.0,0.0,0.0,0.0,0,0,0,0,0,0.00,0.00,0.00,0.00
667,Adam Aznou,Everton,9,0,0,0,0,0,0,0,0.0,0.0,0.0,0.0,0,0,0,0,0,0.00,0.00,0.00,0.00
704,Tyler Onyango,Everton,2,0,0,0,0,0,0,0,0.0,0.0,0.0,0.0,0,0,0,0,0,0.00,0.00,0.00,0.00
704,Tyler Onyango,Everton,3,0,0,0,0,0,0,0,0.0,0.0,0.0,0.0,0,0,0,0,0,0.00,0.00,0.00,0.00
704,Tyler Onyango,Everton,4,0,0,0,0,0,0,0,0.0,0.0,0.0,0.0,0,0,0,0,0,0.00,0.00,0.00,0.00
704,Tyler Onyango,Everton,5,0,0,0,0,0,0,0,0.0,0.0,0.0,0.0,0,0,0,0,0,0.00,0.00,0.00,0.00
704,Tyler Onyango,Everton,6,0,0,0,0,0,0,0,0.0,0.0,0.0,0.0,0,0,0,0,0,0.00,0.00,0.00,0.00
704,Tyler Onyango,Everton,7,0,0,0,0,0,0,0,0.0,0.0,0.0,0.0,0,0,0,0,0,0.00,0.00,0.00,0.00
704,Tyler Onyango,Everton,8,0,0,0,0,0,0,0,0.0,0.0,0.0,0.0,0,0,0,0,0,0.00,0.00,0.00,0.00
704,Tyler Onyango,Everton,9,0,0,0,0,0,0,0,0.0,0.0,0.0,0.0,0,0,0,0,0,0.00,0.00,0.00,0.00
705,Elijah Campbell,Everton,2,0,0,0,0,0,0,0,0.0,0.0,0.0,0.0,0,0,0,0,0,0.00,0.00,0.00,0.00
705,Elijah Campbell,Everton,3,0,0,0,0,0,0,0,0.0,0.0,0.0,0.0,0,0,0,0,0,0.00,0.00,0.00,0.00
705,Elijah Campbell,Everton,4,0,0,0,0,0,0,0,0.0,0.0,0.0,0.0,0,0,0,0,0,0.00,0.00,0.00,0.00
705,Elijah Campbell,Everton,5,0,0,0,0,0,0,0,0.0,0.0,0.0,0.0,0,0,0,0,0,0.00,0.00,0.00,0.00
705,Elijah Campbell,Everton,6,0,0,0,0,0,0,0,0.0,0.0,0.0,0.0,0,0,0,0,0,0.00,0.00,0.00,0.00
705,Elijah Campbell,Everton,7,0,0,0,0,0,0,0,0.0,0.0,0.0,0.0,0,0,0,0,0,0.00,0.00,0.00,0.00
705,Elijah Campbell,Everton,8,0,0,0,0,0,0,0,0.0,0.0,0.0,0.0,0,0,0,0,0,0.00,0.00,0.00,0.00
705,Elijah Campbell,Everton,9,0,0,0,0,0,0,0,0.0,0.0,0.0,0.0,0,0,0,0,0,0.00,0.00,0.00,0.00
707,Tyler Dibling,Everton,3,0,0,0,0,0,0,0,0.0,0.0,0.0,0.0,0,0,0,0,0,0.00,0.00,0.00,0.00
707,Tyler Dibling,Everton,4,0,0,0,0,0,0,0,0.0,0.0,0.0,0.0,0,0,0,0,0,0.00,0.00,0.00,0.00
707,Tyler Dibling,Everton,5,1,4,0,0,0,0,0,0.0,0.5,0.0,0.0,0,0,0,0,0,0.00,0.00,0.00,0.00
707,Tyler Dibling,Everton,6,1,9,0,0,0,0,0,3.0,0.3,0.0,0.3,0,2,1,3,0,0.00,0.00,0.00,0.15
707,Tyler Dibling,Everton,7,1,45,0,0,0,0,0,0.0,0.3,2.0,0.2,0,2,1,3,1,0.00,0.00,0.00,0.63
707,Tyler Dibling,Everton,8,0,4,0,0,0,1,0,0.0,0.0,0.0,0.0,0,1,0,1,0,0.00,0.00,0.00,0.86
707,Tyler Dibling,Everton,9,0,0,0,0,0,0,0,0.0,0.0,0.0,0.0,0,0,0,0,0,0.00,0.00,0.00,0.00
728,Merlin Röhl,Everton,4,1,24,0,0,0,0,0,3.0,10.7,1.0,1.5,0,1,2,3,0,0.03,0.00,0.03,0.00
728,Merlin Röhl,Everton,5,0,0,0,0,0,0,0,0.0,0.0,0.0,0.0,0,0,0,0,0,0.00,0.00,0.00,0.00
728,Merlin Röhl,Everton,6,0,0,0,0,0,0,0,0.0,0.0,0.0,0.0,0,0,0,0,0,0.00,0.00,0.00,0.00
728,Merlin Röhl,Everton,7,0,0,0,0,0,0,0,0.0,0.0,0.0,0.0,0,0,0,0,0,0.00,0.00,0.00,0.00
728,Merlin Röhl,Everton,8,1,20,0,0,0,0,0,2.4,1.7,6.0,1.0,1,3,1,5,0,0.03,0.00,0.03,1.09
728,Merlin Röhl,Everton,9,1,24,0,0,0,0,0,0.0,0.1,0.0,0.0,0,1,0,1,0,0.20,0.01,0.21,0.42
314,Bernd Leno,Fulham,1,3,90,0,0,0,0,0,23.6,0.0,0.0,2.4,1,10,0,0,1,0.00,0.00,0.00,1.48
314,Bernd Leno,Fulham,2,3,90,0,0,0,0,0,23.4,0.0,0.0,2.3,2,7,0,0,1,0.00,0.00,0.00,1.63
314,Bernd Leno,Fulham,3,2,90,0,0,0,0,0,29.2,0.0,0.0,2.9,0,13,1,0,1,0.00,0.00,0.00,2.35
314,Bernd Leno,Fulham,4,8,90,0,0,1,0,0,24.0,0.0,0.0,2.4,1,7,0,0,1,0.00,0.00,0.00,0.79
314,Bernd Leno,Fulham,5,1,90,0,0,0,1,0,19.2,0.0,0.0,1.9,1,6,0,0,1,0.00,0.00,0.00,0.60
314,Bernd Leno,Fulham,6,1,90,0,0,0,0,0,9.2,0.0,0.0,0.9,1,12,0,0,1,0.00,0.00,0.00,1.11
314,Bernd Leno,Fulham,7,2,90,0,0,0,0,0,22.8,0.0,0.0,2.3,2,5,0,0,1,0.00,0.00,0.00,1.12
314,Bernd Leno,Fulham,8,3,90,0,0,0,0,0,36.6,0.0,0.0,3.7,2,14,0,0,1,0.00,0.00,0.00,1.87
314,Bernd Leno,Fulham,9,2,90,0,0,0,0,0,36.2,0.0,0.0,3.6,1,6,0,0,1,0.00,0.00,0.00,2.14
315,Steven Benda,Fulham,1,0,0,0,0,0,0,0,0.0,0.0,0.0,0.0,0,0,0,0,0,0.00,0.00,0.00,0.00
315,Steven Benda,Fulham,2,0,0,0,0,0,0,0,0.0,0.0,0.0,0.0,0,0,0,0,0,0.00,0.00,0.00,0.00
315,Steven Benda,Fulham,3,0,0,0,0,0,0,0,0.0,0.0,0.0,0.0,0,0,0,0,0,0.00,0.00,0.00,0.00
315,Steven Benda,Fulham,4,0,0,0,0,0,0,0,0.0,0.0,0.0,0.0,0,0,0,0,0,0.00,0.00,0.00,0.00
315,Steven Benda,Fulham,5,0,0,0,0,0,0,0,0.0,0.0,0.0,0.0,0,0,0,0,0,0.00,0.00,0.00,0.00
315,Steven Benda,Fulham,6,0,0,0,0,0,0,0,0.0,0.0,0.0,0.0,0,0,0,0,0,0.00,0.00,0.00,0.00
315,Steven Benda,Fulham,7,0,0,0,0,0,0,0,0.0,0.0,0.0,0.0,0,0,0,0,0,0.00,0.00,0.00,0.00
315,Steven Benda,Fulham,8,0,0,0,0,0,0,0,0.0,0.0,0.0,0.0,0,0,0,0,0,0.00,0.00,0.00,0.00
315,Steven Benda,Fulham,9,0,0,0,0,0,0,0,0.0,0.0,0.0,0.0,0,0,0,0,0,0.00,0.00,0.00,0.00
316,Antonee Robinson,Fulham,1,0,0,0,0,0,0,0,0.0,0.0,0.0,0.0,0,0,0,0,0,0.00,0.00,0.00,0.00
316,Antonee Robinson,Fulham,2,1,28,0,0,0,0,0,6.6,16.2,2.0,2.5,1,0,0,1,0,0.00,0.02,0.02,0.11
316,Antonee Robinson,Fulham,3,1,23,0,0,0,0,0,5.2,5.3,2.0,1.3,1,1,0,1,0,0.00,0.04,0.04,0.12
316,Antonee Robinson,Fulham,4,0,0,0,0,0,0,0,0.0,0.0,0.0,0.0,0,0,0,0,0,0.00,0.00,0.00,0.00
316,Antonee Robinson,Fulham,5,0,0,0,0,0,0,0,0.0,0.0,0.0,0.0,0,0,0,0,0,0.00,0.00,0.00,0.00
316,Antonee Robinson,Fulham,6,1,10,0,0,0,0,0,1.8,1.3,0.0,0.3,0,0,0,0,0,0.00,0.02,0.02,0.00
316,Antonee Robinson,Fulham,7,0,0,0,0,0,0,0,0.0,0.0,0.0,0.0,0,0,0,0,0,0.00,0.00,0.00,0.00
316,Antonee Robinson,Fulham,8,0,0,0,0,0,0,0,0.0,0.0,0.0,0.0,0,0,0,0,0,0.00,0.00,0.00,0.00
316,Antonee Robinson,Fulham,9,0,0,0,0,0,0,0,0.0,0.0,0.0,0.0,0,0,0,0,0,0.00,0.00,0.00,0.00
317,Joachim Andersen,Fulham,1,2,90,0,0,0,0,0,16.4,1.0,4.0,2.1,5,1,3,8,1,0.00,0.01,0.01,1.48
317,Joachim Andersen,Fulham,2,4,90,0,0,0,0,0,24.6,11.4,6.0,4.2,10,2,1,11,1,0.00,0.64,0.64,1.63
317,Joachim Andersen,Fulham,3,3,90,0,0,0,0,0,20.8,11.2,8.0,4.0,7,4,3,10,1,0.21,0.02,0.23,2.35
317,Joachim Andersen,Fulham,4,10,90,0,0,1,0,0,29.0,3.0,0.0,3.2,9,7,3,12,1,0.00,0.05,0.05,0.79
317,Joachim Andersen,Fulham,5,4,90,0,0,0,0,0,32.4,0.8,11.0,4.4,13,3,2,15,1,0.22,0.01,0.23,0.60
317,Joachim Andersen,Fulham,6,3,90,0,0,0,0,0,18.8,0.8,2.0,2.2,8,3,2,10,1,0.00,0.01,0.01,1.11
317,Joachim Andersen,Fulham,7,3,90,0,0,0,0,0,34.4,0.9,0.0,3.5,14,5,1,15,1,0.00,0.00,0.00,1.12
317,Joachim Andersen,Fulham,8,1,41,0,0,0,0,0,11.4,0.2,0.0,1.2,4,3,0,4,1,0.00,0.00,0.00,0.55
317,Joachim Andersen,Fulham,9,0,0,0,0,0,0,0,0.0,0.0,0.0,0.0,0,0,0,0,0,0.00,0.00,0.00,0.00
318,Calvin Bassey,Fulham,1,1,90,0,0,0,1,0,12.4,1.6,0.0,1.4,2,4,2,4,1,0.00,0.01,0.01,1.48
318,Calvin Bassey,Fulham,2,2,90,0,0,0,0,0,1.8,0.8,7.0,1.0,5,6,0,5,1,0.15,0.00,0.15,1.63
318,Calvin Bassey,Fulham,3,1,90,0,0,0,0,0,13.6,1.3,0.0,1.5,2,4,2,4,1,0.00,0.01,0.01,2.35
318,Calvin Bassey,Fulham,4,9,90,0,0,1,0,0,24.0,3.0,0.0,2.7,6,6,2,8,1,0.00,0.03,0.03,0.79
318,Calvin Bassey,Fulham,5,4,90,0,0,0,0,0,29.0,0.8,2.0,3.2,9,4,1,10,1,0.01,0.00,0.01,0.60
318,Calvin Bassey,Fulham,6,0,90,0,0,0,1,0,16.6,11.8,0.0,2.8,4,7,2,6,1,0.00,0.01,0.01,1.11
318,Calvin Bassey,Fulham,7,1,90,0,0,0,0,0,16.6,1.2,0.0,1.8,5,1,1,6,1,0.00,0.00,0.00,1.12
318,Calvin Bassey,Fulham,8,1,8,0,0,0,0,0,5.6,0.3,2.0,0.8,4,2,0,4,0,0.00,0.00,0.00,0.57
318,Calvin Bassey,Fulham,9,1,90,0,0,0,0,0,8.2,1.4,0.0,1.0,6,4,2,8,1,0.00,0.00,0.00,2.14
319,Timothy Castagne,Fulham,1,1,6,0,0,0,0,0,0.2,0.7,2.0,0.3,0,0,0,0,0,0.00,0.00,0.00,0.40
319,Timothy Castagne,Fulham,2,2,61,0,0,0,0,0,4.6,7.7,19.0,3.1,2,1,0,2,1,0.30,0.04,0.34,1.52
319,Timothy Castagne,Fulham,3,0,59,0,0,0,0,0,10.0,10.7,7.0,2.8,1,2,3,4,1,0.08,0.03,0.11,2.19
319,Timothy Castagne,Fulham,4,0,0,0,0,0,0,0,0.0,0.0,0.0,0.0,0,0,0,0,0,0.00,0.00,0.00,0.00
319,Timothy Castagne,Fulham,5,0,0,0,0,0,0,0,0.0,0.0,0.0,0.0,0,0,0,0,0,0.00,0.00,0.00,0.00
319,Timothy Castagne,Fulham,6,3,90,0,0,0,0,0,23.2,20.2,4.0,4.7,8,6,2,10,1,0.00,0.03,0.03,1.11
319,Timothy Castagne,Fulham,7,1,90,0,0,0,0,0,12.6,12.5,5.0,3.0,6,6,2,8,1,0.04,0.02,0.06,1.12
319,Timothy Castagne,Fulham,8,2,90,0,0,0,0,0,17.2,0.7,0.0,1.8,5,0,4,9,1,0.00,0.00,0.00,1.87
319,Timothy Castagne,Fulham,9,1,1,0,0,0,0,0,1.0,0.0,0.0,0.1,1,0,0,1,0,0.00,0.00,0.00,0.02
320,Issa Diop,Fulham,1,0,0,0,0,0,0,0,0.0,0.0,0.0,0.0,0,0,0,0,0,0.00,0.00,0.00,0.00
320,Issa Diop,Fulham,2,0,0,0,0,0,0,0,0.0,0.0,0.0,0.0,0,0,0,0,0,0.00,0.00,0.00,0.00
320,Issa Diop,Fulham,3,0,0,0,0,0,0,0,0.0,0.0,0.0,0.0,0,0,0,0,0,0.00,0.00,0.00,0.00
320,Issa Diop,Fulham,4,0,0,0,0,0,0,0,0.0,0.0,0.0,0.0,0,0,0,0,0,0.00,0.00,0.00,0.00
320,Issa Diop,Fulham,5,0,0,0,0,0,0,0,0.0,0.0,0.0,0.0,0,0,0,0,0,0.00,0.00,0.00,0.00
320,Issa Diop,Fulham,6,0,0,0,0,0,0,0,0.0,0.0,0.0,0.0,0,0,0,0,0,0.00,0.00,0.00,0.00
320,Issa Diop,Fulham,7,2,85,0,0,0,1,0,18.2,0.8,0.0,1.9,10,4,2,12,1,0.00,0.01,0.01,0.60
320,Issa Diop,Fulham,8,1,48,0,0,0,0,0,3.2,0.4,4.0,0.8,2,0,0,2,0,0.00,0.00,0.00,1.32
320,Issa Diop,Fulham,9,1,90,0,0,0,0,0,12.6,0.5,0.0,1.3,4,3,2,6,1,0.00,0.01,0.01,2.14
321,Jorge Cuenca Barreno,Fulham,1,2,83,0,0,0,0,0,9.6,1.2,4.0,1.5,2,4,1,3,1,0.00,0.01,0.01,1.07
321,Jorge Cuenca Barreno,Fulham,2,0,0,0,0,0,0,0,0.0,0.0,0.0,0.0,0,0,0,0,0,0.00,0.00,0.00,0.00
321,Jorge Cuenca Barreno,Fulham,3,0,0,0,0,0,0,0,0.0,0.0,0.0,0.0,0,0,0,0,0,0.00,0.00,0.00,0.00
321,Jorge Cuenca Barreno,Fulham,4,0,0,0,0,0,0,0,0.0,0.0,0.0,0.0,0,0,0,0,0,0.00,0.00,0.00,0.00
321,Jorge Cuenca Barreno,Fulham,5,1,4,0,0,0,0,0,5.0,0.0,0.0,0.5,3,0,1,4,0,0.00,0.00,0.00,0.05
321,Jorge Cuenca Barreno,Fulham,6,0,0,0,0,0,0,0,0.0,0.0,0.0,0.0,0,0,0,0,0,0.00,0.00,0.00,0.00
321,Jorge Cuenca Barreno,Fulham,7,0,0,0,0,0,0,0,0.0,0.0,0.0,0.0,0,0,0,0,0,0.00,0.00,0.00,0.00
321,Jorge Cuenca Barreno,Fulham,8,4,81,0,0,0,0,0,26.0,3.4,2.0,3.1,13,2,0,13,1,0.00,0.00,0.00,1.30
321,Jorge Cuenca Barreno,Fulham,9,0,0,0,0,0,0,0,0.0,0.0,0.0,0.0,0,0,0,0,0,0.00,0.00,0.00,0.00
322,Kenny Tete,Fulham,1,2,90,0,0,0,0,0,13.0,1.7,0.0,1.5,4,5,3,7,1,0.00,0.01,0.01,1.48
322,Kenny Tete,Fulham,2,2,90,0,0,0,0,0,17.6,17.7,10.0,4.5,1,3,3,4,1,0.00,0.37,0.37,1.63
322,Kenny Tete,Fulham,3,3,90,0,0,0,0,0,22.0,3.9,4.0,3.0,7,2,4,11,1,0.07,0.01,0.08,2.35
322,Kenny Tete,Fulham,4,6,90,0,0,1,0,0,11.4,3.5,0.0,1.5,3,2,3,6,1,0.00,0.02,0.02,0.79
322,Kenny Tete,Fulham,5,2,90,0,0,0,0,0,22.8,13.7,0.0,3.7,5,4,3,8,1,0.00,0.02,0.02,0.60
322,Kenny Tete,Fulham,6,0,0,0,0,0,0,0,0.0,0.0,0.0,0.0,0,0,0,0,0,0.00,0.00,0.00,0.00
322,Kenny Tete,Fulham,7,0,0,0,0,0,0,0,0.0,0.0,0.0,0.0,0,0,0,0,0,0.00,0.00,0.00,0.00
322,Kenny Tete,Fulham,8,0,0,0,0,0,0,0,0.0,0.0,0.0,0.0,0,0,0,0,0,0.00,0.00,0.00,0.00
322,Kenny Tete,Fulham,9,2,90,0,0,0,1,0,21.0,1.5,0.0,2.3,6,4,4,10,1,0.00,0.01,0.01,2.12
323,Samuel Amissah,Fulham,1,0,0,0,0,0,0,0,0.0,0.0,0.0,0.0,0,0,0,0,0,0.00,0.00,0.00,0.00
323,Samuel Amissah,Fulham,2,0,0,0,0,0,0,0,0.0,0.0,0.0,0.0,0,0,0,0,0,0.00,0.00,0.00,0.00
323,Samuel Amissah,Fulham,3,0,0,0,0,0,0,0,0.0,0.0,0.0,0.0,0,0,0,0,0,0.00,0.00,0.00,0.00
323,Samuel Amissah,Fulham,4,0,0,0,0,0,0,0,0.0,0.0,0.0,0.0,0,0,0,0,0,0.00,0.00,0.00,0.00
323,Samuel Amissah,Fulham,5,0,0,0,0,0,0,0,0.0,0.0,0.0,0.0,0,0,0,0,0,0.00,0.00,0.00,0.00
323,Samuel Amissah,Fulham,6,0,0,0,0,0,0,0,0.0,0.0,0.0,0.0,0,0,0,0,0,0.00,0.00,0.00,0.00
323,Samuel Amissah,Fulham,7,0,0,0,0,0,0,0,0.0,0.0,0.0,0.0,0,0,0,0,0,0.00,0.00,0.00,0.00
323,Samuel Amissah,Fulham,8,0,0,0,0,0,0,0,0.0,0.0,0.0,0.0,0,0,0,0,0,0.00,0.00,0.00,0.00
323,Samuel Amissah,Fulham,9,0,0,0,0,0,0,0,0.0,0.0,0.0,0.0,0,0,0,0,0,0.00,0.00,0.00,0.00
324,Alex Iwobi,Fulham,1,2,65,0,0,0,0,0,9.6,40.5,1.0,5.1,0,2,0,2,1,0.01,0.28,0.29,1.05
324,Alex Iwobi,Fulham,2,7,90,0,1,0,0,0,24.8,21.9,17.0,6.4,2,2,0,4,1,0.07,0.25,0.32,1.63
324,Alex Iwobi,Fulham,3,1,83,0,0,0,1,0,4.0,9.8,1.0,1.5,1,5,3,9,1,0.03,0.05,0.08,2.31
324,Alex Iwobi,Fulham,4,3,75,0,0,1,0,0,2.4,3.3,0.0,0.6,0,3,1,4,1,0.00,0.02,0.02,0.76
324,Alex Iwobi,Fulham,5,13,79,1,1,0,0,0,59.8,38.3,19.0,11.7,0,5,0,5,1,0.18,0.20,0.38,0.52
324,Alex Iwobi,Fulham,6,2,64,0,0,0,0,0,2.6,7.8,0.0,1.0,0,3,0,3,1,0.00,0.18,0.18,1.11
324,Alex Iwobi,Fulham,7,2,85,0,0,0,0,0,13.8,38.4,11.0,6.3,0,7,0,7,1,0.11,0.12,0.23,0.60
324,Alex Iwobi,Fulham,8,4,90,0,0,0,0,0,25.2,47.0,6.0,7.8,5,3,4,12,1,0.00,0.11,0.11,1.87
324,Alex Iwobi,Fulham,9,1,90,0,0,0,1,0,0.8,5.7,13.0,2.0,0,4,0,4,1,0.10,0.01,0.11,2.12
325,Emile Smith Rowe,Fulham,1,1,13,0,0,0,0,0,0.2,2.0,2.0,0.4,0,0,0,0,0,0.09,0.00,0.09,0.40
325,Emile Smith Rowe,Fulham,2,6,19,1,0,0,0,0,32.8,3.6,38.0,7.4,0,0,0,0,0,0.70,0.02,0.72,0.11
325,Emile Smith Rowe,Fulham,3,1,23,0,0,0,0,0,3.8,12.3,0.0,1.6,0,0,0,0,0,0.00,0.03,0.03,0.12
325,Emile Smith Rowe,Fulham,4,1,30,0,0,0,0,0,1.0,4.8,0.0,0.6,0,1,0,1,0,0.00,0.00,0.00,0.05
325,Emile Smith Rowe,Fulham,5,1,10,0,0,0,0,0,2.2,0.3,0.0,0.3,0,1,1,2,0,0.00,0.00,0.00,0.08
325,Emile Smith Rowe,Fulham,6,1,25,0,0,0,0,0,1.4,3.0,0.0,0.4,0,1,0,1,0,0.00,0.01,0.01,0.00
325,Emile Smith Rowe,Fulham,7,1,4,0,0,0,0,0,0.6,2.3,0.0,0.3,0,0,0,0,0,0.00,0.01,0.01,0.52
325,Emile Smith Rowe,Fulham,8,1,26,0,0,0,0,0,1.0,2.5,0.0,0.4,0,1,0,1,0,0.00,0.00,0.00,0.73
325,Emile Smith Rowe,Fulham,9,1,45,0,0,0,0,0,10.8,13.9,15.0,4.0,3,1,0,4,1,0.10,0.03,0.13,0.93
326,Adama Traoré Diarra,Fulham,1,1,24,0,0,0,0,0,0.0,0.8,0.0,0.0,0,0,0,0,0,0.00,0.00,0.00,0.43
326,Adama Traoré Diarra,Fulham,2,0,0,0,0,0,0,0,0.0,0.0,0.0,0.0,0,0,0,0,0,0.00,0.00,0.00,0.00
326,Adama Traoré Diarra,Fulham,3,1,6,0,0,0,0,0,4.2,14.7,6.0,2.5,0,1,0,1,0,0.00,0.07,0.07,0.04
326,Adama Traoré Diarra,Fulham,4,1,30,0,0,0,0,0,0.0,0.6,6.0,0.4,0,1,0,1,0,0.04,0.01,0.05,0.05
326,Adama Traoré Diarra,Fulham,5,0,0,0,0,0,0,0,0.0,0.0,0.0,0.0,0,0,0,0,0,0.00,0.00,0.00,0.00
326,Adama Traoré Diarra,Fulham,6,2,79,0,0,0,0,0,7.6,33.3,4.0,4.5,0,3,0,3,0,0.00,0.41,0.41,1.11
326,Adama Traoré Diarra,Fulham,7,1,4,0,0,0,0,0,2.2,0.9,2.0,0.5,0,1,0,1,0,0.00,0.01,0.01,0.52
326,Adama Traoré Diarra,Fulham,8,1,8,0,0,0,0,0,1.2,1.8,7.0,1.0,0,1,0,1,0,0.04,0.01,0.05,0.57
326,Adama Traoré Diarra,Fulham,9,2,75,0,0,0,0,0,1.4,4.2,6.0,1.2,1,3,1,5,1,0.06,0.02,0.08,1.32
327,Andreas Hoelgebaum Pereira,Fulham,1,0,0,0,0,0,0,0,0.0,0.0,0.0,0.0,0,0,0,0,0,0.00,0.00,0.00,0.00
327,Andreas Hoelgebaum Pereira,Fulham,2,0,0,0,0,0,0,0,0.0,0.0,0.0,0.0,0,0,0,0,0,0.00,0.00,0.00,0.00
327,Andreas Hoelgebaum Pereira,Fulham,3,0,0,0,0,0,0,0,0.0,0.0,0.0,0.0,0,0,0,0,0,0.00,0.00,0.00,0.00
327,Andreas Hoelgebaum Pereira,Fulham,4,0,0,0,0,0,0,0,0.0,0.0,0.0,0.0,0,0,0,0,0,0.00,0.00,0.00,0.00
327,Andreas Hoelgebaum Pereira,Fulham,5,0,0,0,0,0,0,0,0.0,0.0,0.0,0.0,0,0,0,0,0,0.00,0.00,0.00,0.00
327,Andreas Hoelgebaum Pereira,Fulham,6,0,0,0,0,0,0,0,0.0,0.0,0.0,0.0,0,0,0,0,0,0.00,0.00,0.00,0.00
327,Andreas Hoelgebaum Pereira,Fulham,7,0,0,0,0,0,0,0,0.0,0.0,0.0,0.0,0,0,0,0,0,0.00,0.00,0.00,0.00
327,Andreas Hoelgebaum Pereira,Fulham,8,0,0,0,0,0,0,0,0.0,0.0,0.0,0.0,0,0,0,0,0,0.00,0.00,0.00,0.00
327,Andreas Hoelgebaum Pereira,Fulham,9,0,0,0,0,0,0,0,0.0,0.0,0.0,0.0,0,0,0,0,0,0.00,0.00,0.00,0.00
328,Ryan Sessegnon,Fulham,1,0,0,0,0,0,0,0,0.0,0.0,0.0,0.0,0,0,0,0,0,0.00,0.00,0.00,0.00
328,Ryan Sessegnon,Fulham,2,2,61,0,0,0,0,0,11.0,15.4,6.0,3.2,2,1,2,5,1,0.00,0.16,0.16,1.52
328,Ryan Sessegnon,Fulham,3,2,66,0,0,0,0,0,10.6,1.2,2.0,1.4,5,1,4,10,1,0.00,0.00,0.00,2.23
328,Ryan Sessegnon,Fulham,4,3,90,0,0,1,0,0,15.4,22.8,4.0,4.2,5,3,2,10,1,0.00,0.22,0.22,0.79
328,Ryan Sessegnon,Fulham,5,5,90,0,1,0,0,0,22.6,5.8,27.0,5.5,4,1,4,9,1,0.05,0.01,0.06,0.60
328,Ryan Sessegnon,Fulham,6,2,79,0,0,0,0,0,20.4,1.0,6.0,2.7,6,1,4,11,1,0.00,0.00,0.00,1.11
328,Ryan Sessegnon,Fulham,7,9,90,1,0,0,0,0,45.8,16.9,27.0,9.0,4,5,1,10,1,0.40,0.25,0.65,1.12
328,Ryan Sessegnon,Fulham,8,2,90,0,0,0,0,0,1.4,0.7,3.0,0.5,2,4,1,7,1,0.00,0.00,0.00,1.87
328,Ryan Sessegnon,Fulham,9,4,90,0,0,0,0,0,16.0,13.3,0.0,2.9,6,7,1,14,1,0.00,0.05,0.05,2.14
329,Harry Wilson,Fulham,1,5,90,0,1,0,0,0,3.0,5.4,13.0,2.1,1,4,1,6,1,0.07,0.02,0.09,1.48
329,Harry Wilson,Fulham,2,1,28,0,0,0,0,0,3.2,1.9,6.0,1.1,0,0,1,1,0,0.00,0.09,0.09,0.11
329,Harry Wilson,Fulham,3,1,30,0,0,0,0,0,2.4,0.8,7.0,1.0,0,0,1,1,0,0.03,0.01,0.04,0.16
329,Harry Wilson,Fulham,4,1,59,0,0,0,0,0,7.0,2.8,11.0,2.1,0,0,2,2,1,0.12,0.02,0.14,0.74
329,Harry Wilson,Fulham,5,9,85,1,0,0,0,0,47.6,40.5,28.0,11.6,1,3,3,7,1,0.26,0.09,0.35,0.55
329,Harry Wilson,Fulham,6,1,79,0,0,0,1,0,1.6,3.2,8.0,1.3,1,4,1,6,1,0.21,0.01,0.22,1.11
329,Harry Wilson,Fulham,7,3,66,0,0,1,0,0,10.4,16.7,19.0,4.6,1,7,1,9,1,0.02,0.06,0.08,0.45
329,Harry Wilson,Fulham,8,2,81,0,0,0,0,0,8.6,21.4,13.0,4.3,5,2,1,8,1,0.23,0.04,0.27,1.30
329,Harry Wilson,Fulham,9,0,0,0,0,0,0,0,0.0,0.0,0.0,0.0,0,0,0,0,0,0.00,0.00,0.00,0.00
330,Sander Berge,Fulham,1,2,65,0,0,0,0,0,1.2,0.7,0.0,0.2,1,0,1,2,1,0.00,0.01,0.01,1.05
330,Sander Berge,Fulham,2,2,90,0,0,0,0,0,7.4,4.8,2.0,1.4,2,1,0,3,1,0.00,0.04,0.04,1.63
330,Sander Berge,Fulham,3,2,90,0,0,0,0,0,14.6,1.3,9.0,2.5,2,7,2,11,1,0.41,0.01,0.42,2.35
330,Sander Berge,Fulham,4,4,83,0,0,1,1,0,19.4,18.6,0.0,3.8,5,6,3,14,1,0.00,0.15,0.15,0.79
330,Sander Berge,Fulham,5,2,90,0,0,0,0,0,12.6,12.5,2.0,2.7,4,5,1,10,1,0.00,0.01,0.01,0.60
330,Sander Berge,Fulham,6,2,90,0,0,0,0,0,7.4,2.5,0.0,1.0,2,3,1,6,1,0.00,0.01,0.01,1.11
330,Sander Berge,Fulham,7,2,90,0,0,0,0,0,8.8,4.1,0.0,1.3,0,8,2,10,1,0.00,0.04,0.04,1.12
330,Sander Berge,Fulham,8,2,90,0,0,0,0,0,8.8,11.2,0.0,2.0,1,3,1,5,1,0.00,0.02,0.02,1.87
330,Sander Berge,Fulham,9,2,90,0,0,0,0,0,14.0,12.7,9.0,3.6,4,3,0,7,1,0.04,0.02,0.06,2.14
331,Tom Cairney,Fulham,1,0,24,0,0,0,1,0,0.0,0.4,0.0,0.0,0,2,0,2,0,0.00,0.00,0.00,0.43
331,Tom Cairney,Fulham,2,0,0,0,0,0,0,0,0.0,0.0,0.0,0.0,0,0,0,0,0,0.00,0.00,0.00,0.00
331,Tom Cairney,Fulham,3,0,0,0,0,0,0,0,0.0,0.0,0.0,0.0,0,0,0,0,0,0.00,0.00,0.00,0.00
331,Tom Cairney,Fulham,4,1,6,0,0,0,0,0,0.0,0.6,0.0,0.1,0,0,0,0,0,0.00,0.00,0.00,0.00
331,Tom Cairney,Fulham,5,1,4,0,0,0,0,0,0.4,0.3,0.0,0.1,0,1,0,1,0,0.00,0.00,0.00,0.05
331,Tom Cairney,Fulham,6,0,0,0,0,0,0,0,0.0,0.0,0.0,0.0,0,0,0,0,0,0.00,0.00,0.00,0.00
331,Tom Cairney,Fulham,7,2,76,0,0,0,0,0,1.2,20.4,13.0,3.5,0,2,0,2,0,0.25,0.07,0.32,1.07
331,Tom Cairney,Fulham,8,2,63,0,0,0,0,0,1.6,0.3,4.0,0.6,1,3,1,5,1,0.09,0.00,0.09,1.14
331,Tom Cairney,Fulham,9,1,5,0,0,0,0,0,0.2,0.3,0.0,0.1,0,1,0,1,0,0.00,0.00,0.00,0.51
332,Saša Lukić,Fulham,1,2,90,0,0,0,0,0,1.8,13.3,2.0,1.7,2,0,1,3,1,0.00,0.01,0.01,1.48
332,Saša Lukić,Fulham,2,3,90,0,0,0,1,0,11.8,65.9,2.0,8.0,3,8,1,12,1,0.00,0.44,0.44,1.63
332,Saša Lukić,Fulham,3,1,90,0,0,0,1,0,23.6,47.8,2.0,7.3,2,3,5,10,1,0.00,0.11,0.11,2.35
332,Saša Lukić,Fulham,4,6,90,0,1,1,0,0,11.4,4.0,7.0,2.2,3,2,4,9,1,0.50,0.01,0.51,0.79
332,Saša Lukić,Fulham,5,1,85,0,0,0,1,0,1.4,29.3,9.0,4.0,2,2,1,5,1,0.09,0.25,0.34,0.55
332,Saša Lukić,Fulham,6,4,90,0,1,0,1,0,22.4,31.5,14.0,6.8,2,5,1,8,1,0.23,0.12,0.35,1.11
332,Saša Lukić,Fulham,7,1,13,0,0,0,0,0,6.0,0.0,0.0,0.6,3,0,1,4,1,0.00,0.00,0.00,0.05
332,Saša Lukić,Fulham,8,0,0,0,0,0,0,0,0.0,0.0,0.0,0.0,0,0,0,0,0,0.00,0.00,0.00,0.00
332,Saša Lukić,Fulham,9,9,84,1,0,0,0,0,41.8,27.5,35.0,10.4,2,3,3,8,1,0.53,0.07,0.60,1.63
333,Martial Godo,Fulham,1,0,0,0,0,0,0,0,0.0,0.0,0.0,0.0,0,0,0,0,0,0.00,0.00,0.00,0.00
333,Martial Godo,Fulham,2,0,0,0,0,0,0,0,0.0,0.0,0.0,0.0,0,0,0,0,0,0.00,0.00,0.00,0.00
333,Martial Godo,Fulham,3,0,0,0,0,0,0,0,0.0,0.0,0.0,0.0,0,0,0,0,0,0.00,0.00,0.00,0.00
333,Martial Godo,Fulham,4,0,0,0,0,0,0,0,0.0,0.0,0.0,0.0,0,0,0,0,0,0.00,0.00,0.00,0.00
333,Martial Godo,Fulham,5,0,0,0,0,0,0,0,0.0,0.0,0.0,0.0,0,0,0,0,0,0.00,0.00,0.00,0.00
333,Martial Godo,Fulham,6,0,0,0,0,0,0,0,0.0,0.0,0.0,0.0,0,0,0,0,0,0.00,0.00,0.00,0.00
333,Martial Godo,Fulham,7,0,0,0,0,0,0,0,0.0,0.0,0.0,0.0,0,0,0,0,0,0.00,0.00,0.00,0.00
333,Martial Godo,Fulham,8,0,0,0,0,0,0,0,0.0,0.0,0.0,0.0,0,0,0,0,0,0.00,0.00,0.00,0.00
333,Martial Godo,Fulham,9,0,0,0,0,0,0,0,0.0,0.0,0.0,0.0,0,0,0,0,0,0.00,0.00,0.00,0.00
334,Luke Harris,Fulham,1,0,0,0,0,0,0,0,0.0,0.0,0.0,0.0,0,0,0,0,0,0.00,0.00,0.00,0.00
334,Luke Harris,Fulham,2,0,0,0,0,0,0,0,0.0,0.0,0.0,0.0,0,0,0,0,0,0.00,0.00,0.00,0.00
334,Luke Harris,Fulham,3,0,0,0,0,0,0,0,0.0,0.0,0.0,0.0,0,0,0,0,0,0.00,0.00,0.00,0.00
334,Luke Harris,Fulham,4,0,0,0,0,0,0,0,0.0,0.0,0.0,0.0,0,0,0,0,0,0.00,0.00,0.00,0.00
334,Luke Harris,Fulham,5,0,0,0,0,0,0,0,0.0,0.0,0.0,0.0,0,0,0,0,0,0.00,0.00,0.00,0.00
334,Luke Harris,Fulham,6,0,0,0,0,0,0,0,0.0,0.0,0.0,0.0,0,0,0,0,0,0.00,0.00,0.00,0.00
334,Luke Harris,Fulham,7,0,0,0,0,0,0,0,0.0,0.0,0.0,0.0,0,0,0,0,0,0.00,0.00,0.00,0.00
334,Luke Harris,Fulham,8,0,0,0,0,0,0,0,0.0,0.0,0.0,0.0,0,0,0,0,0,0.00,0.00,0.00,0.00
334,Luke Harris,Fulham,9,0,0,0,0,0,0,0,0.0,0.0,0.0,0.0,0,0,0,0,0,0.00,0.00,0.00,0.00
335,Josh King,Fulham,1,2,76,0,0,0,0,0,12.4,14.0,27.0,5.3,0,6,3,9,1,0.18,0.13,0.31,1.07
335,Josh King,Fulham,2,2,70,0,0,0,0,0,5.0,1.3,23.0,2.9,0,1,1,2,1,0.17,0.01,0.18,1.52
335,Josh King,Fulham,3,2,66,0,0,0,0,0,10.8,12.6,11.0,3.4,2,3,0,5,1,0.04,0.08,0.12,2.23
335,Josh King,Fulham,4,1,59,0,0,0,0,0,0.2,1.0,0.0,0.1,0,2,1,3,1,0.00,0.01,0.01,0.74
335,Josh King,Fulham,5,1,66,0,0,0,1,0,0.0,3.3,8.0,0.6,0,5,1,6,1,0.09,0.02,0.11,0.43
335,Josh King,Fulham,6,1,64,0,0,0,1,0,16.8,11.1,47.0,7.5,2,2,1,5,1,0.25,0.01,0.26,1.11
335,Josh King,Fulham,7,3,66,0,0,1,0,0,1.4,1.7,7.0,1.0,2,0,0,2,1,0.01,0.02,0.03,0.45
335,Josh King,Fulham,8,2,62,0,0,0,0,0,6.0,0.5,2.0,0.9,1,2,2,5,1,0.03,0.01,0.04,1.14
335,Josh King,Fulham,9,1,14,0,0,0,0,0,4.4,0.0,0.0,0.4,0,1,2,3,0,0.00,0.00,0.00,0.82
336,Harrison Reed,Fulham,1,0,0,0,0,0,0,0,0.0,0.0,0.0,0.0,0,0,0,0,0,0.00,0.00,0.00,0.00
336,Harrison Reed,Fulham,2,0,0,0,0,0,0,0,0.0,0.0,0.0,0.0,0,0,0,0,0,0.00,0.00,0.00,0.00
336,Harrison Reed,Fulham,3,0,0,0,0,0,0,0,0.0,0.0,0.0,0.0,0,0,0,0,0,0.00,0.00,0.00,0.00
336,Harrison Reed,Fulham,4,0,0,0,0,0,0,0,0.0,0.0,0.0,0.0,0,0,0,0,0,0.00,0.00,0.00,0.00
336,Harrison Reed,Fulham,5,0,0,0,0,0,0,0,0.0,0.0,0.0,0.0,0,0,0,0,0,0.00,0.00,0.00,0.00
336,Harrison Reed,Fulham,6,0,0,0,0,0,0,0,0.0,0.0,0.0,0.0,0,0,0,0,0,0.00,0.00,0.00,0.00
336,Harrison Reed,Fulham,7,0,0,0,0,0,0,0,0.0,0.0,0.0,0.0,0,0,0,0,0,0.00,0.00,0.00,0.00
336,Harrison Reed,Fulham,8,0,0,0,0,0,0,0,0.0,0.0,0.0,0.0,0,0,0,0,0,0.00,0.00,0.00,0.00
336,Harrison Reed,Fulham,9,0,0,0,0,0,0,0,0.0,0.0,0.0,0.0,0,0,0,0,0,0.00,0.00,0.00,0.00
337,Raúl Jiménez Rodríguez,Fulham,1,2,65,0,0,0,0,0,0.0,3.3,11.0,0.7,0,0,0,0,1,0.29,0.00,0.29,1.05
337,Raúl Jiménez Rodríguez,Fulham,2,1,19,0,0,0,0,0,1.0,2.3,2.0,0.5,1,1,0,2,0,0.00,0.00,0.00,0.11
337,Raúl Jiménez Rodríguez,Fulham,3,1,31,0,0,0,0,0,0.0,1.0,7.0,0.8,1,0,1,2,0,0.11,0.00,0.11,0.16
337,Raúl Jiménez Rodríguez,Fulham,4,1,6,0,0,0,0,0,3.0,0.0,0.0,0.3,0,0,2,2,0,0.00,0.00,0.00,0.00
337,Raúl Jiménez Rodríguez,Fulham,5,1,10,0,0,0,0,0,1.2,1.3,0.0,0.3,1,0,0,1,0,0.00,0.00,0.00,0.08
337,Raúl Jiménez Rodríguez,Fulham,6,6,10,1,0,0,0,0,32.0,0.0,33.0,6.5,0,0,0,0,1,0.06,0.00,0.06,0.00
337,Raúl Jiménez Rodríguez,Fulham,7,0,0,0,0,0,0,0,0.0,0.0,0.0,0.0,0,0,0,0,0,0.00,0.00,0.00,0.00
337,Raúl Jiménez Rodríguez,Fulham,8,2,90,0,0,0,0,0,2.6,1.1,7.0,1.1,0,3,3,6,1,0.05,0.02,0.07,1.87
337,Raúl Jiménez Rodríguez,Fulham,9,5,90,0,1,0,0,0,10.2,4.1,72.0,8.6,0,3,2,5,1,0.71,0.03,0.74,2.14
338,Rodrigo Muniz Carvalho,Fulham,1,7,24,1,0,0,1,0,31.0,0.0,33.0,6.4,0,0,0,0,0,0.15,0.00,0.15,0.43
338,Rodrigo Muniz Carvalho,Fulham,2,0,70,0,0,0,0,0,0.0,10.3,24.0,3.1,2,3,1,6,1,0.37,0.00,0.37,1.52
338,Rodrigo Muniz Carvalho,Fulham,3,1,58,0,0,0,0,0,0.0,10.3,4.0,1.4,1,0,0,1,1,0.04,0.00,0.04,2.19
338,Rodrigo Muniz Carvalho,Fulham,4,2,83,0,0,1,0,0,4.4,0.3,21.0,2.6,1,2,1,4,1,0.18,0.01,0.19,0.79
338,Rodrigo Muniz Carvalho,Fulham,5,5,79,0,1,0,0,0,23.4,20.8,21.0,6.5,4,1,1,6,1,0.12,0.00,0.12,0.52
338,Rodrigo Muniz Carvalho,Fulham,6,0,0,0,0,0,0,0,0.0,0.0,0.0,0.0,0,0,0,0,0,0.00,0.00,0.00,0.00
338,Rodrigo Muniz Carvalho,Fulham,7,0,0,0,0,0,0,0,0.0,0.0,0.0,0.0,0,0,0,0,0,0.00,0.00,0.00,0.00
338,Rodrigo Muniz Carvalho,Fulham,8,0,0,0,0,0,0,0,0.0,0.0,0.0,0.0,0,0,0,0,0,0.00,0.00,0.00,0.00
338,Rodrigo Muniz Carvalho,Fulham,9,0,0,0,0,0,0,0,0.0,0.0,0.0,0.0,0,0,0,0,0,0.00,0.00,0.00,0.00
664,Benjamin Lecomte,Fulham,1,0,0,0,0,0,0,0,0.0,0.0,0.0,0.0,0,0,0,0,0,0.00,0.00,0.00,0.00
664,Benjamin Lecomte,Fulham,2,0,0,0,0,0,0,0,0.0,0.0,0.0,0.0,0,0,0,0,0,0.00,0.00,0.00,0.00
664,Benjamin Lecomte,Fulham,3,0,0,0,0,0,0,0,0.0,0.0,0.0,0.0,0,0,0,0,0,0.00,0.00,0.00,0.00
664,Benjamin Lecomte,Fulham,4,0,0,0,0,0,0,0,0.0,0.0,0.0,0.0,0,0,0,0,0,0.00,0.00,0.00,0.00
664,Benjamin Lecomte,Fulham,5,0,0,0,0,0,0,0,0.0,0.0,0.0,0.0,0,0,0,0,0,0.00,0.00,0.00,0.00
664,Benjamin Lecomte,Fulham,6,0,0,0,0,0,0,0,0.0,0.0,0.0,0.0,0,0,0,0,0,0.00,0.00,0.00,0.00
664,Benjamin Lecomte,Fulham,7,0,0,0,0,0,0,0,0.0,0.0,0.0,0.0,0,0,0,0,0,0.00,0.00,0.00,0.00
664,Benjamin Lecomte,Fulham,8,0,0,0,0,0,0,0,0.0,0.0,0.0,0.0,0,0,0,0,0,0.00,0.00,0.00,0.00
664,Benjamin Lecomte,Fulham,9,0,0,0,0,0,0,0,0.0,0.0,0.0,0.0,0,0,0,0,0,0.00,0.00,0.00,0.00
727,Samuel Chukwueze,Fulham,4,0,0,0,0,0,0,0,0.0,0.0,0.0,0.0,0,0,0,0,0,0.00,0.00,0.00,0.00
727,Samuel Chukwueze,Fulham,5,0,0,0,0,0,0,0,0.0,0.0,0.0,0.0,0,0,0,0,0,0.00,0.00,0.00,0.00
727,Samuel Chukwueze,Fulham,6,1,10,0,0,0,0,0,0.4,0.5,12.0,1.3,0,0,1,1,0,0.18,0.00,0.18,0.00
727,Samuel Chukwueze,Fulham,7,4,23,0,1,0,0,0,20.6,24.9,2.0,4.8,0,2,0,2,0,0.00,0.39,0.39,0.67
727,Samuel Chukwueze,Fulham,8,0,0,0,0,0,0,0,0.0,0.0,0.0,0.0,0,0,0,0,0,0.00,0.00,0.00,0.00
727,Samuel Chukwueze,Fulham,9,0,0,0,0,0,0,0,0.0,0.0,0.0,0.0,0,0,0,0,0,0.00,0.00,0.00,0.00
731,Kevin Santos Lopes de Macedo,Fulham,4,1,14,0,0,0,0,0,11.4,18.6,7.0,3.7,0,0,0,0,0,0.01,0.07,0.08,0.03
731,Kevin Santos Lopes de Macedo,Fulham,5,0,23,0,0,0,1,0,2.2,1.2,0.0,0.3,1,2,0,3,0,0.00,0.00,0.00,0.17
731,Kevin Santos Lopes de Macedo,Fulham,6,1,25,0,0,0,0,0,3.8,2.8,2.0,0.9,0,2,1,3,0,0.00,0.01,0.01,0.00
731,Kevin Santos Lopes de Macedo,Fulham,7,1,23,0,0,0,0,0,7.2,5.6,7.0,2.0,1,1,0,2,0,0.04,0.01,0.05,0.67
731,Kevin Santos Lopes de Macedo,Fulham,8,1,27,0,0,0,0,0,11.4,14.7,0.0,2.6,1,1,3,5,0,0.00,0.02,0.02,0.73
731,Kevin Santos Lopes de Macedo,Fulham,9,1,45,0,0,0,0,0,10.2,20.6,8.0,3.9,1,5,2,8,0,0.00,0.07,0.07,1.20
737,Jonah Kusi-Asare,Fulham,4,0,0,0,0,0,0,0,0.0,0.0,0.0,0.0,0,0,0,0,0,0.00,0.00,0.00,0.00
737,Jonah Kusi-Asare,Fulham,5,0,0,0,0,0,0,0,0.0,0.0,0.0,0.0,0,0,0,0,0,0.00,0.00,0.00,0.00
737,Jonah Kusi-Asare,Fulham,6,0,0,0,0,0,0,0,0.0,0.0,0.0,0.0,0,0,0,0,0,0.00,0.00,0.00,0.00
737,Jonah Kusi-Asare,Fulham,7,0,0,0,0,0,0,0,0.0,0.0,0.0,0.0,0,0,0,0,0,0.00,0.00,0.00,0.00
737,Jonah Kusi-Asare,Fulham,8,0,0,0,0,0,0,0,0.0,0.0,0.0,0.0,0,0,0,0,0,0.00,0.00,0.00,0.00
737,Jonah Kusi-Asare,Fulham,9,1,1,0,0,0,0,0,0.0,0.0,0.0,0.0,0,0,0,0,0,0.00,0.00,0.00,0.02
339,Illan Meslier,Leeds,1,0,0,0,0,0,0,0,0.0,0.0,0.0,0.0,0,0,0,0,0,0.00,0.00,0.00,0.00
339,Illan Meslier,Leeds,2,0,0,0,0,0,0,0,0.0,0.0,0.0,0.0,0,0,0,0,0,0.00,0.00,0.00,0.00
339,Illan Meslier,Leeds,3,0,0,0,0,0,0,0,0.0,0.0,0.0,0.0,0,0,0,0,0,0.00,0.00,0.00,0.00
339,Illan Meslier,Leeds,4,0,0,0,0,0,0,0,0.0,0.0,0.0,0.0,0,0,0,0,0,0.00,0.00,0.00,0.00
339,Illan Meslier,Leeds,5,0,0,0,0,0,0,0,0.0,0.0,0.0,0.0,0,0,0,0,0,0.00,0.00,0.00,0.00
339,Illan Meslier,Leeds,6,0,0,0,0,0,0,0,0.0,0.0,0.0,0.0,0,0,0,0,0,0.00,0.00,0.00,0.00
339,Illan Meslier,Leeds,7,0,0,0,0,0,0,0,0.0,0.0,0.0,0.0,0,0,0,0,0,0.00,0.00,0.00,0.00
339,Illan Meslier,Leeds,8,0,0,0,0,0,0,0,0.0,0.0,0.0,0.0,0,0,0,0,0,0.00,0.00,0.00,0.00
339,Illan Meslier,Leeds,9,0,0,0,0,0,0,0,0.0,0.0,0.0,0.0,0,0,0,0,0,0.00,0.00,0.00,0.00
340,Alex Cairns,Leeds,1,0,0,0,0,0,0,0,0.0,0.0,0.0,0.0,0,0,0,0,0,0.00,0.00,0.00,0.00
340,Alex Cairns,Leeds,2,0,0,0,0,0,0,0,0.0,0.0,0.0,0.0,0,0,0,0,0,0.00,0.00,0.00,0.00
340,Alex Cairns,Leeds,3,0,0,0,0,0,0,0,0.0,0.0,0.0,0.0,0,0,0,0,0,0.00,0.00,0.00,0.00
340,Alex Cairns,Leeds,4,0,0,0,0,0,0,0,0.0,0.0,0.0,0.0,0,0,0,0,0,0.00,0.00,0.00,0.00
340,Alex Cairns,Leeds,5,0,0,0,0,0,0,0,0.0,0.0,0.0,0.0,0,0,0,0,0,0.00,0.00,0.00,0.00
340,Alex Cairns,Leeds,6,0,0,0,0,0,0,0,0.0,0.0,0.0,0.0,0,0,0,0,0,0.00,0.00,0.00,0.00
340,Alex Cairns,Leeds,7,0,0,0,0,0,0,0,0.0,0.0,0.0,0.0,0,0,0,0,0,0.00,0.00,0.00,0.00
340,Alex Cairns,Leeds,8,0,0,0,0,0,0,0,0.0,0.0,0.0,0.0,0,0,0,0,0,0.00,0.00,0.00,0.00
340,Alex Cairns,Leeds,9,0,0,0,0,0,0,0,0.0,0.0,0.0,0.0,0,0,0,0,0,0.00,0.00,0.00,0.00
341,Karl Darlow,Leeds,1,0,0,0,0,0,0,0,0.0,0.0,0.0,0.0,0,0,0,0,0,0.00,0.00,0.00,0.00
341,Karl Darlow,Leeds,2,0,0,0,0,0,0,0,0.0,0.0,0.0,0.0,0,0,0,0,0,0.00,0.00,0.00,0.00
341,Karl Darlow,Leeds,3,0,0,0,0,0,0,0,0.0,0.0,0.0,0.0,0,0,0,0,0,0.00,0.00,0.00,0.00
341,Karl Darlow,Leeds,4,3,90,0,0,0,0,0,19.6,0.0,0.0,2.0,1,12,0,0,1,0.00,0.00,0.00,0.85
341,Karl Darlow,Leeds,5,3,90,0,0,0,0,0,39.0,0.0,0.0,3.9,2,15,0,0,1,0.00,0.00,0.00,1.78
341,Karl Darlow,Leeds,6,2,90,0,0,0,0,0,29.4,0.0,0.0,2.9,1,12,0,0,1,0.00,0.00,0.00,0.82
341,Karl Darlow,Leeds,7,1,90,0,0,0,0,0,10.6,0.0,0.0,1.1,2,9,0,0,1,0.00,0.01,0.01,0.53
341,Karl Darlow,Leeds,8,1,90,0,0,0,0,0,6.4,0.0,0.0,0.6,0,5,0,0,1,0.00,0.00,0.00,0.45
341,Karl Darlow,Leeds,9,0,0,0,0,0,0,0,0.0,0.0,0.0,0.0,0,0,0,0,0,0.00,0.00,0.00,0.00
342,Jayden Bogle,Leeds,1,6,90,0,0,1,0,0,13.4,1.2,2.0,1.7,3,3,2,5,1,0.01,0.01,0.02,0.55
342,Jayden Bogle,Leeds,2,-1,82,0,0,0,1,0,3.8,0.2,4.0,0.8,3,5,1,4,1,0.00,0.00,0.00,2.09
342,Jayden Bogle,Leeds,3,6,90,0,0,1,0,0,10.6,12.4,9.0,3.2,5,9,2,7,1,0.08,0.02,0.10,0.46
342,Jayden Bogle,Leeds,4,2,90,0,0,0,0,0,15.6,1.8,14.0,3.1,4,7,3,7,1,0.05,0.01,0.06,0.85
342,Jayden Bogle,Leeds,5,4,82,0,1,0,1,0,10.0,1.3,0.0,1.1,5,5,3,8,1,0.00,0.00,0.00,1.51
342,Jayden Bogle,Leeds,6,3,90,0,0,0,0,0,22.8,14.9,8.0,4.6,5,3,5,10,1,0.00,0.03,0.03,0.82
342,Jayden Bogle,Leeds,7,3,88,0,0,0,0,0,19.0,6.2,1.0,2.6,7,4,5,12,1,0.02,0.06,0.08,0.53
342,Jayden Bogle,Leeds,8,1,90,0,0,0,0,0,3.8,7.9,18.0,3.0,2,4,0,2,1,0.47,0.12,0.59,0.45
342,Jayden Bogle,Leeds,9,2,90,0,0,0,0,0,23.2,14.5,17.0,5.5,4,3,5,9,1,0.03,0.17,0.20,0.65
343,Pascal Struijk,Leeds,1,8,90,0,0,1,0,0,23.2,11.4,9.0,4.4,8,5,0,8,1,0.13,0.01,0.14,0.55
343,Pascal Struijk,Leeds,2,0,90,0,0,0,0,0,16.6,0.3,17.0,3.4,4,3,2,6,1,0.10,0.00,0.10,2.88
343,Pascal Struijk,Leeds,3,6,90,0,0,1,0,0,10.0,1.2,0.0,1.1,4,3,0,4,1,0.00,0.01,0.01,0.46
343,Pascal Struijk,Leeds,4,2,90,0,0,0,0,0,16.0,0.6,0.0,1.7,7,1,1,8,1,0.00,0.01,0.01,0.85
343,Pascal Struijk,Leeds,5,4,90,0,0,0,0,0,32.8,0.8,0.0,3.4,13,2,1,14,1,0.00,0.00,0.00,1.78
343,Pascal Struijk,Leeds,6,3,90,0,0,0,0,0,23.4,10.6,6.0,4.0,12,4,0,12,1,0.11,0.02,0.13,0.82
343,Pascal Struijk,Leeds,7,1,90,0,0,0,0,0,6.8,1.4,15.0,2.3,5,0,0,5,1,0.30,0.01,0.31,0.53
343,Pascal Struijk,Leeds,8,0,90,0,0,0,1,0,20.0,4.2,12.0,3.6,4,1,2,6,1,0.17,0.02,0.19,0.45
343,Pascal Struijk,Leeds,9,0,0,0,0,0,0,0,0.0,0.0,0.0,0.0,0,0,0,0,0,0.00,0.00,0.00,0.00
344,Jaka Bijol,Leeds,1,0,0,0,0,0,0,0,0.0,0.0,0.0,0.0,0,0,0,0,0,0.00,0.00,0.00,0.00
344,Jaka Bijol,Leeds,2,0,0,0,0,0,0,0,0.0,0.0,0.0,0.0,0,0,0,0,0,0.00,0.00,0.00,0.00
344,Jaka Bijol,Leeds,3,0,0,0,0,0,0,0,0.0,0.0,0.0,0.0,0,0,0,0,0,0.00,0.00,0.00,0.00
344,Jaka Bijol,Leeds,4,0,0,0,0,0,0,0,0.0,0.0,0.0,0.0,0,0,0,0,0,0.00,0.00,0.00,0.00
344,Jaka Bijol,Leeds,5,0,0,0,0,0,0,0,0.0,0.0,0.0,0.0,0,0,0,0,0,0.00,0.00,0.00,0.00
344,Jaka Bijol,Leeds,6,0,0,0,0,0,0,0,0.0,0.0,0.0,0.0,0,0,0,0,0,0.00,0.00,0.00,0.00
344,Jaka Bijol,Leeds,7,0,0,0,0,0,0,0,0.0,0.0,0.0,0.0,0,0,0,0,0,0.00,0.00,0.00,0.00
344,Jaka Bijol,Leeds,8,0,0,0,0,0,0,0,0.0,0.0,0.0,0.0,0,0,0,0,0,0.00,0.00,0.00,0.00
344,Jaka Bijol,Leeds,9,4,90,0,0,0,0,0,24.8,10.2,0.0,3.5,12,5,2,14,1,0.00,0.00,0.00,0.65
345,Sebastiaan Bornauw,Leeds,1,0,0,0,0,0,0,0,0.0,0.0,0.0,0.0,0,0,0,0,0,0.00,0.00,0.00,0.00
345,Sebastiaan Bornauw,Leeds,2,0,0,0,0,0,0,0,0.0,0.0,0.0,0.0,0,0,0,0,0,0.00,0.00,0.00,0.00
345,Sebastiaan Bornauw,Leeds,3,0,0,0,0,0,0,0,0.0,0.0,0.0,0.0,0,0,0,0,0,0.00,0.00,0.00,0.00
345,Sebastiaan Bornauw,Leeds,4,0,0,0,0,0,0,0,0.0,0.0,0.0,0.0,0,0,0,0,0,0.00,0.00,0.00,0.00
345,Sebastiaan Bornauw,Leeds,5,0,0,0,0,0,0,0,0.0,0.0,0.0,0.0,0,0,0,0,0,0.00,0.00,0.00,0.00
345,Sebastiaan Bornauw,Leeds,6,0,0,0,0,0,0,0,0.0,0.0,0.0,0.0,0,0,0,0,0,0.00,0.00,0.00,0.00
345,Sebastiaan Bornauw,Leeds,7,0,0,0,0,0,0,0,0.0,0.0,0.0,0.0,0,0,0,0,0,0.00,0.00,0.00,0.00
345,Sebastiaan Bornauw,Leeds,8,0,0,0,0,0,0,0,0.0,0.0,0.0,0.0,0,0,0,0,0,0.00,0.00,0.00,0.00
345,Sebastiaan Bornauw,Leeds,9,0,0,0,0,0,0,0,0.0,0.0,0.0,0.0,0,0,0,0,0,0.00,0.00,0.00,0.00
346,Sam Byram,Leeds,1,0,0,0,0,0,0,0,0.0,0.0,0.0,0.0,0,0,0,0,0,0.00,0.00,0.00,0.00
346,Sam Byram,Leeds,2,1,7,0,0,0,0,0,0.0,0.0,0.0,0.0,0,0,0,0,0,0.00,0.00,0.00,0.79
346,Sam Byram,Leeds,3,0,0,0,0,0,0,0,0.0,0.0,0.0,0.0,0,0,0,0,0,0.00,0.00,0.00,0.00
346,Sam Byram,Leeds,4,0,0,0,0,0,0,0,0.0,0.0,0.0,0.0,0,0,0,0,0,0.00,0.00,0.00,0.00
346,Sam Byram,Leeds,5,0,0,0,0,0,0,0,0.0,0.0,0.0,0.0,0,0,0,0,0,0.00,0.00,0.00,0.00
346,Sam Byram,Leeds,6,0,0,0,0,0,0,0,0.0,0.0,0.0,0.0,0,0,0,0,0,0.00,0.00,0.00,0.00
346,Sam Byram,Leeds,7,0,0,0,0,0,0,0,0.0,0.0,0.0,0.0,0,0,0,0,0,0.00,0.00,0.00,0.00
346,Sam Byram,Leeds,8,0,0,0,0,0,0,0,0.0,0.0,0.0,0.0,0,0,0,0,0,0.00,0.00,0.00,0.00
346,Sam Byram,Leeds,9,0,0,0,0,0,0,0,0.0,0.0,0.0,0.0,0,0,0,0,0,0.00,0.00,0.00,0.00
347,Gabriel Gudmundsson,Leeds,1,9,90,0,0,1,0,0,30.4,33.6,17.0,8.1,7,6,1,8,1,0.17,0.14,0.31,0.55
347,Gabriel Gudmundsson,Leeds,2,-1,90,0,0,0,1,0,9.4,0.5,0.0,1.0,5,1,3,8,1,0.00,0.00,0.00,2.88
347,Gabriel Gudmundsson,Leeds,3,9,79,0,0,1,0,0,20.4,25.5,2.0,4.8,3,2,2,5,1,0.00,0.03,0.03,0.43
347,Gabriel Gudmundsson,Leeds,4,0,90,0,0,0,0,0,3.4,8.2,2.0,1.4,2,4,2,4,1,0.00,0.06,0.06,0.85
347,Gabriel Gudmundsson,Leeds,5,4,90,0,0,0,0,0,20.0,6.3,6.0,3.2,10,5,0,10,1,0.00,0.12,0.12,1.78
347,Gabriel Gudmundsson,Leeds,6,1,90,0,0,0,0,0,13.2,0.9,8.0,2.2,2,2,4,6,1,0.00,0.01,0.01,0.82
347,Gabriel Gudmundsson,Leeds,7,1,78,0,0,0,0,0,12.2,5.2,0.0,1.7,5,7,3,8,1,0.00,0.01,0.01,0.50
347,Gabriel Gudmundsson,Leeds,8,1,90,0,0,0,0,0,32.0,68.7,6.0,10.7,2,4,2,4,1,0.00,0.56,0.56,0.45
347,Gabriel Gudmundsson,Leeds,9,1,43,0,0,0,0,0,9.0,14.2,2.0,2.5,4,0,0,4,1,0.00,0.11,0.11,0.10
348,Joe Rodon,Leeds,1,7,90,0,0,1,0,0,14.4,0.6,0.0,1.5,7,2,0,7,1,0.00,0.00,0.00,0.55
348,Joe Rodon,Leeds,2,2,90,0,0,0,0,0,29.0,0.1,0.0,2.9,13,2,1,14,1,0.00,0.00,0.00,2.88
348,Joe Rodon,Leeds,3,7,90,0,0,1,0,0,15.4,0.8,2.0,1.8,6,3,1,7,1,0.00,0.00,0.00,0.46
348,Joe Rodon,Leeds,4,4,90,0,0,0,0,0,19.0,0.7,2.0,2.2,10,1,0,10,1,0.00,0.00,0.00,0.85
348,Joe Rodon,Leeds,5,2,90,0,0,0,0,0,20.0,0.6,0.0,2.1,8,2,1,9,1,0.00,0.01,0.01,1.78
348,Joe Rodon,Leeds,6,7,90,1,0,0,0,0,55.0,0.3,47.0,10.2,7,3,2,9,1,0.33,0.00,0.33,0.82
348,Joe Rodon,Leeds,7,1,90,0,0,0,0,0,14.8,1.5,15.0,3.1,6,4,0,6,1,0.09,0.02,0.11,0.53
348,Joe Rodon,Leeds,8,1,90,0,0,0,0,0,24.0,13.7,21.0,5.9,4,4,1,5,1,0.01,0.04,0.05,0.45
348,Joe Rodon,Leeds,9,13,90,1,0,0,0,0,61.6,10.1,33.0,10.5,10,4,1,11,1,0.25,0.00,0.25,0.65
349,Isaac Schmidt,Leeds,1,0,0,0,0,0,0,0,0.0,0.0,0.0,0.0,0,0,0,0,0,0.00,0.00,0.00,0.00
349,Isaac Schmidt,Leeds,2,0,0,0,0,0,0,0,0.0,0.0,0.0,0.0,0,0,0,0,0,0.00,0.00,0.00,0.00
349,Isaac Schmidt,Leeds,3,0,0,0,0,0,0,0,0.0,0.0,0.0,0.0,0,0,0,0,0,0.00,0.00,0.00,0.00
349,Isaac Schmidt,Leeds,4,0,0,0,0,0,0,0,0.0,0.0,0.0,0.0,0,0,0,0,0,0.00,0.00,0.00,0.00
349,Isaac Schmidt,Leeds,5,0,0,0,0,0,0,0,0.0,0.0,0.0,0.0,0,0,0,0,0,0.00,0.00,0.00,0.00
349,Isaac Schmidt,Leeds,6,0,0,0,0,0,0,0,0.0,0.0,0.0,0.0,0,0,0,0,0,0.00,0.00,0.00,0.00
349,Isaac Schmidt,Leeds,7,0,0,0,0,0,0,0,0.0,0.0,0.0,0.0,0,0,0,0,0,0.00,0.00,0.00,0.00
349,Isaac Schmidt,Leeds,8,0,0,0,0,0,0,0,0.0,0.0,0.0,0.0,0,0,0,0,0,0.00,0.00,0.00,0.00
349,Isaac Schmidt,Leeds,9,0,0,0,0,0,0,0,0.0,0.0,0.0,0.0,0,0,0,0,0,0.00,0.00,0.00,0.00
350,Brenden Aaronson,Leeds,1,1,23,0,0,0,0,0,9.2,24.9,6.0,4.0,0,0,2,2,0,0.00,0.21,0.21,0.47
350,Brenden Aaronson,Leeds,2,1,24,0,0,0,0,0,2.2,0.4,0.0,0.3,0,2,1,3,0,0.00,0.04,0.04,0.87
350,Brenden Aaronson,Leeds,3,1,30,0,0,0,0,0,5.2,2.1,0.0,0.7,0,0,1,1,0,0.00,0.02,0.02,0.07
350,Brenden Aaronson,Leeds,4,5,76,0,0,1,0,0,18.6,12.0,23.0,5.4,2,5,5,12,1,0.13,0.32,0.45,0.30
350,Brenden Aaronson,Leeds,5,2,90,0,0,0,0,0,3.4,5.7,1.0,1.0,2,7,1,10,1,0.05,0.19,0.24,1.77
350,Brenden Aaronson,Leeds,6,4,86,0,1,0,1,0,7.8,12.3,35.0,5.5,2,2,2,6,1,0.47,0.02,0.49,0.58
350,Brenden Aaronson,Leeds,7,5,66,0,1,0,0,0,6.6,13.8,17.0,3.7,0,2,1,3,1,0.09,0.02,0.11,0.50
350,Brenden Aaronson,Leeds,8,2,65,0,0,0,0,0,16.6,31.3,27.0,7.5,3,3,1,7,1,0.31,0.19,0.50,0.43
350,Brenden Aaronson,Leeds,9,11,86,1,0,1,0,0,53.0,32.5,40.0,12.6,2,4,3,9,1,0.57,0.26,0.83,0.58
351,Wilfried Gnonto,Leeds,1,3,66,0,0,1,0,0,6.6,6.3,11.0,2.4,2,1,4,7,1,0.14,0.01,0.15,0.08
351,Wilfried Gnonto,Leeds,2,2,65,0,0,0,0,0,7.2,1.5,2.0,1.1,0,2,4,6,1,0.00,0.00,0.00,2.01
351,Wilfried Gnonto,Leeds,3,0,59,0,0,0,1,0,0.0,13.6,3.0,1.6,0,3,0,3,1,0.04,0.05,0.09,0.39
351,Wilfried Gnonto,Leeds,4,1,1,0,0,0,0,0,2.0,0.0,0.0,0.2,0,0,1,1,0,0.00,0.00,0.00,0.01
351,Wilfried Gnonto,Leeds,5,0,0,0,0,0,0,0,0.0,0.0,0.0,0.0,0,0,0,0,0,0.00,0.00,0.00,0.00
351,Wilfried Gnonto,Leeds,6,0,0,0,0,0,0,0,0.0,0.0,0.0,0.0,0,0,0,0,0,0.00,0.00,0.00,0.00
351,Wilfried Gnonto,Leeds,7,0,0,0,0,0,0,0,0.0,0.0,0.0,0.0,0,0,0,0,0,0.00,0.00,0.00,0.00
351,Wilfried Gnonto,Leeds,8,0,0,0,0,0,0,0,0.0,0.0,0.0,0.0,0,0,0,0,0,0.00,0.00,0.00,0.00
351,Wilfried Gnonto,Leeds,9,0,0,0,0,0,0,0,0.0,0.0,0.0,0.0,0,0,0,0,0,0.00,0.00,0.00,0.00
352,Jack Harrison,Leeds,1,1,12,0,0,0,0,0,2.2,1.3,2.0,0.6,0,0,1,1,0,0.00,0.00,0.00,0.28
352,Jack Harrison,Leeds,2,0,0,0,0,0,0,0,0.0,0.0,0.0,0.0,0,0,0,0,0,0.00,0.00,0.00,0.00
352,Jack Harrison,Leeds,3,1,30,0,0,0,0,0,7.6,4.4,2.0,1.4,3,2,1,6,0,0.00,0.03,0.03,0.07
352,Jack Harrison,Leeds,4,1,22,0,0,0,0,0,0.2,0.4,0.0,0.1,0,0,0,0,0,0.00,0.00,0.00,0.73
352,Jack Harrison,Leeds,5,1,20,0,0,0,0,0,0.6,1.5,0.0,0.2,0,3,0,3,0,0.00,0.00,0.00,0.50
352,Jack Harrison,Leeds,6,1,23,0,0,0,0,0,4.0,0.4,11.0,1.5,0,1,1,2,0,0.07,0.00,0.07,0.41
352,Jack Harrison,Leeds,7,1,23,0,0,0,0,0,2.2,6.8,2.0,1.1,0,2,0,2,0,0.00,0.08,0.08,0.03
352,Jack Harrison,Leeds,8,2,65,0,0,0,0,0,3.2,17.3,7.0,2.8,2,4,1,7,1,0.13,0.09,0.22,0.43
352,Jack Harrison,Leeds,9,1,45,0,0,0,0,0,7.8,2.9,9.0,2.0,1,1,1,3,0,0.08,0.01,0.09,0.31
353,Daniel James,Leeds,1,3,77,0,0,1,0,0,6.2,15.7,11.0,3.3,1,1,0,2,1,0.14,0.05,0.19,0.28
353,Daniel James,Leeds,2,2,65,0,0,0,0,0,1.6,0.3,9.0,1.1,0,4,0,4,1,0.07,0.00,0.07,2.01
353,Daniel James,Leeds,3,1,59,0,0,0,0,0,4.0,15.1,9.0,2.8,0,2,1,3,1,0.22,0.12,0.34,0.39
353,Daniel James,Leeds,4,1,11,0,0,0,0,0,0.0,0.0,0.0,0.0,0,0,0,0,0,0.00,0.00,0.00,0.54
353,Daniel James,Leeds,5,0,0,0,0,0,0,0,0.0,0.0,0.0,0.0,0,0,0,0,0,0.00,0.00,0.00,0.00
353,Daniel James,Leeds,6,0,0,0,0,0,0,0,0.0,0.0,0.0,0.0,0,0,0,0,0,0.00,0.00,0.00,0.00
353,Daniel James,Leeds,7,0,0,0,0,0,0,0,0.0,0.0,0.0,0.0,0,0,0,0,0,0.00,0.00,0.00,0.00
353,Daniel James,Leeds,8,1,24,0,0,0,0,0,10.2,28.6,8.0,4.7,0,0,1,1,0,0.00,0.20,0.20,0.03
353,Daniel James,Leeds,9,1,3,0,0,0,0,0,0.0,0.0,0.0,0.0,0,0,0,0,0,0.00,0.00,0.00,0.07
354,Ethan Ampadu,Leeds,1,3,77,0,0,1,0,0,10.8,4.9,2.0,1.8,2,3,3,8,1,0.00,0.02,0.02,0.28
354,Ethan Ampadu,Leeds,2,0,0,0,0,0,0,0,0.0,0.0,0.0,0.0,0,0,0,0,0,0.00,0.00,0.00,0.00
354,Ethan Ampadu,Leeds,3,0,0,0,0,0,0,0,0.0,0.0,0.0,0.0,0,0,0,0,0,0.00,0.00,0.00,0.00
354,Ethan Ampadu,Leeds,4,4,90,0,0,0,0,0,13.6,1.4,0.0,1.5,4,6,2,12,1,0.00,0.01,0.01,0.85
354,Ethan Ampadu,Leeds,5,4,90,0,0,0,0,0,17.2,6.1,1.0,2.4,5,6,4,15,1,0.02,0.01,0.03,1.78
354,Ethan Ampadu,Leeds,6,1,90,0,0,0,1,0,6.8,7.7,2.0,1.7,3,5,1,9,1,0.00,0.02,0.02,0.82
354,Ethan Ampadu,Leeds,7,3,90,0,0,0,1,0,20.0,23.1,2.0,4.5,6,5,2,13,1,0.00,0.06,0.06,0.53
354,Ethan Ampadu,Leeds,8,2,80,0,0,0,0,0,17.6,11.0,4.0,3.3,2,4,5,11,1,0.12,0.05,0.17,0.45
354,Ethan Ampadu,Leeds,9,4,90,0,0,0,0,0,15.6,15.1,6.0,3.7,7,5,2,14,1,0.23,0.01,0.24,0.65
355,Sam Greenwood,Leeds,1,0,0,0,0,0,0,0,0.0,0.0,0.0,0.0,0,0,0,0,0,0.00,0.00,0.00,0.00
355,Sam Greenwood,Leeds,2,0,0,0,0,0,0,0,0.0,0.0,0.0,0.0,0,0,0,0,0,0.00,0.00,0.00,0.00
355,Sam Greenwood,Leeds,3,0,0,0,0,0,0,0,0.0,0.0,0.0,0.0,0,0,0,0,0,0.00,0.00,0.00,0.00
355,Sam Greenwood,Leeds,4,0,0,0,0,0,0,0,0.0,0.0,0.0,0.0,0,0,0,0,0,0.00,0.00,0.00,0.00
355,Sam Greenwood,Leeds,5,0,0,0,0,0,0,0,0.0,0.0,0.0,0.0,0,0,0,0,0,0.00,0.00,0.00,0.00
355,Sam Greenwood,Leeds,6,0,0,0,0,0,0,0,0.0,0.0,0.0,0.0,0,0,0,0,0,0.00,0.00,0.00,0.00
355,Sam Greenwood,Leeds,7,0,0,0,0,0,0,0,0.0,0.0,0.0,0.0,0,0,0,0,0,0.00,0.00,0.00,0.00
355,Sam Greenwood,Leeds,8,0,0,0,0,0,0,0,0.0,0.0,0.0,0.0,0,0,0,0,0,0.00,0.00,0.00,0.00
355,Sam Greenwood,Leeds,9,0,0,0,0,0,0,0,0.0,0.0,0.0,0.0,0,0,0,0,0,0.00,0.00,0.00,0.00
356,Ilia Gruev,Leeds,1,1,12,0,0,0,0,0,1.6,0.3,0.0,0.2,1,0,0,1,0,0.00,0.00,0.00,0.28
356,Ilia Gruev,Leeds,2,2,90,0,0,0,0,0,9.4,0.7,0.0,1.0,2,3,1,6,1,0.00,0.00,0.00,2.88
356,Ilia Gruev,Leeds,3,3,90,0,0,1,0,0,13.4,7.5,2.0,2.3,3,2,3,8,1,0.00,0.01,0.01,0.46
356,Ilia Gruev,Leeds,4,0,0,0,0,0,0,0,0.0,0.0,0.0,0.0,0,0,0,0,0,0.00,0.00,0.00,0.00
356,Ilia Gruev,Leeds,5,1,1,0,0,0,0,0,0.2,0.1,0.0,0.0,0,0,0,0,0,0.00,0.00,0.00,0.02
356,Ilia Gruev,Leeds,6,0,0,0,0,0,0,0,0.0,0.0,0.0,0.0,0,0,0,0,0,0.00,0.00,0.00,0.00
356,Ilia Gruev,Leeds,7,0,0,0,0,0,0,0,0.0,0.0,0.0,0.0,0,0,0,0,0,0.00,0.00,0.00,0.00
356,Ilia Gruev,Leeds,8,0,0,0,0,0,0,0,0.0,0.0,0.0,0.0,0,0,0,0,0,0.00,0.00,0.00,0.00
356,Ilia Gruev,Leeds,9,0,18,0,0,0,1,0,0.4,0.3,0.0,0.1,0,2,1,3,0,0.00,0.00,0.00,0.22
357,Largie Ramazani,Leeds,1,0,0,0,0,0,0,0,0.0,0.0,0.0,0.0,0,0,0,0,0,0.00,0.00,0.00,0.00
357,Largie Ramazani,Leeds,2,0,0,0,0,0,0,0,0.0,0.0,0.0,0.0,0,0,0,0,0,0.00,0.00,0.00,0.00
357,Largie Ramazani,Leeds,3,0,0,0,0,0,0,0,0.0,0.0,0.0,0.0,0,0,0,0,0,0.00,0.00,0.00,0.00
357,Largie Ramazani,Leeds,4,0,0,0,0,0,0,0,0.0,0.0,0.0,0.0,0,0,0,0,0,0.00,0.00,0.00,0.00
357,Largie Ramazani,Leeds,5,0,0,0,0,0,0,0,0.0,0.0,0.0,0.0,0,0,0,0,0,0.00,0.00,0.00,0.00
357,Largie Ramazani,Leeds,6,0,0,0,0,0,0,0,0.0,0.0,0.0,0.0,0,0,0,0,0,0.00,0.00,0.00,0.00
357,Largie Ramazani,Leeds,7,0,0,0,0,0,0,0,0.0,0.0,0.0,0.0,0,0,0,0,0,0.00,0.00,0.00,0.00
357,Largie Ramazani,Leeds,8,0,0,0,0,0,0,0,0.0,0.0,0.0,0.0,0,0,0,0,0,0.00,0.00,0.00,0.00
357,Largie Ramazani,Leeds,9,0,0,0,0,0,0,0,0.0,0.0,0.0,0.0,0,0,0,0,0,0.00,0.00,0.00,0.00
358,Tanaka Ao,Leeds,1,3,90,0,0,1,0,0,2.2,24.3,9.0,3.6,1,6,0,7,1,0.09,0.03,0.12,0.55
358,Tanaka Ao,Leeds,2,1,57,0,0,0,0,0,0.0,3.3,0.0,0.3,0,2,0,2,1,0.00,0.00,0.00,1.85
358,Tanaka Ao,Leeds,3,0,0,0,0,0,0,0,0.0,0.0,0.0,0.0,0,0,0,0,0,0.00,0.00,0.00,0.00
358,Tanaka Ao,Leeds,4,0,0,0,0,0,0,0,0.0,0.0,0.0,0.0,0,0,0,0,0,0.00,0.00,0.00,0.00
358,Tanaka Ao,Leeds,5,1,7,0,0,0,0,0,2.0,0.0,0.0,0.2,2,0,0,2,0,0.00,0.00,0.00,0.28
358,Tanaka Ao,Leeds,6,1,3,0,0,0,0,0,1.0,0.0,0.0,0.1,0,1,1,2,0,0.00,0.00,0.00,0.24
358,Tanaka Ao,Leeds,7,1,23,0,0,0,0,0,4.6,13.5,0.0,1.8,0,2,0,2,0,0.00,0.02,0.02,0.03
358,Tanaka Ao,Leeds,8,1,9,0,0,0,0,0,6.0,14.4,0.0,2.0,0,1,0,1,0,0.00,0.04,0.04,0.00
358,Tanaka Ao,Leeds,9,3,71,0,0,1,0,0,0.0,0.9,1.0,0.0,1,2,0,3,1,0.07,0.01,0.08,0.43
359,Charlie Crew,Leeds,1,0,0,0,0,0,0,0,0.0,0.0,0.0,0.0,0,0,0,0,0,0.00,0.00,0.00,0.00
359,Charlie Crew,Leeds,2,0,0,0,0,0,0,0,0.0,0.0,0.0,0.0,0,0,0,0,0,0.00,0.00,0.00,0.00
359,Charlie Crew,Leeds,3,0,0,0,0,0,0,0,0.0,0.0,0.0,0.0,0,0,0,0,0,0.00,0.00,0.00,0.00
359,Charlie Crew,Leeds,4,0,0,0,0,0,0,0,0.0,0.0,0.0,0.0,0,0,0,0,0,0.00,0.00,0.00,0.00
359,Charlie Crew,Leeds,5,0,0,0,0,0,0,0,0.0,0.0,0.0,0.0,0,0,0,0,0,0.00,0.00,0.00,0.00
359,Charlie Crew,Leeds,6,0,0,0,0,0,0,0,0.0,0.0,0.0,0.0,0,0,0,0,0,0.00,0.00,0.00,0.00
359,Charlie Crew,Leeds,7,0,0,0,0,0,0,0,0.0,0.0,0.0,0.0,0,0,0,0,0,0.00,0.00,0.00,0.00
359,Charlie Crew,Leeds,8,0,0,0,0,0,0,0,0.0,0.0,0.0,0.0,0,0,0,0,0,0.00,0.00,0.00,0.00
359,Charlie Crew,Leeds,9,0,0,0,0,0,0,0,0.0,0.0,0.0,0.0,0,0,0,0,0,0.00,0.00,0.00,0.00
360,Joe Gelhardt,Leeds,1,0,0,0,0,0,0,0,0.0,0.0,0.0,0.0,0,0,0,0,0,0.00,0.00,0.00,0.00
360,Joe Gelhardt,Leeds,2,0,0,0,0,0,0,0,0.0,0.0,0.0,0.0,0,0,0,0,0,0.00,0.00,0.00,0.00
360,Joe Gelhardt,Leeds,3,0,0,0,0,0,0,0,0.0,0.0,0.0,0.0,0,0,0,0,0,0.00,0.00,0.00,0.00
360,Joe Gelhardt,Leeds,4,0,0,0,0,0,0,0,0.0,0.0,0.0,0.0,0,0,0,0,0,0.00,0.00,0.00,0.00
360,Joe Gelhardt,Leeds,5,0,0,0,0,0,0,0,0.0,0.0,0.0,0.0,0,0,0,0,0,0.00,0.00,0.00,0.00
360,Joe Gelhardt,Leeds,6,0,0,0,0,0,0,0,0.0,0.0,0.0,0.0,0,0,0,0,0,0.00,0.00,0.00,0.00
360,Joe Gelhardt,Leeds,7,0,0,0,0,0,0,0,0.0,0.0,0.0,0.0,0,0,0,0,0,0.00,0.00,0.00,0.00
360,Joe Gelhardt,Leeds,8,0,0,0,0,0,0,0,0.0,0.0,0.0,0.0,0,0,0,0,0,0.00,0.00,0.00,0.00
360,Joe Gelhardt,Leeds,9,0,0,0,0,0,0,0,0.0,0.0,0.0,0.0,0,0,0,0,0,0.00,0.00,0.00,0.00
361,Darko Gyabi,Leeds,1,0,0,0,0,0,0,0,0.0,0.0,0.0,0.0,0,0,0,0,0,0.00,0.00,0.00,0.00
361,Darko Gyabi,Leeds,2,0,0,0,0,0,0,0,0.0,0.0,0.0,0.0,0,0,0,0,0,0.00,0.00,0.00,0.00
361,Darko Gyabi,Leeds,3,0,0,0,0,0,0,0,0.0,0.0,0.0,0.0,0,0,0,0,0,0.00,0.00,0.00,0.00
361,Darko Gyabi,Leeds,4,0,0,0,0,0,0,0,0.0,0.0,0.0,0.0,0,0,0,0,0,0.00,0.00,0.00,0.00
361,Darko Gyabi,Leeds,5,0,0,0,0,0,0,0,0.0,0.0,0.0,0.0,0,0,0,0,0,0.00,0.00,0.00,0.00
361,Darko Gyabi,Leeds,6,0,0,0,0,0,0,0,0.0,0.0,0.0,0.0,0,0,0,0,0,0.00,0.00,0.00,0.00
361,Darko Gyabi,Leeds,7,0,0,0,0,0,0,0,0.0,0.0,0.0,0.0,0,0,0,0,0,0.00,0.00,0.00,0.00
361,Darko Gyabi,Leeds,8,0,0,0,0,0,0,0,0.0,0.0,0.0,0.0,0,0,0,0,0,0.00,0.00,0.00,0.00
361,Darko Gyabi,Leeds,9,0,0,0,0,0,0,0,0.0,0.0,0.0,0.0,0,0,0,0,0,0.00,0.00,0.00,0.00
362,Joël Piroe,Leeds,1,2,77,0,0,1,0,0,2.0,5.6,44.0,5.2,0,4,0,4,1,0.28,0.04,0.32,0.28
362,Joël Piroe,Leeds,2,1,57,0,0,0,0,0,0.0,1.3,0.0,0.1,0,1,0,1,1,0.00,0.00,0.00,1.85
362,Joël Piroe,Leeds,3,0,0,0,0,0,0,0,0.0,0.0,0.0,0.0,0,0,0,0,0,0.00,0.00,0.00,0.00
362,Joël Piroe,Leeds,4,0,0,0,0,0,0,0,0.0,0.0,0.0,0.0,0,0,0,0,0,0.00,0.00,0.00,0.00
362,Joël Piroe,Leeds,5,0,0,0,0,0,0,0,0.0,0.0,0.0,0.0,0,0,0,0,0,0.00,0.00,0.00,0.00
362,Joël Piroe,Leeds,6,0,0,0,0,0,0,0,0.0,0.0,0.0,0.0,0,0,0,0,0,0.00,0.00,0.00,0.00
362,Joël Piroe,Leeds,7,1,11,0,0,0,0,0,3.0,3.8,19.0,2.6,0,1,0,1,0,0.05,0.01,0.06,0.03
362,Joël Piroe,Leeds,8,1,17,0,0,0,0,0,0.0,1.3,14.0,1.2,1,1,0,2,0,0.18,0.01,0.19,0.00
362,Joël Piroe,Leeds,9,0,0,0,0,0,0,0,0.0,0.0,0.0,0.0,0,0,0,0,0,0.00,0.00,0.00,0.00
363,Patrick Bamford,Leeds,1,0,0,0,0,0,0,0,0.0,0.0,0.0,0.0,0,0,0,0,0,0.00,0.00,0.00,0.00
363,Patrick Bamford,Leeds,2,0,0,0,0,0,0,0,0.0,0.0,0.0,0.0,0,0,0,0,0,0.00,0.00,0.00,0.00
363,Patrick Bamford,Leeds,3,0,0,0,0,0,0,0,0.0,0.0,0.0,0.0,0,0,0,0,0,0.00,0.00,0.00,0.00
363,Patrick Bamford,Leeds,4,0,0,0,0,0,0,0,0.0,0.0,0.0,0.0,0,0,0,0,0,0.00,0.00,0.00,0.00
363,Patrick Bamford,Leeds,5,0,0,0,0,0,0,0,0.0,0.0,0.0,0.0,0,0,0,0,0,0.00,0.00,0.00,0.00
363,Patrick Bamford,Leeds,6,0,0,0,0,0,0,0,0.0,0.0,0.0,0.0,0,0,0,0,0,0.00,0.00,0.00,0.00
363,Patrick Bamford,Leeds,7,0,0,0,0,0,0,0,0.0,0.0,0.0,0.0,0,0,0,0,0,0.00,0.00,0.00,0.00
363,Patrick Bamford,Leeds,8,0,0,0,0,0,0,0,0.0,0.0,0.0,0.0,0,0,0,0,0,0.00,0.00,0.00,0.00
363,Patrick Bamford,Leeds,9,0,0,0,0,0,0,0,0.0,0.0,0.0,0.0,0,0,0,0,0,0.00,0.00,0.00,0.00
364,Mateo Joseph Fernández-Regatillo,Leeds,1,0,0,0,0,0,0,0,0.0,0.0,0.0,0.0,0,0,0,0,0,0.00,0.00,0.00,0.00
364,Mateo Joseph Fernández-Regatillo,Leeds,2,0,0,0,0,0,0,0,0.0,0.0,0.0,0.0,0,0,0,0,0,0.00,0.00,0.00,0.00
364,Mateo Joseph Fernández-Regatillo,Leeds,3,0,0,0,0,0,0,0,0.0,0.0,0.0,0.0,0,0,0,0,0,0.00,0.00,0.00,0.00
364,Mateo Joseph Fernández-Regatillo,Leeds,4,0,0,0,0,0,0,0,0.0,0.0,0.0,0.0,0,0,0,0,0,0.00,0.00,0.00,0.00
364,Mateo Joseph Fernández-Regatillo,Leeds,5,0,0,0,0,0,0,0,0.0,0.0,0.0,0.0,0,0,0,0,0,0.00,0.00,0.00,0.00
364,Mateo Joseph Fernández-Regatillo,Leeds,6,0,0,0,0,0,0,0,0.0,0.0,0.0,0.0,0,0,0,0,0,0.00,0.00,0.00,0.00
364,Mateo Joseph Fernández-Regatillo,Leeds,7,0,0,0,0,0,0,0,0.0,0.0,0.0,0.0,0,0,0,0,0,0.00,0.00,0.00,0.00
364,Mateo Joseph Fernández-Regatillo,Leeds,8,0,0,0,0,0,0,0,0.0,0.0,0.0,0.0,0,0,0,0,0,0.00,0.00,0.00,0.00
364,Mateo Joseph Fernández-Regatillo,Leeds,9,0,0,0,0,0,0,0,0.0,0.0,0.0,0.0,0,0,0,0,0,0.00,0.00,0.00,0.00
365,Lukas Nmecha,Leeds,1,5,12,1,0,0,0,0,34.0,1.6,22.0,5.8,1,2,0,3,0,0.85,0.01,0.86,0.28
365,Lukas Nmecha,Leeds,2,1,32,0,0,0,0,0,0.0,0.1,0.0,0.0,0,0,0,0,0,0.00,0.00,0.00,1.03
365,Lukas Nmecha,Leeds,3,2,69,0,0,1,0,0,10.6,5.1,11.0,2.7,5,4,0,9,1,0.10,0.02,0.12,0.39
365,Lukas Nmecha,Leeds,4,1,21,0,0,0,0,0,0.0,1.3,0.0,0.0,0,0,0,0,0,0.00,0.00,0.00,0.73
365,Lukas Nmecha,Leeds,5,1,1,0,0,0,0,0,1.0,0.0,0.0,0.1,1,0,0,1,0,0.00,0.00,0.00,0.02
365,Lukas Nmecha,Leeds,6,1,1,0,0,0,0,0,0.0,1.0,0.0,0.1,0,0,0,0,0,0.00,0.00,0.00,0.24
365,Lukas Nmecha,Leeds,7,1,11,0,0,0,0,0,0.0,1.1,2.0,0.3,0,0,0,0,0,0.00,0.00,0.00,0.03
365,Lukas Nmecha,Leeds,8,1,24,0,0,0,0,0,1.2,1.3,30.0,3.3,0,0,0,0,0,0.75,0.02,0.77,0.03
365,Lukas Nmecha,Leeds,9,1,3,0,0,0,0,0,0.0,0.3,0.0,0.0,0,0,0,0,0,0.00,0.00,0.00,0.07
493,Sean Longstaff,Leeds,1,1,1,0,0,0,0,0,0.2,0.3,0.0,0.1,0,0,0,0,0,0.00,0.00,0.00,0.00
493,Sean Longstaff,Leeds,2,1,32,0,0,0,0,0,1.4,0.4,0.0,0.2,1,1,0,2,0,0.00,0.00,0.00,1.03
493,Sean Longstaff,Leeds,3,5,90,0,0,1,0,0,14.0,12.3,0.0,2.6,2,6,5,13,1,0.00,0.01,0.01,0.46
493,Sean Longstaff,Leeds,4,2,90,0,0,0,0,0,5.8,2.2,5.0,1.3,1,4,2,7,1,0.04,0.02,0.06,0.85
493,Sean Longstaff,Leeds,5,2,82,0,0,0,0,0,21.2,3.8,7.0,3.2,2,3,6,11,1,0.07,0.00,0.07,1.51
493,Sean Longstaff,Leeds,6,15,90,1,1,0,0,0,86.2,99.3,21.0,20.7,5,2,6,13,1,0.10,0.25,0.35,0.82
493,Sean Longstaff,Leeds,7,2,90,0,0,0,0,0,13.8,71.2,5.0,9.0,0,5,4,9,1,0.22,0.20,0.42,0.53
493,Sean Longstaff,Leeds,8,2,90,0,0,0,0,0,19.0,67.8,2.0,8.9,2,2,0,4,1,0.00,0.15,0.15,0.45
493,Sean Longstaff,Leeds,9,6,90,0,1,0,0,0,32.4,15.8,0.0,4.8,2,4,4,10,1,0.00,0.18,0.18,0.65
660,Anton Stach,Leeds,1,8,90,0,1,1,0,0,28.2,63.9,22.0,11.4,7,4,2,13,1,0.27,0.29,0.56,0.55
660,Anton Stach,Leeds,2,2,90,0,0,0,0,0,2.4,35.7,0.0,3.8,1,1,2,4,1,0.00,0.07,0.07,2.88
660,Anton Stach,Leeds,3,3,90,0,0,1,0,0,10.2,37.4,11.0,5.9,2,2,2,6,1,0.18,0.02,0.20,0.46
660,Anton Stach,Leeds,4,1,90,0,0,0,1,0,4.4,16.0,13.0,3.3,2,2,1,5,1,0.08,0.11,0.19,0.85
660,Anton Stach,Leeds,5,15,90,1,1,0,0,0,66.4,14.1,13.0,9.4,5,7,3,15,1,0.08,0.06,0.14,1.78
660,Anton Stach,Leeds,6,2,90,0,0,0,0,0,7.0,15.6,0.0,2.3,0,5,2,7,1,0.00,0.01,0.01,0.82
660,Anton Stach,Leeds,7,2,66,0,0,0,0,0,11.2,17.3,4.0,3.3,1,5,2,8,1,0.04,0.03,0.07,0.50
660,Anton Stach,Leeds,8,2,72,0,0,0,0,0,2.6,5.8,11.0,1.9,1,2,0,3,1,0.15,0.04,0.19,0.45
660,Anton Stach,Leeds,9,0,0,0,0,0,0,0,0.0,0.0,0.0,0.0,0,0,0,0,0,0.00,0.00,0.00,0.00
665,Lucas Estella Perri,Leeds,1,6,90,0,0,1,0,0,11.2,0.0,0.0,1.1,2,8,0,0,1,0.00,0.00,0.00,0.55
665,Lucas Estella Perri,Leeds,2,0,90,0,0,0,0,0,2.8,0.0,0.0,0.3,0,4,0,0,1,0.00,0.00,0.00,2.88
665,Lucas Estella Perri,Leeds,3,6,90,0,0,1,0,0,15.2,0.0,0.0,1.5,1,8,0,0,1,0.00,0.00,0.00,0.46
665,Lucas Estella Perri,Leeds,4,0,0,0,0,0,0,0,0.0,0.0,0.0,0.0,0,0,0,0,0,0.00,0.00,0.00,0.00
665,Lucas Estella Perri,Leeds,5,0,0,0,0,0,0,0,0.0,0.0,0.0,0.0,0,0,0,0,0,0.00,0.00,0.00,0.00
665,Lucas Estella Perri,Leeds,6,0,0,0,0,0,0,0,0.0,0.0,0.0,0.0,0,0,0,0,0,0.00,0.00,0.00,0.00
665,Lucas Estella Perri,Leeds,7,0,0,0,0,0,0,0,0.0,0.0,0.0,0.0,0,0,0,0,0,0.00,0.00,0.00,0.00
665,Lucas Estella Perri,Leeds,8,0,0,0,0,0,0,0,0.0,0.0,0.0,0.0,0,0,0,0,0,0.00,0.00,0.00,0.00
665,Lucas Estella Perri,Leeds,9,1,90,0,0,0,1,0,22.4,0.0,0.0,2.2,3,8,0,0,1,0.00,0.00,0.00,0.65
691,Dominic Calvert-Lewin,Leeds,2,0,0,0,0,0,0,0,0.0,0.0,0.0,0.0,0,0,0,0,0,0.00,0.00,0.00,0.00
691,Dominic Calvert-Lewin,Leeds,3,1,20,0,0,0,0,0,1.2,0.5,20.0,2.2,0,2,0,2,0,0.07,0.00,0.07,0.07
691,Dominic Calvert-Lewin,Leeds,4,2,68,0,0,1,0,0,5.2,12.3,19.0,3.7,1,0,0,1,1,0.30,0.05,0.35,0.12
691,Dominic Calvert-Lewin,Leeds,5,11,90,1,1,0,0,0,35.4,19.4,21.0,7.6,1,2,1,4,1,0.12,0.02,0.14,1.77
691,Dominic Calvert-Lewin,Leeds,6,2,90,0,0,0,0,0,12.0,13.4,55.0,8.0,0,2,1,3,1,0.70,0.04,0.74,0.58
691,Dominic Calvert-Lewin,Leeds,7,2,90,0,0,0,0,0,6.8,38.3,27.0,7.2,1,2,0,3,1,0.15,0.32,0.47,0.53
691,Dominic Calvert-Lewin,Leeds,8,2,90,0,0,0,0,0,0.0,11.3,21.0,2.8,1,2,0,3,1,0.33,0.01,0.34,0.45
691,Dominic Calvert-Lewin,Leeds,9,2,86,0,0,1,0,0,2.2,12.1,6.0,2.0,1,1,1,3,1,0.10,0.02,0.12,0.58
698,Noah Okafor,Leeds,2,1,24,0,0,0,0,0,4.6,0.3,0.0,0.5,0,2,2,4,0,0.00,0.00,0.00,0.87
698,Noah Okafor,Leeds,3,0,0,0,0,0,0,0,0.0,0.0,0.0,0.0,0,0,0,0,0,0.00,0.00,0.00,0.00
698,Noah Okafor,Leeds,4,2,67,0,0,1,1,0,4.2,12.3,17.0,3.4,3,7,1,11,1,0.18,0.02,0.20,0.12
698,Noah Okafor,Leeds,5,8,69,1,0,0,0,0,38.6,7.8,23.0,6.9,1,4,0,5,1,0.15,0.02,0.17,1.28
698,Noah Okafor,Leeds,6,2,66,0,0,0,0,0,10.0,15.3,15.0,4.0,0,2,2,4,1,0.06,0.27,0.33,0.41
698,Noah Okafor,Leeds,7,8,78,1,0,0,1,0,39.8,21.8,33.0,9.5,0,2,2,4,1,0.77,0.04,0.81,0.50
698,Noah Okafor,Leeds,8,0,0,0,0,0,0,0,0.0,0.0,0.0,0.0,0,0,0,0,0,0.00,0.00,0.00,0.00
698,Noah Okafor,Leeds,9,4,45,0,1,0,0,0,2.0,0.9,21.0,2.4,0,2,0,2,1,0.20,0.01,0.21,0.34
706,James Justin,Leeds,3,1,10,0,0,0,0,0,0.0,0.0,0.0,0.0,0,0,0,0,0,0.00,0.00,0.00,0.03
706,James Justin,Leeds,4,0,0,0,0,0,0,0,0.0,0.0,0.0,0.0,0,0,0,0,0,0.00,0.00,0.00,0.00
706,James Justin,Leeds,5,1,7,0,0,0,0,0,4.0,0.0,0.0,0.4,2,0,0,2,0,0.00,0.00,0.00,0.28
706,James Justin,Leeds,6,0,0,0,0,0,0,0,0.0,0.0,0.0,0.0,0,0,0,0,0,0.00,0.00,0.00,0.00
706,James Justin,Leeds,7,1,1,0,0,0,0,0,0.2,0.0,2.0,0.2,0,3,0,0,0,0.00,0.00,0.00,0.00
706,James Justin,Leeds,8,0,0,0,0,0,0,0,0.0,0.0,0.0,0.0,0,0,0,0,0,0.00,0.00,0.00,0.00
706,James Justin,Leeds,9,0,46,0,0,0,1,0,10.8,1.1,0.0,1.2,7,4,1,8,0,0.00,0.00,0.00,0.55
741,Harry Gray,Leeds,5,0,0,0,0,0,0,0,0.0,0.0,0.0,0.0,0,0,0,0,0,0.00,0.00,0.00,0.00
741,Harry Gray,Leeds,6,0,0,0,0,0,0,0,0.0,0.0,0.0,0.0,0,0,0,0,0,0.00,0.00,0.00,0.00
741,Harry Gray,Leeds,7,0,0,0,0,0,0,0,0.0,0.0,0.0,0.0,0,0,0,0,0,0.00,0.00,0.00,0.00
741,Harry Gray,Leeds,8,0,0,0,0,0,0,0,0.0,0.0,0.0,0.0,0,0,0,0,0,0.00,0.00,0.00,0.00
741,Harry Gray,Leeds,9,0,0,0,0,0,0,0,0.0,0.0,0.0,0.0,0,0,0,0,0,0.00,0.00,0.00,0.00
366,Alisson Becker,Liverpool,1,1,90,0,0,0,0,0,13.6,0.0,0.0,1.4,2,7,0,0,1,0.00,0.01,0.01,1.70
366,Alisson Becker,Liverpool,2,1,90,0,0,0,0,0,14.4,0.0,0.0,1.4,5,10,0,0,1,0.00,0.00,0.00,0.93
366,Alisson Becker,Liverpool,3,8,90,0,0,1,0,0,16.8,0.0,0.0,1.7,2,9,0,0,1,0.00,0.00,0.00,0.49
366,Alisson Becker,Liverpool,4,6,90,0,0,1,0,0,4.0,0.1,0.0,0.4,0,5,0,0,1,0.00,0.00,0.00,0.13
366,Alisson Becker,Liverpool,5,2,90,0,0,0,0,0,11.8,0.0,0.0,1.2,3,10,0,0,1,0.00,0.00,0.00,0.70
366,Alisson Becker,Liverpool,6,2,90,0,0,0,0,0,46.2,0.0,0.0,4.6,0,10,0,0,1,0.00,0.00,0.00,2.92
366,Alisson Becker,Liverpool,7,0,0,0,0,0,0,0,0.0,0.0,0.0,0.0,0,0,0,0,0,0.00,0.00,0.00,0.00
366,Alisson Becker,Liverpool,8,0,0,0,0,0,0,0,0.0,0.0,0.0,0.0,0,0,0,0,0,0.00,0.00,0.00,0.00
366,Alisson Becker,Liverpool,9,0,0,0,0,0,0,0,0.0,0.0,0.0,0.0,0,0,0,0,0,0.00,0.00,0.00,0.00
367,Giorgi Mamardashvili,Liverpool,1,0,0,0,0,0,0,0,0.0,0.0,0.0,0.0,0,0,0,0,0,0.00,0.00,0.00,0.00
367,Giorgi Mamardashvili,Liverpool,2,0,0,0,0,0,0,0,0.0,0.0,0.0,0.0,0,0,0,0,0,0.00,0.00,0.00,0.00
367,Giorgi Mamardashvili,Liverpool,3,0,0,0,0,0,0,0,0.0,0.0,0.0,0.0,0,0,0,0,0,0.00,0.00,0.00,0.00
367,Giorgi Mamardashvili,Liverpool,4,0,0,0,0,0,0,0,0.0,0.0,0.0,0.0,0,0,0,0,0,0.00,0.00,0.00,0.00
367,Giorgi Mamardashvili,Liverpool,5,0,0,0,0,0,0,0,0.0,0.0,0.0,0.0,0,0,0,0,0,0.00,0.00,0.00,0.00
367,Giorgi Mamardashvili,Liverpool,6,0,0,0,0,0,0,0,0.0,0.0,0.0,0.0,0,0,0,0,0,0.00,0.00,0.00,0.00
367,Giorgi Mamardashvili,Liverpool,7,2,90,0,0,0,0,0,31.2,0.0,0.0,3.1,3,13,0,0,1,0.00,0.00,0.00,1.00
367,Giorgi Mamardashvili,Liverpool,8,1,90,0,0,0,0,0,14.8,0.0,0.0,1.5,1,9,0,0,1,0.00,0.00,0.00,1.34
367,Giorgi Mamardashvili,Liverpool,9,2,90,0,0,0,0,0,38.4,0.0,0.0,3.8,3,10,0,0,1,0.00,0.00,0.00,2.75
368,Ármin Pécsi,Liverpool,1,0,0,0,0,0,0,0,0.0,0.0,0.0,0.0,0,0,0,0,0,0.00,0.00,0.00,0.00
368,Ármin Pécsi,Liverpool,2,0,0,0,0,0,0,0,0.0,0.0,0.0,0.0,0,0,0,0,0,0.00,0.00,0.00,0.00
368,Ármin Pécsi,Liverpool,3,0,0,0,0,0,0,0,0.0,0.0,0.0,0.0,0,0,0,0,0,0.00,0.00,0.00,0.00
368,Ármin Pécsi,Liverpool,4,0,0,0,0,0,0,0,0.0,0.0,0.0,0.0,0,0,0,0,0,0.00,0.00,0.00,0.00
368,Ármin Pécsi,Liverpool,5,0,0,0,0,0,0,0,0.0,0.0,0.0,0.0,0,0,0,0,0,0.00,0.00,0.00,0.00
368,Ármin Pécsi,Liverpool,6,0,0,0,0,0,0,0,0.0,0.0,0.0,0.0,0,0,0,0,0,0.00,0.00,0.00,0.00
368,Ármin Pécsi,Liverpool,7,0,0,0,0,0,0,0,0.0,0.0,0.0,0.0,0,0,0,0,0,0.00,0.00,0.00,0.00
368,Ármin Pécsi,Liverpool,8,0,0,0,0,0,0,0,0.0,0.0,0.0,0.0,0,0,0,0,0,0.00,0.00,0.00,0.00
368,Ármin Pécsi,Liverpool,9,0,0,0,0,0,0,0,0.0,0.0,0.0,0.0,0,0,0,0,0,0.00,0.00,0.00,0.00
369,Freddie Woodman,Liverpool,1,0,0,0,0,0,0,0,0.0,0.0,0.0,0.0,0,0,0,0,0,0.00,0.00,0.00,0.00
369,Freddie Woodman,Liverpool,2,0,0,0,0,0,0,0,0.0,0.0,0.0,0.0,0,0,0,0,0,0.00,0.00,0.00,0.00
369,Freddie Woodman,Liverpool,3,0,0,0,0,0,0,0,0.0,0.0,0.0,0.0,0,0,0,0,0,0.00,0.00,0.00,0.00
369,Freddie Woodman,Liverpool,4,0,0,0,0,0,0,0,0.0,0.0,0.0,0.0,0,0,0,0,0,0.00,0.00,0.00,0.00
369,Freddie Woodman,Liverpool,5,0,0,0,0,0,0,0,0.0,0.0,0.0,0.0,0,0,0,0,0,0.00,0.00,0.00,0.00
369,Freddie Woodman,Liverpool,6,0,0,0,0,0,0,0,0.0,0.0,0.0,0.0,0,0,0,0,0,0.00,0.00,0.00,0.00
369,Freddie Woodman,Liverpool,7,0,0,0,0,0,0,0,0.0,0.0,0.0,0.0,0,0,0,0,0,0.00,0.00,0.00,0.00
369,Freddie Woodman,Liverpool,8,0,0,0,0,0,0,0,0.0,0.0,0.0,0.0,0,0,0,0,0,0.00,0.00,0.00,0.00
369,Freddie Woodman,Liverpool,9,0,0,0,0,0,0,0,0.0,0.0,0.0,0.0,0,0,0,0,0,0.00,0.00,0.00,0.00
370,Jeremie Frimpong,Liverpool,1,1,59,0,0,0,0,0,5.4,1.3,2.0,0.9,3,1,1,4,1,0.01,0.01,0.02,0.81
370,Jeremie Frimpong,Liverpool,2,0,0,0,0,0,0,0,0.0,0.0,0.0,0.0,0,0,0,0,0,0.00,0.00,0.00,0.00
370,Jeremie Frimpong,Liverpool,3,0,0,0,0,0,0,0,0.0,0.0,0.0,0.0,0,0,0,0,0,0.00,0.00,0.00,0.00
370,Jeremie Frimpong,Liverpool,4,4,3,0,1,0,0,0,3.0,0.6,19.0,2.3,0,0,0,0,0,0.08,0.01,0.09,0.00
370,Jeremie Frimpong,Liverpool,5,0,0,0,0,0,0,0,0.0,0.0,0.0,0.0,0,0,0,0,0,0.00,0.00,0.00,0.00
370,Jeremie Frimpong,Liverpool,6,1,16,0,0,0,0,0,6.0,1.3,4.0,1.1,2,3,1,3,0,0.00,0.01,0.01,0.72
370,Jeremie Frimpong,Liverpool,7,0,0,0,0,0,0,0,0.0,0.0,0.0,0.0,0,0,0,0,0,0.00,0.00,0.00,0.00
370,Jeremie Frimpong,Liverpool,8,1,5,0,0,0,0,0,5.0,14.1,4.0,2.3,0,0,0,0,0,0.00,0.31,0.31,0.43
370,Jeremie Frimpong,Liverpool,9,0,0,0,0,0,0,0,0.0,0.0,0.0,0.0,0,0,0,0,0,0.00,0.00,0.00,0.00
371,Milos Kerkez,Liverpool,1,0,59,0,0,0,1,0,8.4,1.3,0.0,1.0,5,5,1,6,1,0.00,0.01,0.01,0.81
371,Milos Kerkez,Liverpool,2,1,90,0,0,0,0,0,17.6,1.1,0.0,1.9,7,4,2,9,1,0.00,0.00,0.00,0.93
371,Milos Kerkez,Liverpool,3,6,90,0,0,1,0,0,22.0,1.8,0.0,2.4,6,2,3,9,1,0.00,0.00,0.00,0.49
371,Milos Kerkez,Liverpool,4,0,37,0,0,0,1,0,0.0,16.9,10.0,2.7,0,0,0,0,1,0.08,0.02,0.10,0.12
371,Milos Kerkez,Liverpool,5,4,90,0,0,0,0,0,24.2,17.4,2.0,4.4,8,1,2,10,1,0.00,0.04,0.04,0.70
371,Milos Kerkez,Liverpool,6,1,90,0,0,0,0,0,9.6,16.4,8.0,3.4,3,7,1,4,1,0.03,0.03,0.06,2.92
371,Milos Kerkez,Liverpool,7,1,54,0,0,0,0,0,7.6,5.7,2.0,1.5,4,4,1,5,1,0.00,0.01,0.01,0.14
371,Milos Kerkez,Liverpool,8,1,90,0,0,0,0,0,11.0,18.4,6.0,3.5,4,2,1,5,1,0.00,0.03,0.03,1.34
371,Milos Kerkez,Liverpool,9,6,60,1,0,0,1,0,41.8,7.0,35.0,8.4,3,1,1,4,1,0.60,0.02,0.62,2.37
372,Andrew Robertson,Liverpool,1,0,30,0,0,0,0,0,5.4,4.1,2.0,1.2,2,0,0,2,0,0.00,0.04,0.04,0.89
372,Andrew Robertson,Liverpool,2,0,0,0,0,0,0,0,0.0,0.0,0.0,0.0,0,0,0,0,0,0.00,0.00,0.00,0.00
372,Andrew Robertson,Liverpool,3,0,0,0,0,0,0,0,0.0,0.0,0.0,0.0,0,0,0,0,0,0.00,0.00,0.00,0.00
372,Andrew Robertson,Liverpool,4,1,52,0,0,0,0,0,24.6,68.0,23.0,11.6,0,2,0,0,0,0.10,0.37,0.47,0.01
372,Andrew Robertson,Liverpool,5,0,0,0,0,0,0,0,0.0,0.0,0.0,0.0,0,0,0,0,0,0.00,0.00,0.00,0.00
372,Andrew Robertson,Liverpool,6,0,0,0,0,0,0,0,0.0,0.0,0.0,0.0,0,0,0,0,0,0.00,0.00,0.00,0.00
372,Andrew Robertson,Liverpool,7,1,35,0,0,0,0,0,13.8,10.6,13.0,3.7,5,1,1,6,0,0.03,0.01,0.04,0.86
372,Andrew Robertson,Liverpool,8,0,0,0,0,0,0,0,0.0,0.0,0.0,0.0,0,0,0,0,0,0.00,0.00,0.00,0.00
372,Andrew Robertson,Liverpool,9,1,29,0,0,0,0,0,6.4,1.0,2.0,0.9,2,3,1,3,0,0.00,0.01,0.01,0.39
373,Virgil van Dijk,Liverpool,1,3,90,0,0,0,0,0,49.4,0.9,25.0,7.5,20,4,1,21,1,0.18,0.01,0.19,1.70
373,Virgil van Dijk,Liverpool,2,3,90,0,0,0,0,0,38.6,0.3,0.0,3.9,15,1,0,15,1,0.00,0.00,0.00,0.93
373,Virgil van Dijk,Liverpool,3,8,90,0,0,1,0,0,31.2,3.7,2.0,3.7,8,2,0,8,1,0.00,0.02,0.02,0.49
373,Virgil van Dijk,Liverpool,4,8,90,0,0,1,0,0,24.8,16.3,0.0,4.1,5,1,1,6,1,0.00,0.06,0.06,0.13
373,Virgil van Dijk,Liverpool,5,4,90,0,0,0,0,0,22.6,1.2,2.0,2.6,10,3,0,10,1,0.00,0.01,0.01,0.70
373,Virgil van Dijk,Liverpool,6,2,90,0,0,0,1,0,34.2,3.1,0.0,3.7,11,2,1,12,1,0.00,0.02,0.02,2.92
373,Virgil van Dijk,Liverpool,7,1,90,0,0,0,0,0,19.0,0.9,0.0,2.0,7,3,0,7,1,0.00,0.00,0.00,1.00
373,Virgil van Dijk,Liverpool,8,3,90,0,0,0,0,0,36.4,3.0,23.0,6.2,14,2,1,15,1,0.23,0.02,0.25,1.34
373,Virgil van Dijk,Liverpool,9,3,90,0,0,0,0,0,29.4,13.6,8.0,5.1,14,3,2,16,1,0.00,0.03,0.03,2.75
374,Ibrahima Konaté,Liverpool,1,1,90,0,0,0,0,0,21.4,0.6,0.0,2.2,7,5,0,7,1,0.00,0.00,0.00,1.70
374,Ibrahima Konaté,Liverpool,2,0,90,0,0,0,1,0,13.2,1.0,0.0,1.4,5,1,1,6,1,0.00,0.01,0.01,0.93
374,Ibrahima Konaté,Liverpool,3,6,78,0,0,1,0,0,16.2,0.8,0.0,1.7,4,2,1,5,1,0.00,0.00,0.00,0.40
374,Ibrahima Konaté,Liverpool,4,9,86,0,0,1,0,0,20.8,26.7,9.0,5.7,3,3,4,7,1,0.49,0.05,0.54,0.13
374,Ibrahima Konaté,Liverpool,5,4,90,0,0,0,0,0,27.4,0.7,5.0,3.3,9,2,2,11,1,0.04,0.00,0.04,0.70
374,Ibrahima Konaté,Liverpool,6,3,73,0,0,0,1,0,27.8,13.8,4.0,4.6,13,3,1,14,1,0.07,0.06,0.13,2.20
374,Ibrahima Konaté,Liverpool,7,1,55,0,0,0,0,0,8.0,0.5,0.0,0.9,2,0,2,4,1,0.00,0.00,0.00,0.14
374,Ibrahima Konaté,Liverpool,8,3,90,0,0,0,0,0,32.8,14.5,7.0,5.4,9,4,2,11,1,0.01,0.19,0.20,1.34
374,Ibrahima Konaté,Liverpool,9,3,90,0,0,0,0,0,25.4,11.8,4.0,4.1,6,2,4,10,1,0.00,0.01,0.01,2.75
375,Conor Bradley,Liverpool,1,0,0,0,0,0,0,0,0.0,0.0,0.0,0.0,0,0,0,0,0,0.00,0.00,0.00,0.00
375,Conor Bradley,Liverpool,2,0,10,0,0,0,1,0,4.0,1.3,2.0,0.7,1,0,0,1,0,0.00,0.01,0.01,0.16
375,Conor Bradley,Liverpool,3,0,0,0,0,0,0,0,0.0,0.0,0.0,0.0,0,0,0,0,0,0.00,0.00,0.00,0.00
375,Conor Bradley,Liverpool,4,0,45,0,0,0,1,0,7.8,8.5,11.0,2.7,1,3,1,2,0,0.02,0.08,0.10,0.01
375,Conor Bradley,Liverpool,5,2,90,0,0,0,0,0,5.4,3.7,5.0,1.4,4,1,1,5,1,0.04,0.04,0.08,0.70
375,Conor Bradley,Liverpool,6,1,45,0,0,0,0,0,11.0,8.2,0.0,1.9,3,1,1,4,1,0.00,0.01,0.01,2.07
375,Conor Bradley,Liverpool,7,0,45,0,0,0,1,0,0.0,4.3,0.0,0.4,2,3,0,2,1,0.00,0.00,0.00,0.11
375,Conor Bradley,Liverpool,8,2,61,0,0,0,0,0,8.2,16.1,4.0,2.8,1,1,1,2,1,0.00,0.03,0.03,0.70
375,Conor Bradley,Liverpool,9,4,61,0,1,0,0,0,13.8,3.2,0.0,1.7,3,3,2,5,1,0.00,0.02,0.02,2.37
376,Joe Gomez,Liverpool,1,1,18,0,0,0,0,0,2.4,0.4,0.0,0.3,1,1,0,1,0,0.00,0.00,0.00,0.21
376,Joe Gomez,Liverpool,2,0,0,0,0,0,0,0,0.0,0.0,0.0,0.0,0,0,0,0,0,0.00,0.00,0.00,0.00
376,Joe Gomez,Liverpool,3,1,11,0,0,0,0,0,12.2,0.1,0.0,1.2,7,0,0,7,0,0.00,0.00,0.00,0.09
376,Joe Gomez,Liverpool,4,0,0,0,0,0,0,0,0.0,0.0,0.0,0.0,0,0,0,0,0,0.00,0.00,0.00,0.00
376,Joe Gomez,Liverpool,5,0,0,0,0,0,0,0,0.0,0.0,0.0,0.0,0,0,0,0,0,0.00,0.00,0.00,0.00
376,Joe Gomez,Liverpool,6,0,0,0,0,0,0,0,0.0,0.0,0.0,0.0,0,0,0,0,0,0.00,0.00,0.00,0.00
376,Joe Gomez,Liverpool,7,0,0,0,0,0,0,0,0.0,0.0,0.0,0.0,0,0,0,0,0,0.00,0.00,0.00,0.00
376,Joe Gomez,Liverpool,8,0,0,0,0,0,0,0,0.0,0.0,0.0,0.0,0,0,0,0,0,0.00,0.00,0.00,0.00
376,Joe Gomez,Liverpool,9,1,7,0,0,0,0,0,0.0,0.3,6.0,0.5,0,0,0,0,0,0.13,0.07,0.20,0.21
377,Konstantinos Tsimikas,Liverpool,1,0,0,0,0,0,0,0,0.0,0.0,0.0,0.0,0,0,0,0,0,0.00,0.00,0.00,0.00
377,Konstantinos Tsimikas,Liverpool,2,0,0,0,0,0,0,0,0.0,0.0,0.0,0.0,0,0,0,0,0,0.00,0.00,0.00,0.00
377,Konstantinos Tsimikas,Liverpool,3,0,0,0,0,0,0,0,0.0,0.0,0.0,0.0,0,0,0,0,0,0.00,0.00,0.00,0.00
377,Konstantinos Tsimikas,Liverpool,4,0,0,0,0,0,0,0,0.0,0.0,0.0,0.0,0,0,0,0,0,0.00,0.00,0.00,0.00
377,Konstantinos Tsimikas,Liverpool,5,0,0,0,0,0,0,0,0.0,0.0,0.0,0.0,0,0,0,0,0,0.00,0.00,0.00,0.00
377,Konstantinos Tsimikas,Liverpool,6,0,0,0,0,0,0,0,0.0,0.0,0.0,0.0,0,0,0,0,0,0.00,0.00,0.00,0.00
377,Konstantinos Tsimikas,Liverpool,7,0,0,0,0,0,0,0,0.0,0.0,0.0,0.0,0,0,0,0,0,0.00,0.00,0.00,0.00
377,Konstantinos Tsimikas,Liverpool,8,0,0,0,0,0,0,0,0.0,0.0,0.0,0.0,0,0,0,0,0,0.00,0.00,0.00,0.00
377,Konstantinos Tsimikas,Liverpool,9,0,0,0,0,0,0,0,0.0,0.0,0.0,0.0,0,0,0,0,0,0.00,0.00,0.00,0.00
378,Amara Nallo,Liverpool,1,0,0,0,0,0,0,0,0.0,0.0,0.0,0.0,0,0,0,0,0,0.00,0.00,0.00,0.00
378,Amara Nallo,Liverpool,2,0,0,0,0,0,0,0,0.0,0.0,0.0,0.0,0,0,0,0,0,0.00,0.00,0.00,0.00
378,Amara Nallo,Liverpool,3,0,0,0,0,0,0,0,0.0,0.0,0.0,0.0,0,0,0,0,0,0.00,0.00,0.00,0.00
378,Amara Nallo,Liverpool,4,0,0,0,0,0,0,0,0.0,0.0,0.0,0.0,0,0,0,0,0,0.00,0.00,0.00,0.00
378,Amara Nallo,Liverpool,5,0,0,0,0,0,0,0,0.0,0.0,0.0,0.0,0,0,0,0,0,0.00,0.00,0.00,0.00
378,Amara Nallo,Liverpool,6,0,0,0,0,0,0,0,0.0,0.0,0.0,0.0,0,0,0,0,0,0.00,0.00,0.00,0.00
378,Amara Nallo,Liverpool,7,0,0,0,0,0,0,0,0.0,0.0,0.0,0.0,0,0,0,0,0,0.00,0.00,0.00,0.00
378,Amara Nallo,Liverpool,8,0,0,0,0,0,0,0,0.0,0.0,0.0,0.0,0,0,0,0,0,0.00,0.00,0.00,0.00
378,Amara Nallo,Liverpool,9,0,0,0,0,0,0,0,0.0,0.0,0.0,0.0,0,0,0,0,0,0.00,0.00,0.00,0.00
379,Rhys Williams,Liverpool,1,0,0,0,0,0,0,0,0.0,0.0,0.0,0.0,0,0,0,0,0,0.00,0.00,0.00,0.00
379,Rhys Williams,Liverpool,2,0,0,0,0,0,0,0,0.0,0.0,0.0,0.0,0,0,0,0,0,0.00,0.00,0.00,0.00
379,Rhys Williams,Liverpool,3,0,0,0,0,0,0,0,0.0,0.0,0.0,0.0,0,0,0,0,0,0.00,0.00,0.00,0.00
379,Rhys Williams,Liverpool,4,0,0,0,0,0,0,0,0.0,0.0,0.0,0.0,0,0,0,0,0,0.00,0.00,0.00,0.00
379,Rhys Williams,Liverpool,5,0,0,0,0,0,0,0,0.0,0.0,0.0,0.0,0,0,0,0,0,0.00,0.00,0.00,0.00
379,Rhys Williams,Liverpool,6,0,0,0,0,0,0,0,0.0,0.0,0.0,0.0,0,0,0,0,0,0.00,0.00,0.00,0.00
379,Rhys Williams,Liverpool,7,0,0,0,0,0,0,0,0.0,0.0,0.0,0.0,0,0,0,0,0,0.00,0.00,0.00,0.00
379,Rhys Williams,Liverpool,8,0,0,0,0,0,0,0,0.0,0.0,0.0,0.0,0,0,0,0,0,0.00,0.00,0.00,0.00
379,Rhys Williams,Liverpool,9,0,0,0,0,0,0,0,0.0,0.0,0.0,0.0,0,0,0,0,0,0.00,0.00,0.00,0.00
380,Calvin Ramsay,Liverpool,1,0,0,0,0,0,0,0,0.0,0.0,0.0,0.0,0,0,0,0,0,0.00,0.00,0.00,0.00
380,Calvin Ramsay,Liverpool,2,0,0,0,0,0,0,0,0.0,0.0,0.0,0.0,0,0,0,0,0,0.00,0.00,0.00,0.00
380,Calvin Ramsay,Liverpool,3,0,0,0,0,0,0,0,0.0,0.0,0.0,0.0,0,0,0,0,0,0.00,0.00,0.00,0.00
380,Calvin Ramsay,Liverpool,4,0,0,0,0,0,0,0,0.0,0.0,0.0,0.0,0,0,0,0,0,0.00,0.00,0.00,0.00
380,Calvin Ramsay,Liverpool,5,0,0,0,0,0,0,0,0.0,0.0,0.0,0.0,0,0,0,0,0,0.00,0.00,0.00,0.00
380,Calvin Ramsay,Liverpool,6,0,0,0,0,0,0,0,0.0,0.0,0.0,0.0,0,0,0,0,0,0.00,0.00,0.00,0.00
380,Calvin Ramsay,Liverpool,7,0,0,0,0,0,0,0,0.0,0.0,0.0,0.0,0,0,0,0,0,0.00,0.00,0.00,0.00
380,Calvin Ramsay,Liverpool,8,0,0,0,0,0,0,0,0.0,0.0,0.0,0.0,0,0,0,0,0,0.00,0.00,0.00,0.00
380,Calvin Ramsay,Liverpool,9,0,0,0,0,0,0,0,0.0,0.0,0.0,0.0,0,0,0,0,0,0.00,0.00,0.00,0.00
381,Mohamed Salah,Liverpool,1,8,90,1,0,0,0,0,49.0,33.8,51.0,13.4,1,9,0,10,1,0.26,0.11,0.37,1.70
381,Mohamed Salah,Liverpool,2,5,90,0,1,0,0,0,21.0,28.3,6.0,5.5,1,1,0,2,1,0.00,0.21,0.21,0.93
381,Mohamed Salah,Liverpool,3,3,90,0,0,1,0,0,0.4,6.8,17.0,2.4,0,2,0,2,1,0.05,0.03,0.08,0.49
381,Mohamed Salah,Liverpool,4,9,90,1,0,1,0,0,35.0,20.6,27.0,8.3,0,3,0,3,1,0.79,0.15,0.94,0.13
381,Mohamed Salah,Liverpool,5,5,90,0,1,0,0,0,21.6,16.7,27.0,6.5,2,2,0,4,1,0.12,0.19,0.31,0.70
381,Mohamed Salah,Liverpool,6,2,90,0,0,0,0,0,4.6,28.4,31.0,6.4,0,3,0,3,1,0.49,0.04,0.53,2.92
381,Mohamed Salah,Liverpool,7,2,90,0,0,0,0,0,5.6,51.8,10.0,6.7,0,4,0,4,1,0.26,0.27,0.53,1.00
381,Mohamed Salah,Liverpool,8,2,84,0,0,0,0,0,9.4,50.3,42.0,10.2,0,1,0,1,1,0.41,0.14,0.55,0.91
381,Mohamed Salah,Liverpool,9,6,90,1,0,0,1,0,34.8,15.5,57.0,10.7,1,1,0,2,1,0.68,0.06,0.74,2.75
382,Florian Wirtz,Liverpool,1,2,81,0,0,0,0,0,12.0,45.0,12.0,6.9,1,6,2,9,1,0.14,0.28,0.42,1.70
382,Florian Wirtz,Liverpool,2,2,79,0,0,0,0,0,1.8,10.2,19.0,3.1,0,2,1,3,1,0.05,0.10,0.14,0.78
382,Florian Wirtz,Liverpool,3,3,88,0,0,1,0,0,14.8,12.6,23.0,5.0,2,4,2,8,1,0.18,0.06,0.24,0.40
382,Florian Wirtz,Liverpool,4,3,86,0,0,1,0,0,9.2,59.0,22.0,9.0,1,2,1,4,1,0.15,0.26,0.41,0.13
382,Florian Wirtz,Liverpool,5,0,29,0,0,0,1,0,1.4,11.3,4.0,1.7,0,0,0,0,0,0.00,0.03,0.03,0.04
382,Florian Wirtz,Liverpool,6,2,73,0,0,0,0,0,7.8,15.5,26.0,4.9,0,5,0,5,1,0.48,0.04,0.52,2.20
382,Florian Wirtz,Liverpool,7,1,45,0,0,0,0,0,8.2,12.3,4.0,2.5,1,2,2,5,0,0.00,0.10,0.10,0.89
382,Florian Wirtz,Liverpool,8,1,28,0,0,0,0,0,9.2,33.0,12.0,5.4,0,2,1,3,0,0.00,0.10,0.10,0.64
382,Florian Wirtz,Liverpool,9,2,82,0,0,0,0,0,6.2,18.1,8.0,3.2,1,4,1,6,1,0.18,0.13,0.31,2.54
383,Luis Díaz Marulanda,Liverpool,1,0,0,0,0,0,0,0,0.0,0.0,0.0,0.0,0,0,0,0,0,0.00,0.00,0.00,0.00
383,Luis Díaz Marulanda,Liverpool,2,0,0,0,0,0,0,0,0.0,0.0,0.0,0.0,0,0,0,0,0,0.00,0.00,0.00,0.00
383,Luis Díaz Marulanda,Liverpool,3,0,0,0,0,0,0,0,0.0,0.0,0.0,0.0,0,0,0,0,0,0.00,0.00,0.00,0.00
383,Luis Díaz Marulanda,Liverpool,4,0,0,0,0,0,0,0,0.0,0.0,0.0,0.0,0,0,0,0,0,0.00,0.00,0.00,0.00
383,Luis Díaz Marulanda,Liverpool,5,0,0,0,0,0,0,0,0.0,0.0,0.0,0.0,0,0,0,0,0,0.00,0.00,0.00,0.00
383,Luis Díaz Marulanda,Liverpool,6,0,0,0,0,0,0,0,0.0,0.0,0.0,0.0,0,0,0,0,0,0.00,0.00,0.00,0.00
383,Luis Díaz Marulanda,Liverpool,7,0,0,0,0,0,0,0,0.0,0.0,0.0,0.0,0,0,0,0,0,0.00,0.00,0.00,0.00
383,Luis Díaz Marulanda,Liverpool,8,0,0,0,0,0,0,0,0.0,0.0,0.0,0.0,0,0,0,0,0,0.00,0.00,0.00,0.00
383,Luis Díaz Marulanda,Liverpool,9,0,0,0,0,0,0,0,0.0,0.0,0.0,0.0,0,0,0,0,0,0.00,0.00,0.00,0.00
384,Cody Gakpo,Liverpool,1,7,90,1,0,0,0,0,48.2,39.6,46.0,13.4,1,6,1,8,1,0.20,0.44,0.64,1.70
384,Cody Gakpo,Liverpool,2,10,90,0,2,0,0,0,39.4,22.3,8.0,7.0,2,4,3,9,1,0.06,0.07,0.13,0.93
384,Cody Gakpo,Liverpool,3,3,90,0,0,1,0,0,11.4,13.9,22.0,4.7,2,2,1,5,1,0.05,0.01,0.06,0.49
384,Cody Gakpo,Liverpool,4,3,90,0,0,1,0,0,4.2,35.8,32.0,7.2,1,0,0,1,1,0.21,0.32,0.53,0.13
384,Cody Gakpo,Liverpool,5,2,60,0,0,0,0,0,9.2,25.8,10.0,4.5,4,2,1,7,1,0.08,0.10,0.18,0.66
384,Cody Gakpo,Liverpool,6,1,45,0,0,0,0,0,0.0,12.9,16.0,2.9,0,0,0,0,0,0.15,0.02,0.17,0.85
384,Cody Gakpo,Liverpool,7,7,90,1,0,0,0,0,43.2,38.4,47.0,12.9,2,8,0,10,1,0.55,0.38,0.93,1.00
384,Cody Gakpo,Liverpool,8,7,90,1,0,0,0,0,31.4,45.1,62.0,13.9,0,2,0,2,1,1.47,0.09,1.56,1.34
384,Cody Gakpo,Liverpool,9,2,60,0,0,0,0,0,3.6,33.1,3.0,4.0,0,1,0,1,1,0.04,0.48,0.52,2.37
385,Federico Chiesa,Liverpool,1,6,8,1,0,0,0,0,35.2,0.3,17.0,5.3,0,0,1,1,0,0.16,0.00,0.16,0.00
385,Federico Chiesa,Liverpool,2,1,10,0,0,0,0,0,1.2,0.3,0.0,0.2,1,0,0,1,0,0.00,0.00,0.00,0.16
385,Federico Chiesa,Liverpool,3,1,11,0,0,0,0,0,0.2,0.1,2.0,0.2,0,0,0,0,0,0.12,0.00,0.12,0.09
385,Federico Chiesa,Liverpool,4,1,18,0,0,0,0,0,0.0,0.6,8.0,0.7,0,0,0,0,0,0.08,0.03,0.11,0.01
385,Federico Chiesa,Liverpool,5,0,0,0,0,0,0,0,0.0,0.0,0.0,0.0,0,0,0,0,0,0.00,0.00,0.00,0.00
385,Federico Chiesa,Liverpool,6,5,16,1,0,0,1,0,30.2,3.3,18.0,5.2,1,0,0,1,0,0.29,0.00,0.29,0.72
385,Federico Chiesa,Liverpool,7,0,0,0,0,0,0,0,0.0,0.0,0.0,0.0,0,0,0,0,0,0.00,0.00,0.00,0.00
385,Federico Chiesa,Liverpool,8,4,18,0,1,0,0,0,24.6,11.1,8.0,4.4,1,0,2,3,0,0.07,0.03,0.10,0.59
385,Federico Chiesa,Liverpool,9,1,29,0,0,0,0,0,6.6,1.0,9.0,1.7,1,1,2,4,0,0.08,0.01,0.09,0.39
386,Alexis Mac Allister,Liverpool,1,5,71,0,1,0,0,0,27.4,15.2,11.0,5.4,1,2,3,6,1,0.03,0.02,0.05,1.49
386,Alexis Mac Allister,Liverpool,2,0,0,0,0,0,0,0,0.0,0.0,0.0,0.0,0,0,0,0,0,0.00,0.00,0.00,0.00
386,Alexis Mac Allister,Liverpool,3,3,60,0,0,1,0,0,6.2,21.5,5.0,3.3,2,7,0,9,1,0.05,0.05,0.10,0.31
386,Alexis Mac Allister,Liverpool,4,1,45,0,0,0,0,0,3.4,4.7,0.0,0.8,0,2,1,3,1,0.00,0.03,0.03,0.12
386,Alexis Mac Allister,Liverpool,5,2,60,0,0,0,0,0,4.6,3.8,5.0,1.3,1,5,1,7,1,0.10,0.05,0.15,0.66
386,Alexis Mac Allister,Liverpool,6,2,64,0,0,0,0,0,6.8,13.5,2.0,2.2,2,2,0,4,1,0.04,0.04,0.08,2.07
386,Alexis Mac Allister,Liverpool,7,2,85,0,0,0,0,0,9.8,13.9,2.0,2.6,2,4,2,8,1,0.03,0.02,0.05,0.27
386,Alexis Mac Allister,Liverpool,8,2,61,0,0,0,0,0,2.4,2.0,11.0,1.5,0,1,0,1,1,0.09,0.02,0.11,0.70
386,Alexis Mac Allister,Liverpool,9,1,28,0,0,0,0,0,10.0,19.0,5.0,3.4,2,2,1,5,0,0.17,0.06,0.23,0.39
387,Dominik Szoboszlai,Liverpool,1,2,90,0,0,0,0,0,14.0,29.8,24.0,6.8,2,5,4,11,1,0.10,0.09,0.19,1.70
387,Dominik Szoboszlai,Liverpool,2,2,90,0,0,0,0,0,9.6,2.4,2.0,1.4,4,4,1,9,1,0.00,0.01,0.01,0.93
387,Dominik Szoboszlai,Liverpool,3,13,90,1,0,1,0,0,56.0,17.0,7.0,8.0,7,5,2,14,1,0.03,0.02,0.05,0.49
387,Dominik Szoboszlai,Liverpool,4,3,90,0,0,1,0,0,12.6,11.9,22.0,4.7,4,4,1,9,1,0.21,0.07,0.28,0.13
387,Dominik Szoboszlai,Liverpool,5,1,90,0,0,0,1,0,11.4,22.4,14.0,4.8,2,7,1,10,1,0.07,0.03,0.10,0.70
387,Dominik Szoboszlai,Liverpool,6,5,90,0,0,0,0,0,25.8,73.5,9.0,10.8,5,11,0,16,1,0.03,0.42,0.45,2.92
387,Dominik Szoboszlai,Liverpool,7,1,90,0,0,0,1,0,12.0,6.8,10.0,2.9,3,3,4,10,1,0.56,0.03,0.59,1.00
387,Dominik Szoboszlai,Liverpool,8,4,90,0,0,0,0,0,23.6,45.1,0.0,6.9,3,7,2,12,1,0.00,0.11,0.11,1.34
387,Dominik Szoboszlai,Liverpool,9,10,90,0,1,0,0,0,59.4,43.0,13.0,11.5,6,10,6,22,1,0.03,0.23,0.26,2.75
388,Curtis Jones,Liverpool,1,1,18,0,0,0,0,0,3.2,10.9,0.0,1.4,0,1,0,1,0,0.00,0.04,0.04,0.21
388,Curtis Jones,Liverpool,2,2,90,0,0,0,0,0,12.4,7.8,0.0,2.0,0,6,4,10,1,0.00,0.02,0.02,0.93
388,Curtis Jones,Liverpool,3,4,29,0,1,0,0,0,5.6,11.6,0.0,1.7,1,2,0,3,0,0.00,0.02,0.02,0.18
388,Curtis Jones,Liverpool,4,0,0,0,0,0,0,0,0.0,0.0,0.0,0.0,0,0,0,0,0,0.00,0.00,0.00,0.00
388,Curtis Jones,Liverpool,5,1,29,0,0,0,0,0,9.2,4.7,0.0,1.4,2,3,2,7,0,0.00,0.04,0.04,0.04
388,Curtis Jones,Liverpool,6,1,25,0,0,0,0,0,4.8,17.1,1.0,2.3,0,1,0,1,0,0.04,0.26,0.30,0.85
388,Curtis Jones,Liverpool,7,1,34,0,0,0,0,0,1.8,1.2,4.0,0.7,1,1,0,2,0,0.17,0.01,0.18,0.86
388,Curtis Jones,Liverpool,8,1,28,0,0,0,0,0,6.4,6.2,19.0,3.2,1,4,0,5,0,0.07,0.51,0.58,0.64
388,Curtis Jones,Liverpool,9,2,69,0,0,0,0,0,15.4,6.8,9.0,3.1,1,9,1,11,1,0.04,0.05,0.09,2.54
390,Ryan Gravenberch,Liverpool,1,0,0,0,0,0,0,0,0.0,0.0,0.0,0.0,0,0,0,0,0,0.00,0.00,0.00,0.00
390,Ryan Gravenberch,Liverpool,2,7,90,1,0,0,1,0,40.6,6.3,7.0,5.4,3,4,1,8,1,0.02,0.01,0.03,0.93
390,Ryan Gravenberch,Liverpool,3,2,90,0,0,1,1,0,6.2,15.3,1.0,2.3,1,7,1,9,1,0.02,0.01,0.03,0.49
390,Ryan Gravenberch,Liverpool,4,3,90,0,0,1,0,0,21.2,51.8,12.0,8.5,2,3,1,6,1,0.12,0.11,0.23,0.13
390,Ryan Gravenberch,Liverpool,5,15,90,1,1,0,0,0,67.4,18.5,17.0,10.3,2,7,5,14,1,0.13,0.19,0.32,0.70
390,Ryan Gravenberch,Liverpool,6,8,90,0,1,0,0,0,21.2,5.8,8.0,3.5,7,3,1,11,1,0.08,0.04,0.12,2.92
390,Ryan Gravenberch,Liverpool,7,2,90,0,0,0,0,0,12.8,1.3,7.0,2.1,3,4,1,8,1,0.03,0.01,0.04,1.00
390,Ryan Gravenberch,Liverpool,8,2,61,0,0,0,0,0,8.6,5.8,0.0,1.4,1,0,3,4,1,0.00,0.02,0.02,0.70
390,Ryan Gravenberch,Liverpool,9,0,0,0,0,0,0,0,0.0,0.0,0.0,0.0,0,0,0,0,0,0.00,0.00,0.00,0.00
392,Endo Wataru,Liverpool,1,4,30,0,1,0,0,0,24.6,10.7,0.0,3.5,1,0,2,3,0,0.00,0.00,0.00,0.89
392,Endo Wataru,Liverpool,2,1,1,0,0,0,0,0,0.0,0.0,0.0,0.0,0,0,0,0,0,0.00,0.00,0.00,0.00
392,Endo Wataru,Liverpool,3,0,1,0,0,0,1,0,0.0,0.0,0.0,0.0,1,0,0,1,0,0.00,0.00,0.00,0.09
392,Endo Wataru,Liverpool,4,0,0,0,0,0,0,0,0.0,0.0,0.0,0.0,0,0,0,0,0,0.00,0.00,0.00,0.00
392,Endo Wataru,Liverpool,5,0,0,0,0,0,0,0,0.0,0.0,0.0,0.0,0,0,0,0,0,0.00,0.00,0.00,0.00
392,Endo Wataru,Liverpool,6,0,0,0,0,0,0,0,0.0,0.0,0.0,0.0,0,0,0,0,0,0.00,0.00,0.00,0.00
392,Endo Wataru,Liverpool,7,1,4,0,0,0,0,0,4.2,0.2,0.0,0.4,1,0,1,2,0,0.00,0.00,0.00,0.73
392,Endo Wataru,Liverpool,8,0,0,0,0,0,0,0,0.0,0.0,0.0,0.0,0,0,0,0,0,0.00,0.00,0.00,0.00
392,Endo Wataru,Liverpool,9,0,0,0,0,0,0,0,0.0,0.0,0.0,0.0,0,0,0,0,0,0.00,0.00,0.00,0.00
393,Stefan Bajčetić Maquieira,Liverpool,1,0,0,0,0,0,0,0,0.0,0.0,0.0,0.0,0,0,0,0,0,0.00,0.00,0.00,0.00
393,Stefan Bajčetić Maquieira,Liverpool,2,0,0,0,0,0,0,0,0.0,0.0,0.0,0.0,0,0,0,0,0,0.00,0.00,0.00,0.00
393,Stefan Bajčetić Maquieira,Liverpool,3,0,0,0,0,0,0,0,0.0,0.0,0.0,0.0,0,0,0,0,0,0.00,0.00,0.00,0.00
393,Stefan Bajčetić Maquieira,Liverpool,4,0,0,0,0,0,0,0,0.0,0.0,0.0,0.0,0,0,0,0,0,0.00,0.00,0.00,0.00
393,Stefan Bajčetić Maquieira,Liverpool,5,0,0,0,0,0,0,0,0.0,0.0,0.0,0.0,0,0,0,0,0,0.00,0.00,0.00,0.00
393,Stefan Bajčetić Maquieira,Liverpool,6,0,0,0,0,0,0,0,0.0,0.0,0.0,0.0,0,0,0,0,0,0.00,0.00,0.00,0.00
393,Stefan Bajčetić Maquieira,Liverpool,7,0,0,0,0,0,0,0,0.0,0.0,0.0,0.0,0,0,0,0,0,0.00,0.00,0.00,0.00
393,Stefan Bajčetić Maquieira,Liverpool,8,0,0,0,0,0,0,0,0.0,0.0,0.0,0.0,0,0,0,0,0,0.00,0.00,0.00,0.00
393,Stefan Bajčetić Maquieira,Liverpool,9,0,0,0,0,0,0,0,0.0,0.0,0.0,0.0,0,0,0,0,0,0.00,0.00,0.00,0.00
394,James McConnell,Liverpool,1,0,0,0,0,0,0,0,0.0,0.0,0.0,0.0,0,0,0,0,0,0.00,0.00,0.00,0.00
394,James McConnell,Liverpool,2,0,0,0,0,0,0,0,0.0,0.0,0.0,0.0,0,0,0,0,0,0.00,0.00,0.00,0.00
394,James McConnell,Liverpool,3,0,0,0,0,0,0,0,0.0,0.0,0.0,0.0,0,0,0,0,0,0.00,0.00,0.00,0.00
394,James McConnell,Liverpool,4,0,0,0,0,0,0,0,0.0,0.0,0.0,0.0,0,0,0,0,0,0.00,0.00,0.00,0.00
394,James McConnell,Liverpool,5,0,0,0,0,0,0,0,0.0,0.0,0.0,0.0,0,0,0,0,0,0.00,0.00,0.00,0.00
394,James McConnell,Liverpool,6,0,0,0,0,0,0,0,0.0,0.0,0.0,0.0,0,0,0,0,0,0.00,0.00,0.00,0.00
394,James McConnell,Liverpool,7,0,0,0,0,0,0,0,0.0,0.0,0.0,0.0,0,0,0,0,0,0.00,0.00,0.00,0.00
394,James McConnell,Liverpool,8,0,0,0,0,0,0,0,0.0,0.0,0.0,0.0,0,0,0,0,0,0.00,0.00,0.00,0.00
394,James McConnell,Liverpool,9,0,0,0,0,0,0,0,0.0,0.0,0.0,0.0,0,0,0,0,0,0.00,0.00,0.00,0.00
395,Tyler Morton,Liverpool,1,0,0,0,0,0,0,0,0.0,0.0,0.0,0.0,0,0,0,0,0,0.00,0.00,0.00,0.00
395,Tyler Morton,Liverpool,2,0,0,0,0,0,0,0,0.0,0.0,0.0,0.0,0,0,0,0,0,0.00,0.00,0.00,0.00
395,Tyler Morton,Liverpool,3,0,0,0,0,0,0,0,0.0,0.0,0.0,0.0,0,0,0,0,0,0.00,0.00,0.00,0.00
395,Tyler Morton,Liverpool,4,0,0,0,0,0,0,0,0.0,0.0,0.0,0.0,0,0,0,0,0,0.00,0.00,0.00,0.00
395,Tyler Morton,Liverpool,5,0,0,0,0,0,0,0,0.0,0.0,0.0,0.0,0,0,0,0,0,0.00,0.00,0.00,0.00
395,Tyler Morton,Liverpool,6,0,0,0,0,0,0,0,0.0,0.0,0.0,0.0,0,0,0,0,0,0.00,0.00,0.00,0.00
395,Tyler Morton,Liverpool,7,0,0,0,0,0,0,0,0.0,0.0,0.0,0.0,0,0,0,0,0,0.00,0.00,0.00,0.00
395,Tyler Morton,Liverpool,8,0,0,0,0,0,0,0,0.0,0.0,0.0,0.0,0,0,0,0,0,0.00,0.00,0.00,0.00
395,Tyler Morton,Liverpool,9,0,0,0,0,0,0,0,0.0,0.0,0.0,0.0,0,0,0,0,0,0.00,0.00,0.00,0.00
396,Trey Nyoni,Liverpool,1,0,0,0,0,0,0,0,0.0,0.0,0.0,0.0,0,0,0,0,0,0.00,0.00,0.00,0.00
396,Trey Nyoni,Liverpool,2,0,0,0,0,0,0,0,0.0,0.0,0.0,0.0,0,0,0,0,0,0.00,0.00,0.00,0.00
396,Trey Nyoni,Liverpool,3,0,0,0,0,0,0,0,0.0,0.0,0.0,0.0,0,0,0,0,0,0.00,0.00,0.00,0.00
396,Trey Nyoni,Liverpool,4,0,0,0,0,0,0,0,0.0,0.0,0.0,0.0,0,0,0,0,0,0.00,0.00,0.00,0.00
396,Trey Nyoni,Liverpool,5,0,0,0,0,0,0,0,0.0,0.0,0.0,0.0,0,0,0,0,0,0.00,0.00,0.00,0.00
396,Trey Nyoni,Liverpool,6,0,0,0,0,0,0,0,0.0,0.0,0.0,0.0,0,0,0,0,0,0.00,0.00,0.00,0.00
396,Trey Nyoni,Liverpool,7,0,0,0,0,0,0,0,0.0,0.0,0.0,0.0,0,0,0,0,0,0.00,0.00,0.00,0.00
396,Trey Nyoni,Liverpool,8,0,0,0,0,0,0,0,0.0,0.0,0.0,0.0,0,0,0,0,0,0.00,0.00,0.00,0.00
396,Trey Nyoni,Liverpool,9,0,0,0,0,0,0,0,0.0,0.0,0.0,0.0,0,0,0,0,0,0.00,0.00,0.00,0.00
397,Darwin Núñez Ribeiro,Liverpool,1,0,0,0,0,0,0,0,0.0,0.0,0.0,0.0,0,0,0,0,0,0.00,0.00,0.00,0.00
397,Darwin Núñez Ribeiro,Liverpool,2,0,0,0,0,0,0,0,0.0,0.0,0.0,0.0,0,0,0,0,0,0.00,0.00,0.00,0.00
397,Darwin Núñez Ribeiro,Liverpool,3,0,0,0,0,0,0,0,0.0,0.0,0.0,0.0,0,0,0,0,0,0.00,0.00,0.00,0.00
397,Darwin Núñez Ribeiro,Liverpool,4,0,0,0,0,0,0,0,0.0,0.0,0.0,0.0,0,0,0,0,0,0.00,0.00,0.00,0.00
397,Darwin Núñez Ribeiro,Liverpool,5,0,0,0,0,0,0,0,0.0,0.0,0.0,0.0,0,0,0,0,0,0.00,0.00,0.00,0.00
397,Darwin Núñez Ribeiro,Liverpool,6,0,0,0,0,0,0,0,0.0,0.0,0.0,0.0,0,0,0,0,0,0.00,0.00,0.00,0.00
397,Darwin Núñez Ribeiro,Liverpool,7,0,0,0,0,0,0,0,0.0,0.0,0.0,0.0,0,0,0,0,0,0.00,0.00,0.00,0.00
397,Darwin Núñez Ribeiro,Liverpool,8,0,0,0,0,0,0,0,0.0,0.0,0.0,0.0,0,0,0,0,0,0.00,0.00,0.00,0.00
397,Darwin Núñez Ribeiro,Liverpool,9,0,0,0,0,0,0,0,0.0,0.0,0.0,0.0,0,0,0,0,0,0.00,0.00,0.00,0.00
398,Jayden Danns,Liverpool,1,0,0,0,0,0,0,0,0.0,0.0,0.0,0.0,0,0,0,0,0,0.00,0.00,0.00,0.00
398,Jayden Danns,Liverpool,2,0,0,0,0,0,0,0,0.0,0.0,0.0,0.0,0,0,0,0,0,0.00,0.00,0.00,0.00
398,Jayden Danns,Liverpool,3,0,0,0,0,0,0,0,0.0,0.0,0.0,0.0,0,0,0,0,0,0.00,0.00,0.00,0.00
398,Jayden Danns,Liverpool,4,0,0,0,0,0,0,0,0.0,0.0,0.0,0.0,0,0,0,0,0,0.00,0.00,0.00,0.00
398,Jayden Danns,Liverpool,5,0,0,0,0,0,0,0,0.0,0.0,0.0,0.0,0,0,0,0,0,0.00,0.00,0.00,0.00
398,Jayden Danns,Liverpool,6,0,0,0,0,0,0,0,0.0,0.0,0.0,0.0,0,0,0,0,0,0.00,0.00,0.00,0.00
398,Jayden Danns,Liverpool,7,0,0,0,0,0,0,0,0.0,0.0,0.0,0.0,0,0,0,0,0,0.00,0.00,0.00,0.00
398,Jayden Danns,Liverpool,8,0,0,0,0,0,0,0,0.0,0.0,0.0,0.0,0,0,0,0,0,0.00,0.00,0.00,0.00
398,Jayden Danns,Liverpool,9,0,0,0,0,0,0,0,0.0,0.0,0.0,0.0,0,0,0,0,0,0.00,0.00,0.00,0.00
499,Alexander Isak,Liverpool,1,0,0,0,0,0,0,0,0.0,0.0,0.0,0.0,0,0,0,0,0,0.00,0.00,0.00,0.00
499,Alexander Isak,Liverpool,2,0,0,0,0,0,0,0,0.0,0.0,0.0,0.0,0,0,0,0,0,0.00,0.00,0.00,0.00
499,Alexander Isak,Liverpool,3,0,0,0,0,0,0,0,0.0,0.0,0.0,0.0,0,0,0,0,0,0.00,0.00,0.00,0.00
499,Alexander Isak,Liverpool,4,0,0,0,0,0,0,0,0.0,0.0,0.0,0.0,0,0,0,0,0,0.00,0.00,0.00,0.00
499,Alexander Isak,Liverpool,5,1,23,0,0,0,0,0,2.4,0.3,4.0,0.7,0,2,1,3,0,0.00,0.01,0.01,0.04
499,Alexander Isak,Liverpool,6,2,83,0,0,0,0,0,0.0,1.2,15.0,0.9,0,4,0,4,1,0.43,0.00,0.43,2.36
499,Alexander Isak,Liverpool,7,5,73,0,1,0,0,0,16.8,17.9,6.0,4.1,0,1,1,2,1,0.18,0.01,0.19,0.18
499,Alexander Isak,Liverpool,8,2,71,0,0,0,0,0,2.6,2.1,25.0,3.0,1,1,0,2,1,0.33,0.01,0.34,0.74
499,Alexander Isak,Liverpool,9,0,0,0,0,0,0,0,0.0,0.0,0.0,0.0,0,0,0,0,0,0.00,0.00,0.00,0.00
661,Hugo Ekitiké,Liverpool,1,11,71,1,1,0,0,0,52.8,24.4,37.0,11.4,1,0,0,1,1,1.14,0.02,1.16,1.49
661,Hugo Ekitiké,Liverpool,2,9,79,1,0,0,0,0,39.8,22.4,23.0,8.5,3,2,0,5,1,0.21,0.06,0.27,0.78
661,Hugo Ekitiké,Liverpool,3,2,78,0,0,1,0,0,0.2,0.3,2.0,0.3,0,1,1,2,1,0.00,0.00,0.00,0.40
661,Hugo Ekitiké,Liverpool,4,2,71,0,0,1,0,0,2.6,2.7,10.0,1.5,1,3,0,4,1,0.10,0.06,0.16,0.12
661,Hugo Ekitiké,Liverpool,5,8,66,1,0,0,0,0,52.4,2.0,23.0,7.7,5,4,2,11,1,0.32,0.06,0.38,0.66
661,Hugo Ekitiké,Liverpool,6,0,0,0,0,0,0,0,0.0,0.0,0.0,0.0,0,0,0,0,0,0.00,0.00,0.00,0.00
661,Hugo Ekitiké,Liverpool,7,1,16,0,0,0,0,0,3.6,0.7,5.0,0.9,1,1,1,3,0,0.14,0.02,0.16,0.83
661,Hugo Ekitiké,Liverpool,8,1,28,0,0,0,0,0,0.0,1.9,11.0,0.9,0,0,0,0,0,0.07,0.00,0.07,0.64
661,Hugo Ekitiké,Liverpool,9,2,90,0,0,0,0,0,3.2,12.3,17.0,3.3,4,1,0,5,1,0.35,0.01,0.36,2.75
686,Rio Ngumoha,Liverpool,1,0,0,0,0,0,0,0,0.0,0.0,0.0,0.0,0,0,0,0,0,0.00,0.00,0.00,0.00
686,Rio Ngumoha,Liverpool,2,6,1,1,0,0,0,0,34.0,0.1,17.0,5.1,0,0,0,0,0,0.37,0.00,0.37,0.00
686,Rio Ngumoha,Liverpool,3,0,0,0,0,0,0,0,0.0,0.0,0.0,0.0,0,0,0,0,0,0.00,0.00,0.00,0.00
686,Rio Ngumoha,Liverpool,4,1,3,0,0,0,0,0,2.2,11.3,6.0,2.0,0,0,0,0,0,0.00,0.10,0.10,0.00
686,Rio Ngumoha,Liverpool,5,0,0,0,0,0,0,0,0.0,0.0,0.0,0.0,0,0,0,0,0,0.00,0.00,0.00,0.00
686,Rio Ngumoha,Liverpool,6,1,6,0,0,0,0,0,2.0,0.5,0.0,0.3,0,0,1,1,0,0.00,0.00,0.00,0.56
686,Rio Ngumoha,Liverpool,7,0,0,0,0,0,0,0,0.0,0.0,0.0,0.0,0,0,0,0,0,0.00,0.00,0.00,0.00
686,Rio Ngumoha,Liverpool,8,0,0,0,0,0,0,0,0.0,0.0,0.0,0.0,0,0,0,0,0,0.00,0.00,0.00,0.00
686,Rio Ngumoha,Liverpool,9,1,20,0,0,0,0,0,1.0,10.8,2.0,1.4,0,0,0,0,0,0.00,0.01,0.01,0.21
692,Giovanni Leoni,Liverpool,2,0,0,0,0,0,0,0,0.0,0.0,0.0,0.0,0,0,0,0,0,0.00,0.00,0.00,0.00
692,Giovanni Leoni,Liverpool,3,0,0,0,0,0,0,0,0.0,0.0,0.0,0.0,0,0,0,0,0,0.00,0.00,0.00,0.00
692,Giovanni Leoni,Liverpool,4,0,0,0,0,0,0,0,0.0,0.0,0.0,0.0,0,0,0,0,0,0.00,0.00,0.00,0.00
692,Giovanni Leoni,Liverpool,5,0,0,0,0,0,0,0,0.0,0.0,0.0,0.0,0,0,0,0,0,0.00,0.00,0.00,0.00
692,Giovanni Leoni,Liverpool,6,0,0,0,0,0,0,0,0.0,0.0,0.0,0.0,0,0,0,0,0,0.00,0.00,0.00,0.00
692,Giovanni Leoni,Liverpool,7,0,0,0,0,0,0,0,0.0,0.0,0.0,0.0,0,0,0,0,0,0.00,0.00,0.00,0.00
692,Giovanni Leoni,Liverpool,8,0,0,0,0,0,0,0,0.0,0.0,0.0,0.0,0,0,0,0,0,0.00,0.00,0.00,0.00
692,Giovanni Leoni,Liverpool,9,0,0,0,0,0,0,0,0.0,0.0,0.0,0.0,0,0,0,0,0,0.00,0.00,0.00,0.00
746,Kieran Morrison,Liverpool,9,0,0,0,0,0,0,0,0.0,0.0,0.0,0.0,0,0,0,0,0,0.00,0.00,0.00,0.00
182,James Trafford,Man City,1,7,90,0,0,1,0,0,28.8,0.0,0.0,2.9,2,10,0,0,1,0.00,0.00,0.00,0.56
182,James Trafford,Man City,2,2,90,0,0,0,0,0,30.8,0.0,0.0,3.1,3,10,2,0,1,0.00,0.00,0.00,1.11
182,James Trafford,Man City,3,2,90,0,0,0,0,0,40.6,0.0,0.0,4.1,1,13,0,0,1,0.00,0.00,0.00,2.30
182,James Trafford,Man City,4,0,0,0,0,0,0,0,0.0,0.0,0.0,0.0,0,0,0,0,0,0.00,0.00,0.00,0.00
182,James Trafford,Man City,5,0,0,0,0,0,0,0,0.0,0.0,0.0,0.0,0,0,0,0,0,0.00,0.00,0.00,0.00
182,James Trafford,Man City,6,0,0,0,0,0,0,0,0.0,0.0,0.0,0.0,0,0,0,0,0,0.00,0.00,0.00,0.00
182,James Trafford,Man City,7,0,0,0,0,0,0,0,0.0,0.0,0.0,0.0,0,0,0,0,0,0.00,0.00,0.00,0.00
182,James Trafford,Man City,8,0,0,0,0,0,0,0,0.0,0.0,0.0,0.0,0,0,0,0,0,0.00,0.00,0.00,0.00
182,James Trafford,Man City,9,0,0,0,0,0,0,0,0.0,0.0,0.0,0.0,0,0,0,0,0,0.00,0.00,0.00,0.00
399,Ederson Santana de Moraes,Man City,1,0,0,0,0,0,0,0,0.0,0.0,0.0,0.0,0,0,0,0,0,0.00,0.00,0.00,0.00
399,Ederson Santana de Moraes,Man City,2,0,0,0,0,0,0,0,0.0,0.0,0.0,0.0,0,0,0,0,0,0.00,0.00,0.00,0.00
399,Ederson Santana de Moraes,Man City,3,0,0,0,0,0,0,0,0.0,0.0,0.0,0.0,0,0,0,0,0,0.00,0.00,0.00,0.00
399,Ederson Santana de Moraes,Man City,4,0,0,0,0,0,0,0,0.0,0.0,0.0,0.0,0,0,0,0,0,0.00,0.00,0.00,0.00
399,Ederson Santana de Moraes,Man City,5,0,0,0,0,0,0,0,0.0,0.0,0.0,0.0,0,0,0,0,0,0.00,0.00,0.00,0.00
399,Ederson Santana de Moraes,Man City,6,0,0,0,0,0,0,0,0.0,0.0,0.0,0.0,0,0,0,0,0,0.00,0.00,0.00,0.00
399,Ederson Santana de Moraes,Man City,7,0,0,0,0,0,0,0,0.0,0.0,0.0,0.0,0,0,0,0,0,0.00,0.00,0.00,0.00
399,Ederson Santana de Moraes,Man City,8,0,0,0,0,0,0,0,0.0,0.0,0.0,0.0,0,0,0,0,0,0.00,0.00,0.00,0.00
399,Ederson Santana de Moraes,Man City,9,0,0,0,0,0,0,0,0.0,0.0,0.0,0.0,0,0,0,0,0,0.00,0.00,0.00,0.00
400,Stefan Ortega Moreno,Man City,1,0,0,0,0,0,0,0,0.0,0.0,0.0,0.0,0,0,0,0,0,0.00,0.00,0.00,0.00
400,Stefan Ortega Moreno,Man City,2,0,0,0,0,0,0,0,0.0,0.0,0.0,0.0,0,0,0,0,0,0.00,0.00,0.00,0.00
400,Stefan Ortega Moreno,Man City,3,0,0,0,0,0,0,0,0.0,0.0,0.0,0.0,0,0,0,0,0,0.00,0.00,0.00,0.00
400,Stefan Ortega Moreno,Man City,4,0,0,0,0,0,0,0,0.0,0.0,0.0,0.0,0,0,0,0,0,0.00,0.00,0.00,0.00
400,Stefan Ortega Moreno,Man City,5,0,0,0,0,0,0,0,0.0,0.0,0.0,0.0,0,0,0,0,0,0.00,0.00,0.00,0.00
400,Stefan Ortega Moreno,Man City,6,0,0,0,0,0,0,0,0.0,0.0,0.0,0.0,0,0,0,0,0,0.00,0.00,0.00,0.00
400,Stefan Ortega Moreno,Man City,7,0,0,0,0,0,0,0,0.0,0.0,0.0,0.0,0,0,0,0,0,0.00,0.00,0.00,0.00
400,Stefan Ortega Moreno,Man City,8,0,0,0,0,0,0,0,0.0,0.0,0.0,0.0,0,0,0,0,0,0.00,0.00,0.00,0.00
400,Stefan Ortega Moreno,Man City,9,0,0,0,0,0,0,0,0.0,0.0,0.0,0.0,0,0,0,0,0,0.00,0.00,0.00,0.00
401,Marcus Bettinelli,Man City,1,0,0,0,0,0,0,0,0.0,0.0,0.0,0.0,0,0,0,0,0,0.00,0.00,0.00,0.00
401,Marcus Bettinelli,Man City,2,0,0,0,0,0,0,0,0.0,0.0,0.0,0.0,0,0,0,0,0,0.00,0.00,0.00,0.00
401,Marcus Bettinelli,Man City,3,0,0,0,0,0,0,0,0.0,0.0,0.0,0.0,0,0,0,0,0,0.00,0.00,0.00,0.00
401,Marcus Bettinelli,Man City,4,0,0,0,0,0,0,0,0.0,0.0,0.0,0.0,0,0,0,0,0,0.00,0.00,0.00,0.00
401,Marcus Bettinelli,Man City,5,0,0,0,0,0,0,0,0.0,0.0,0.0,0.0,0,0,0,0,0,0.00,0.00,0.00,0.00
401,Marcus Bettinelli,Man City,6,0,0,0,0,0,0,0,0.0,0.0,0.0,0.0,0,0,0,0,0,0.00,0.00,0.00,0.00
401,Marcus Bettinelli,Man City,7,0,0,0,0,0,0,0,0.0,0.0,0.0,0.0,0,0,0,0,0,0.00,0.00,0.00,0.00
401,Marcus Bettinelli,Man City,8,0,0,0,0,0,0,0,0.0,0.0,0.0,0.0,0,0,0,0,0,0.00,0.00,0.00,0.00
401,Marcus Bettinelli,Man City,9,0,0,0,0,0,0,0,0.0,0.0,0.0,0.0,0,0,0,0,0,0.00,0.00,0.00,0.00
402,Rayan Aït-Nouri,Man City,1,9,90,0,0,1,0,0,30.4,13.5,3.0,4.7,9,3,6,15,1,0.04,0.02,0.06,0.56
402,Rayan Aït-Nouri,Man City,2,1,22,0,0,0,0,0,0.0,0.4,0.0,0.0,0,2,0,0,1,0.00,0.00,0.00,0.08
402,Rayan Aït-Nouri,Man City,3,0,90,0,0,0,1,0,12.6,12.8,4.0,2.9,5,3,3,8,1,0.00,0.46,0.46,2.30
402,Rayan Aït-Nouri,Man City,4,0,0,0,0,0,0,0,0.0,0.0,0.0,0.0,0,0,0,0,0,0.00,0.00,0.00,0.00
402,Rayan Aït-Nouri,Man City,5,0,0,0,0,0,0,0,0.0,0.0,0.0,0.0,0,0,0,0,0,0.00,0.00,0.00,0.00
402,Rayan Aït-Nouri,Man City,6,0,0,0,0,0,0,0,0.0,0.0,0.0,0.0,0,0,0,0,0,0.00,0.00,0.00,0.00
402,Rayan Aït-Nouri,Man City,7,0,0,0,0,0,0,0,0.0,0.0,0.0,0.0,0,0,0,0,0,0.00,0.00,0.00,0.00
402,Rayan Aït-Nouri,Man City,8,0,0,0,0,0,0,0,0.0,0.0,0.0,0.0,0,0,0,0,0,0.00,0.00,0.00,0.00
402,Rayan Aït-Nouri,Man City,9,0,0,0,0,0,0,0,0.0,0.0,0.0,0.0,0,0,0,0,0,0.00,0.00,0.00,0.00
403,Joško Gvardiol,Man City,1,0,0,0,0,0,0,0,0.0,0.0,0.0,0.0,0,0,0,0,0,0.00,0.00,0.00,0.00
403,Joško Gvardiol,Man City,2,0,0,0,0,0,0,0,0.0,0.0,0.0,0.0,0,0,0,0,0,0.00,0.00,0.00,0.00
403,Joško Gvardiol,Man City,3,0,0,0,0,0,0,0,0.0,0.0,0.0,0.0,0,0,0,0,0,0.00,0.00,0.00,0.00
403,Joško Gvardiol,Man City,4,6,90,0,0,1,0,0,9.2,1.2,0.0,1.0,3,0,0,3,1,0.00,0.00,0.00,1.51
403,Joško Gvardiol,Man City,5,4,90,0,0,0,0,0,30.0,0.3,0.0,3.0,12,6,2,14,1,0.00,0.00,0.00,0.96
403,Joško Gvardiol,Man City,6,2,69,0,0,0,0,0,25.8,24.2,4.0,5.4,6,3,0,6,1,0.04,0.19,0.23,0.41
403,Joško Gvardiol,Man City,7,12,90,0,1,1,0,0,41.4,14.3,17.0,7.3,6,1,1,7,1,0.06,0.04,0.10,0.83
403,Joško Gvardiol,Man City,8,0,0,0,0,0,0,0,0.0,0.0,0.0,0.0,0,0,0,0,0,0.00,0.00,0.00,0.00
403,Joško Gvardiol,Man City,9,2,90,0,0,0,0,0,4.6,5.3,10.0,2.0,2,5,1,3,1,0.07,0.05,0.12,0.81
404,Manuel Akanji,Man City,1,0,0,0,0,0,0,0,0.0,0.0,0.0,0.0,0,0,0,0,0,0.00,0.00,0.00,0.00
404,Manuel Akanji,Man City,2,0,0,0,0,0,0,0,0.0,0.0,0.0,0.0,0,0,0,0,0,0.00,0.00,0.00,0.00
404,Manuel Akanji,Man City,3,0,0,0,0,0,0,0,0.0,0.0,0.0,0.0,0,0,0,0,0,0.00,0.00,0.00,0.00
404,Manuel Akanji,Man City,4,0,0,0,0,0,0,0,0.0,0.0,0.0,0.0,0,0,0,0,0,0.00,0.00,0.00,0.00
404,Manuel Akanji,Man City,5,0,0,0,0,0,0,0,0.0,0.0,0.0,0.0,0,0,0,0,0,0.00,0.00,0.00,0.00
404,Manuel Akanji,Man City,6,0,0,0,0,0,0,0,0.0,0.0,0.0,0.0,0,0,0,0,0,0.00,0.00,0.00,0.00
404,Manuel Akanji,Man City,7,0,0,0,0,0,0,0,0.0,0.0,0.0,0.0,0,0,0,0,0,0.00,0.00,0.00,0.00
404,Manuel Akanji,Man City,8,0,0,0,0,0,0,0,0.0,0.0,0.0,0.0,0,0,0,0,0,0.00,0.00,0.00,0.00
404,Manuel Akanji,Man City,9,0,0,0,0,0,0,0,0.0,0.0,0.0,0.0,0,0,0,0,0,0.00,0.00,0.00,0.00
405,Nathan Aké,Man City,1,0,0,0,0,0,0,0,0.0,0.0,0.0,0.0,0,0,0,0,0,0.00,0.00,0.00,0.00
405,Nathan Aké,Man City,2,1,67,0,0,0,0,0,15.2,9.8,5.0,3.0,4,2,1,5,0,0.14,0.12,0.26,1.03
405,Nathan Aké,Man City,3,0,0,0,0,0,0,0,0.0,0.0,0.0,0.0,0,0,0,0,0,0.00,0.00,0.00,0.00
405,Nathan Aké,Man City,4,1,2,0,0,0,0,0,0.0,0.0,0.0,0.0,0,0,0,0,0,0.00,0.00,0.00,0.09
405,Nathan Aké,Man City,5,1,22,0,0,0,0,0,3.0,0.5,0.0,0.4,2,0,0,2,0,0.00,0.03,0.03,0.23
405,Nathan Aké,Man City,6,1,20,0,0,0,0,0,1.4,10.8,4.0,1.6,0,0,0,0,0,0.05,0.00,0.05,0.00
405,Nathan Aké,Man City,7,0,0,0,0,0,0,0,0.0,0.0,0.0,0.0,0,0,0,0,0,0.00,0.00,0.00,0.00
405,Nathan Aké,Man City,8,6,90,0,0,1,0,0,17.8,3.8,4.0,2.6,4,1,2,6,1,0.09,0.02,0.11,0.81
405,Nathan Aké,Man City,9,0,0,0,0,0,0,0,0.0,0.0,0.0,0.0,0,0,0,0,0,0.00,0.00,0.00,0.00
406,Abdukodir Khusanov,Man City,1,1,8,0,0,0,0,0,3.6,0.0,0.0,0.4,0,0,1,1,0,0.00,0.00,0.00,0.08
406,Abdukodir Khusanov,Man City,2,0,0,0,0,0,0,0,0.0,0.0,0.0,0.0,0,0,0,0,0,0.00,0.00,0.00,0.00
406,Abdukodir Khusanov,Man City,3,1,84,0,0,0,1,0,14.0,2.3,0.0,1.6,2,1,4,6,1,0.00,0.01,0.01,1.19
406,Abdukodir Khusanov,Man City,4,8,90,0,0,1,0,0,20.0,2.1,0.0,2.2,10,5,2,12,1,0.00,0.01,0.01,1.51
406,Abdukodir Khusanov,Man City,5,1,45,0,0,0,0,0,4.8,0.8,0.0,0.6,3,3,0,3,1,0.00,0.00,0.00,0.35
406,Abdukodir Khusanov,Man City,6,0,0,0,0,0,0,0,0.0,0.0,0.0,0.0,0,0,0,0,0,0.00,0.00,0.00,0.00
406,Abdukodir Khusanov,Man City,7,0,0,0,0,0,0,0,0.0,0.0,0.0,0.0,0,0,0,0,0,0.00,0.00,0.00,0.00
406,Abdukodir Khusanov,Man City,8,0,0,0,0,0,0,0,0.0,0.0,0.0,0.0,0,0,0,0,0,0.00,0.00,0.00,0.00
406,Abdukodir Khusanov,Man City,9,0,0,0,0,0,0,0,0.0,0.0,0.0,0.0,0,0,0,0,0,0.00,0.00,0.00,0.00
407,Matheus Nunes,Man City,1,1,24,0,0,0,0,0,3.8,1.2,0.0,0.5,3,2,1,4,0,0.00,0.00,0.00,0.21
407,Matheus Nunes,Man City,2,0,0,0,0,0,0,0,0.0,0.0,0.0,0.0,0,0,0,0,0,0.00,0.00,0.00,0.00
407,Matheus Nunes,Man City,3,2,84,0,0,0,0,0,10.6,5.3,0.0,1.6,6,5,0,6,1,0.00,0.02,0.02,1.19
407,Matheus Nunes,Man City,4,0,0,0,0,0,0,0,0.0,0.0,0.0,0.0,0,0,0,0,0,0.00,0.00,0.00,0.00
407,Matheus Nunes,Man City,5,1,45,0,0,0,0,0,11.6,0.8,0.0,1.2,6,2,1,7,0,0.00,0.00,0.00,0.61
407,Matheus Nunes,Man City,6,12,90,1,1,0,0,0,50.6,12.8,22.0,8.5,4,3,0,4,1,0.18,0.04,0.22,0.41
407,Matheus Nunes,Man City,7,5,90,0,0,1,1,0,15.8,8.3,0.0,2.4,3,4,1,4,1,0.00,0.03,0.03,0.83
407,Matheus Nunes,Man City,8,7,90,0,0,1,0,0,21.0,35.6,1.0,5.8,3,8,3,6,1,0.02,0.19,0.21,0.81
407,Matheus Nunes,Man City,9,2,90,0,0,0,0,0,17.2,8.4,1.0,2.7,5,5,2,7,1,0.03,0.04,0.07,0.81
408,Rúben dos Santos Gato Alves Dias,Man City,1,6,90,0,0,1,0,0,21.6,1.7,2.0,2.5,4,4,0,4,1,0.00,0.08,0.08,0.56
408,Rúben dos Santos Gato Alves Dias,Man City,2,1,90,0,0,0,0,0,18.2,1.6,0.0,2.0,5,2,2,7,1,0.00,0.01,0.01,1.11
408,Rúben dos Santos Gato Alves Dias,Man City,3,1,5,0,0,0,0,0,5.6,0.1,0.0,0.6,1,0,0,1,0,0.00,0.00,0.00,1.11
408,Rúben dos Santos Gato Alves Dias,Man City,4,6,90,0,0,1,0,0,14.0,0.9,0.0,1.5,7,1,0,7,1,0.00,0.01,0.01,1.51
408,Rúben dos Santos Gato Alves Dias,Man City,5,2,90,0,0,0,0,0,9.0,0.7,0.0,1.0,6,1,0,6,1,0.00,0.00,0.00,0.96
408,Rúben dos Santos Gato Alves Dias,Man City,6,2,90,0,0,0,0,0,16.4,4.5,0.0,2.1,5,4,1,6,1,0.00,0.03,0.03,0.41
408,Rúben dos Santos Gato Alves Dias,Man City,7,9,90,0,0,1,0,0,27.2,7.2,0.0,3.4,10,4,1,11,1,0.00,0.03,0.03,0.83
408,Rúben dos Santos Gato Alves Dias,Man City,8,6,90,0,0,1,0,0,28.0,3.0,0.0,3.1,7,6,1,8,1,0.00,0.02,0.02,0.81
408,Rúben dos Santos Gato Alves Dias,Man City,9,4,90,0,0,0,0,0,39.6,13.3,10.0,6.3,12,2,0,12,1,0.13,0.02,0.15,0.81
409,John Stones,Man City,1,6,81,0,0,1,0,0,14.4,2.2,0.0,1.7,2,4,0,2,1,0.00,0.01,0.01,0.47
409,John Stones,Man City,2,1,90,0,0,0,0,0,23.8,1.8,0.0,2.6,8,4,0,8,1,0.00,0.02,0.02,1.11
409,John Stones,Man City,3,1,90,0,0,0,0,0,15.6,1.8,0.0,1.7,4,5,0,4,1,0.00,0.01,0.01,2.30
409,John Stones,Man City,4,0,0,0,0,0,0,0,0.0,0.0,0.0,0.0,0,0,0,0,0,0.00,0.00,0.00,0.00
409,John Stones,Man City,5,1,3,0,0,0,0,0,0.0,0.0,2.0,0.2,0,0,0,0,0,0.00,0.00,0.00,0.16
409,John Stones,Man City,6,0,0,0,0,0,0,0,0.0,0.0,0.0,0.0,0,0,0,0,0,0.00,0.00,0.00,0.00
409,John Stones,Man City,7,0,0,0,0,0,0,0,0.0,0.0,0.0,0.0,0,0,0,0,0,0.00,0.00,0.00,0.00
409,John Stones,Man City,8,0,0,0,0,0,0,0,0.0,0.0,0.0,0.0,0,0,0,0,0,0.00,0.00,0.00,0.00
409,John Stones,Man City,9,2,60,0,0,0,0,0,15.8,13.5,0.0,2.9,3,2,0,3,1,0.00,0.02,0.02,0.54
410,Rico Lewis,Man City,1,11,65,0,1,1,0,0,29.2,13.1,8.0,5.0,5,1,1,6,1,0.00,0.59,0.59,0.35
410,Rico Lewis,Man City,2,1,90,0,0,0,0,0,16.4,14.8,5.0,3.6,4,3,2,6,1,0.02,0.08,0.10,1.11
410,Rico Lewis,Man City,3,1,5,0,0,0,0,0,0.8,0.3,0.0,0.1,0,0,0,0,0,0.00,0.00,0.00,1.11
410,Rico Lewis,Man City,4,0,0,0,0,0,0,0,0.0,0.0,0.0,0.0,0,0,0,0,0,0.00,0.00,0.00,0.00
410,Rico Lewis,Man City,5,0,0,0,0,0,0,0,0.0,0.0,0.0,0.0,0,0,0,0,0,0.00,0.00,0.00,0.00
410,Rico Lewis,Man City,6,1,7,0,0,0,0,0,0.4,0.3,2.0,0.3,0,0,0,0,0,0.00,0.00,0.00,0.00
410,Rico Lewis,Man City,7,0,0,0,0,0,0,0,0.0,0.0,0.0,0.0,0,0,0,0,0,0.00,0.00,0.00,0.00
410,Rico Lewis,Man City,8,1,5,0,0,0,0,0,0.4,3.7,0.0,0.4,0,0,0,0,0,0.00,0.24,0.24,0.00
410,Rico Lewis,Man City,9,0,0,0,0,0,0,0,0.0,0.0,0.0,0.0,0,0,0,0,0,0.00,0.00,0.00,0.00
411,Nico O'Reilly,Man City,1,0,24,0,0,0,1,0,0.0,5.0,0.0,0.5,0,0,0,0,0,0.00,0.01,0.01,0.21
411,Nico O'Reilly,Man City,2,0,0,0,0,0,0,0,0.0,0.0,0.0,0.0,0,0,0,0,0,0.00,0.00,0.00,0.00
411,Nico O'Reilly,Man City,3,1,18,0,0,0,0,0,7.8,1.5,2.0,1.1,1,1,2,3,0,0.02,0.00,0.02,1.23
411,Nico O'Reilly,Man City,4,6,90,0,0,1,0,0,19.6,1.8,1.0,2.2,4,5,5,9,1,0.03,0.01,0.04,1.51
411,Nico O'Reilly,Man City,5,6,86,0,0,1,0,0,15.4,0.7,0.0,1.6,7,2,2,9,1,0.00,0.00,0.00,0.80
411,Nico O'Reilly,Man City,6,2,82,0,0,0,0,0,27.2,30.8,12.0,7.0,4,4,4,8,1,0.03,0.17,0.20,0.41
411,Nico O'Reilly,Man City,7,5,90,0,0,1,1,0,21.6,32.4,4.0,5.8,1,7,4,5,1,0.00,0.05,0.05,0.83
411,Nico O'Reilly,Man City,8,11,84,0,1,1,0,0,23.8,17.8,14.0,5.6,4,2,2,6,1,0.27,0.17,0.44,0.81
411,Nico O'Reilly,Man City,9,1,29,0,0,0,0,0,8.6,11.1,17.0,3.7,1,1,3,4,0,0.13,0.07,0.20,0.27
412,Vitor de Oliveira Nunes dos Reis,Man City,1,0,0,0,0,0,0,0,0.0,0.0,0.0,0.0,0,0,0,0,0,0.00,0.00,0.00,0.00
412,Vitor de Oliveira Nunes dos Reis,Man City,2,0,0,0,0,0,0,0,0.0,0.0,0.0,0.0,0,0,0,0,0,0.00,0.00,0.00,0.00
412,Vitor de Oliveira Nunes dos Reis,Man City,3,0,0,0,0,0,0,0,0.0,0.0,0.0,0.0,0,0,0,0,0,0.00,0.00,0.00,0.00
412,Vitor de Oliveira Nunes dos Reis,Man City,4,0,0,0,0,0,0,0,0.0,0.0,0.0,0.0,0,0,0,0,0,0.00,0.00,0.00,0.00
412,Vitor de Oliveira Nunes dos Reis,Man City,5,0,0,0,0,0,0,0,0.0,0.0,0.0,0.0,0,0,0,0,0,0.00,0.00,0.00,0.00
412,Vitor de Oliveira Nunes dos Reis,Man City,6,0,0,0,0,0,0,0,0.0,0.0,0.0,0.0,0,0,0,0,0,0.00,0.00,0.00,0.00
412,Vitor de Oliveira Nunes dos Reis,Man City,7,0,0,0,0,0,0,0,0.0,0.0,0.0,0.0,0,0,0,0,0,0.00,0.00,0.00,0.00
412,Vitor de Oliveira Nunes dos Reis,Man City,8,0,0,0,0,0,0,0,0.0,0.0,0.0,0.0,0,0,0,0,0,0.00,0.00,0.00,0.00
412,Vitor de Oliveira Nunes dos Reis,Man City,9,0,0,0,0,0,0,0,0.0,0.0,0.0,0.0,0,0,0,0,0,0.00,0.00,0.00,0.00
413,Omar Marmoush,Man City,1,1,24,0,0,0,0,0,0.0,0.8,6.0,0.7,0,1,0,1,0,0.12,0.00,0.12,0.21
413,Omar Marmoush,Man City,2,1,53,0,0,0,0,0,13.0,2.8,36.0,5.2,2,1,1,4,1,0.65,0.01,0.66,0.62
413,Omar Marmoush,Man City,3,7,71,0,1,0,0,0,25.2,32.5,16.0,7.4,1,5,2,8,1,0.05,0.44,0.49,1.07
413,Omar Marmoush,Man City,4,0,0,0,0,0,0,0,0.0,0.0,0.0,0.0,0,0,0,0,0,0.00,0.00,0.00,0.00
413,Omar Marmoush,Man City,5,0,0,0,0,0,0,0,0.0,0.0,0.0,0.0,0,0,0,0,0,0.00,0.00,0.00,0.00
413,Omar Marmoush,Man City,6,0,0,0,0,0,0,0,0.0,0.0,0.0,0.0,0,0,0,0,0,0.00,0.00,0.00,0.00
413,Omar Marmoush,Man City,7,0,0,0,0,0,0,0,0.0,0.0,0.0,0.0,0,0,0,0,0,0.00,0.00,0.00,0.00
413,Omar Marmoush,Man City,8,0,0,0,0,0,0,0,0.0,0.0,0.0,0.0,0,0,0,0,0,0.00,0.00,0.00,0.00
413,Omar Marmoush,Man City,9,1,6,0,0,0,0,0,0.0,0.3,0.0,0.0,0,0,0,0,0,0.00,0.00,0.00,0.00
414,Phil Foden,Man City,1,0,0,0,0,0,0,0,0.0,0.0,0.0,0.0,0,0,0,0,0,0.00,0.00,0.00,0.00
414,Phil Foden,Man City,2,1,15,0,0,0,0,0,5.6,14.3,12.0,3.2,0,3,0,3,0,0.18,0.02,0.20,0.36
414,Phil Foden,Man City,3,0,0,0,0,0,0,0,0.0,0.0,0.0,0.0,0,0,0,0,0,0.00,0.00,0.00,0.00
414,Phil Foden,Man City,4,12,90,1,0,1,0,0,40.6,16.5,23.0,8.0,1,11,1,13,1,0.28,0.03,0.31,1.51
414,Phil Foden,Man City,5,3,67,0,0,1,0,0,6.0,1.8,0.0,0.8,4,2,2,8,1,0.00,0.01,0.01,0.72
414,Phil Foden,Man City,6,1,90,0,0,0,1,0,12.4,57.8,10.0,8.0,1,5,0,6,1,0.00,0.17,0.17,0.41
414,Phil Foden,Man City,7,3,90,0,0,1,0,0,12.2,38.1,20.0,7.0,1,4,2,7,1,0.28,0.21,0.49,0.83
414,Phil Foden,Man City,8,3,90,0,0,1,0,0,13.0,65.5,7.0,8.6,1,4,2,7,1,0.05,0.59,0.64,0.81
414,Phil Foden,Man City,9,1,90,0,0,0,1,0,22.8,98.9,16.0,13.8,0,4,2,6,1,0.27,0.30,0.57,0.81
415,Sávio Moreira de Oliveira,Man City,1,0,0,0,0,0,0,0,0.0,0.0,0.0,0.0,0,0,0,0,0,0.00,0.00,0.00,0.00
415,Sávio Moreira de Oliveira,Man City,2,0,0,0,0,0,0,0,0.0,0.0,0.0,0.0,0,0,0,0,0,0.00,0.00,0.00,0.00
415,Sávio Moreira de Oliveira,Man City,3,0,0,0,0,0,0,0,0.0,0.0,0.0,0.0,0,0,0,0,0,0.00,0.00,0.00,0.00
415,Sávio Moreira de Oliveira,Man City,4,1,13,0,0,0,0,0,5.2,0.5,33.0,3.9,2,0,0,2,0,0.04,0.00,0.04,1.37
415,Sávio Moreira de Oliveira,Man City,5,1,3,0,0,0,0,0,0.0,0.8,0.0,0.0,0,1,0,1,0,0.00,0.00,0.00,0.16
415,Sávio Moreira de Oliveira,Man City,6,2,61,0,0,0,0,0,0.0,5.3,18.0,2.2,0,1,0,1,1,0.03,0.06,0.09,0.41
415,Sávio Moreira de Oliveira,Man City,7,3,90,0,0,1,0,0,1.2,9.0,2.0,1.2,0,7,0,7,1,0.00,0.04,0.04,0.83
415,Sávio Moreira de Oliveira,Man City,8,6,84,0,1,1,0,0,34.8,32.8,46.0,11.4,2,2,1,5,1,0.13,0.33,0.46,0.81
415,Sávio Moreira de Oliveira,Man City,9,1,83,0,0,0,1,0,5.6,9.9,17.0,3.3,1,5,2,8,1,0.07,0.10,0.17,0.81
416,Bernardo Mota Veiga de Carvalho e Silva,Man City,1,3,65,0,0,1,0,0,22.0,62.0,4.0,8.8,1,4,4,9,1,0.00,0.44,0.44,0.35
416,Bernardo Mota Veiga de Carvalho e Silva,Man City,2,1,36,0,0,0,0,0,3.2,2.9,4.0,1.0,2,1,0,3,0,0.00,0.02,0.02,0.49
416,Bernardo Mota Veiga de Carvalho e Silva,Man City,3,2,71,0,0,0,0,0,3.2,5.2,2.0,1.0,2,1,1,4,1,0.00,0.03,0.03,1.07
416,Bernardo Mota Veiga de Carvalho e Silva,Man City,4,6,87,0,1,1,0,0,19.0,33.8,8.0,6.1,0,7,1,8,1,0.10,0.55,0.65,1.42
416,Bernardo Mota Veiga de Carvalho e Silva,Man City,5,1,90,0,0,0,1,0,13.8,12.3,2.0,2.8,4,6,1,11,1,0.00,0.02,0.02,0.96
416,Bernardo Mota Veiga de Carvalho e Silva,Man City,6,1,7,0,0,0,0,0,0.2,1.0,0.0,0.1,0,0,0,0,0,0.00,0.00,0.00,0.00
416,Bernardo Mota Veiga de Carvalho e Silva,Man City,7,1,14,0,0,0,0,0,1.8,2.0,0.0,0.4,2,2,0,4,0,0.00,0.01,0.01,0.12
416,Bernardo Mota Veiga de Carvalho e Silva,Man City,8,1,31,0,0,0,0,0,11.8,16.8,0.0,2.9,1,3,0,4,0,0.00,0.01,0.01,0.15
416,Bernardo Mota Veiga de Carvalho e Silva,Man City,9,2,60,0,0,0,0,0,3.4,14.8,4.0,2.2,2,4,0,6,1,0.00,0.13,0.13,0.54
417,Rayan Cherki,Man City,1,6,17,1,0,0,0,0,35.8,2.8,7.0,4.6,1,0,0,1,0,0.06,0.03,0.09,0.21
417,Rayan Cherki,Man City,2,1,53,0,0,0,0,0,14.4,25.5,8.0,4.8,1,3,4,8,1,0.00,0.44,0.44,0.62
417,Rayan Cherki,Man City,3,0,0,0,0,0,0,0,0.0,0.0,0.0,0.0,0,0,0,0,0,0.00,0.00,0.00,0.00
417,Rayan Cherki,Man City,4,0,0,0,0,0,0,0,0.0,0.0,0.0,0.0,0,0,0,0,0,0.00,0.00,0.00,0.00
417,Rayan Cherki,Man City,5,0,0,0,0,0,0,0,0.0,0.0,0.0,0.0,0,0,0,0,0,0.00,0.00,0.00,0.00
417,Rayan Cherki,Man City,6,0,0,0,0,0,0,0,0.0,0.0,0.0,0.0,0,0,0,0,0,0.00,0.00,0.00,0.00
417,Rayan Cherki,Man City,7,0,0,0,0,0,0,0,0.0,0.0,0.0,0.0,0,0,0,0,0,0.00,0.00,0.00,0.00
417,Rayan Cherki,Man City,8,1,5,0,0,0,0,0,2.6,15.2,5.0,2.3,0,0,0,0,0,0.14,0.01,0.15,0.00
417,Rayan Cherki,Man City,9,1,14,0,0,0,0,0,4.8,15.3,2.0,2.2,0,0,0,0,0,0.07,0.05,0.12,0.00
418,Jérémy Doku,Man City,1,3,65,0,0,1,0,0,0.0,3.2,4.0,0.6,0,1,0,1,1,0.00,0.02,0.02,0.35
418,Jérémy Doku,Man City,2,1,36,0,0,0,0,0,2.2,12.0,8.0,2.2,0,1,0,1,0,0.00,0.25,0.25,0.49
418,Jérémy Doku,Man City,3,1,18,0,0,0,0,0,4.0,21.3,2.0,2.7,0,0,0,0,0,0.00,0.01,0.01,1.23
418,Jérémy Doku,Man City,4,10,76,0,2,1,0,0,40.6,54.0,10.0,10.5,1,3,0,4,1,0.00,0.75,0.75,0.14
418,Jérémy Doku,Man City,5,3,86,0,0,1,0,0,14.6,21.9,11.0,4.8,0,5,4,9,1,0.25,0.02,0.27,0.80
418,Jérémy Doku,Man City,6,10,90,0,2,0,0,0,45.2,50.1,89.0,18.4,0,2,1,3,1,0.34,0.28,0.62,0.41
418,Jérémy Doku,Man City,7,1,14,0,0,0,0,0,0.0,0.2,0.0,0.0,0,1,0,1,0,0.00,0.00,0.00,0.12
418,Jérémy Doku,Man City,8,1,58,0,0,0,0,0,9.8,36.2,33.0,7.9,0,2,0,2,1,0.36,0.19,0.55,0.66
418,Jérémy Doku,Man City,9,1,29,0,0,0,0,0,6.8,16.8,2.0,2.6,1,2,0,3,0,0.00,0.24,0.24,0.27
420,İlkay Gündoğan,Man City,1,0,0,0,0,0,0,0,0.0,0.0,0.0,0.0,0,0,0,0,0,0.00,0.00,0.00,0.00
420,İlkay Gündoğan,Man City,2,0,0,0,0,0,0,0,0.0,0.0,0.0,0.0,0,0,0,0,0,0.00,0.00,0.00,0.00
420,İlkay Gündoğan,Man City,3,0,0,0,0,0,0,0,0.0,0.0,0.0,0.0,0,0,0,0,0,0.00,0.00,0.00,0.00
420,İlkay Gündoğan,Man City,4,0,0,0,0,0,0,0,0.0,0.0,0.0,0.0,0,0,0,0,0,0.00,0.00,0.00,0.00
420,İlkay Gündoğan,Man City,5,0,0,0,0,0,0,0,0.0,0.0,0.0,0.0,0,0,0,0,0,0.00,0.00,0.00,0.00
420,İlkay Gündoğan,Man City,6,0,0,0,0,0,0,0,0.0,0.0,0.0,0.0,0,0,0,0,0,0.00,0.00,0.00,0.00
420,İlkay Gündoğan,Man City,7,0,0,0,0,0,0,0,0.0,0.0,0.0,0.0,0,0,0,0,0,0.00,0.00,0.00,0.00
420,İlkay Gündoğan,Man City,8,0,0,0,0,0,0,0,0.0,0.0,0.0,0.0,0,0,0,0,0,0.00,0.00,0.00,0.00
420,İlkay Gündoğan,Man City,9,0,0,0,0,0,0,0,0.0,0.0,0.0,0.0,0,0,0,0,0,0.00,0.00,0.00,0.00
421,Rodrigo 'Rodri' Hernandez Cascante,Man City,1,0,0,0,0,0,0,0,0.0,0.0,0.0,0.0,0,0,0,0,0,0.00,0.00,0.00,0.00
421,Rodrigo 'Rodri' Hernandez Cascante,Man City,2,1,15,0,0,0,0,0,5.4,11.4,17.0,3.4,0,4,1,5,0,0.05,0.02,0.07,0.36
421,Rodrigo 'Rodri' Hernandez Cascante,Man City,3,2,90,0,0,0,0,0,13.0,17.4,1.0,3.1,1,8,1,10,1,0.03,0.16,0.19,2.30
421,Rodrigo 'Rodri' Hernandez Cascante,Man City,4,3,75,0,0,1,0,0,6.4,3.8,0.0,1.0,0,5,2,7,1,0.00,0.02,0.02,0.14
421,Rodrigo 'Rodri' Hernandez Cascante,Man City,5,4,90,0,0,0,0,0,22.6,5.2,1.0,2.9,11,3,2,16,1,0.06,0.01,0.07,0.96
421,Rodrigo 'Rodri' Hernandez Cascante,Man City,6,0,0,0,0,0,0,0,0.0,0.0,0.0,0.0,0,0,0,0,0,0.00,0.00,0.00,0.00
421,Rodrigo 'Rodri' Hernandez Cascante,Man City,7,1,21,0,0,0,0,0,2.6,12.6,0.0,1.5,0,2,0,2,1,0.00,0.01,0.01,0.00
421,Rodrigo 'Rodri' Hernandez Cascante,Man City,8,0,0,0,0,0,0,0,0.0,0.0,0.0,0.0,0,0,0,0,0,0.00,0.00,0.00,0.00
421,Rodrigo 'Rodri' Hernandez Cascante,Man City,9,0,0,0,0,0,0,0,0.0,0.0,0.0,0.0,0,0,0,0,0,0.00,0.00,0.00,0.00
422,Mateo Kovačić,Man City,1,0,0,0,0,0,0,0,0.0,0.0,0.0,0.0,0,0,0,0,0,0.00,0.00,0.00,0.00
422,Mateo Kovačić,Man City,2,0,0,0,0,0,0,0,0.0,0.0,0.0,0.0,0,0,0,0,0,0.00,0.00,0.00,0.00
422,Mateo Kovačić,Man City,3,0,0,0,0,0,0,0,0.0,0.0,0.0,0.0,0,0,0,0,0,0.00,0.00,0.00,0.00
422,Mateo Kovačić,Man City,4,0,0,0,0,0,0,0,0.0,0.0,0.0,0.0,0,0,0,0,0,0.00,0.00,0.00,0.00
422,Mateo Kovačić,Man City,5,0,0,0,0,0,0,0,0.0,0.0,0.0,0.0,0,0,0,0,0,0.00,0.00,0.00,0.00
422,Mateo Kovačić,Man City,6,0,0,0,0,0,0,0,0.0,0.0,0.0,0.0,0,0,0,0,0,0.00,0.00,0.00,0.00
422,Mateo Kovačić,Man City,7,0,0,0,0,0,0,0,0.0,0.0,0.0,0.0,0,0,0,0,0,0.00,0.00,0.00,0.00
422,Mateo Kovačić,Man City,8,1,4,0,0,0,0,0,2.6,0.8,0.0,0.3,0,0,0,0,0,0.00,0.00,0.00,0.00
422,Mateo Kovačić,Man City,9,0,0,0,0,0,0,0,0.0,0.0,0.0,0.0,0,0,0,0,0,0.00,0.00,0.00,0.00
423,Nico González Iglesias,Man City,1,3,90,0,0,1,0,0,24.8,5.6,6.0,3.6,4,4,3,11,1,0.05,0.05,0.10,0.56
423,Nico González Iglesias,Man City,2,1,74,0,0,0,1,0,10.4,6.7,0.0,1.7,1,2,3,6,1,0.00,0.02,0.02,0.75
423,Nico González Iglesias,Man City,3,0,0,0,0,0,0,0,0.0,0.0,0.0,0.0,0,0,0,0,0,0.00,0.00,0.00,0.00
423,Nico González Iglesias,Man City,4,1,14,0,0,0,0,0,9.2,0.1,0.0,0.9,4,1,0,5,0,0.00,0.00,0.00,1.37
423,Nico González Iglesias,Man City,5,1,14,0,0,0,0,0,1.8,0.5,0.0,0.2,1,1,0,2,0,0.00,0.00,0.00,0.18
423,Nico González Iglesias,Man City,6,2,90,0,0,0,0,0,17.8,30.2,6.0,5.4,3,6,1,10,1,0.05,0.23,0.28,0.41
423,Nico González Iglesias,Man City,7,3,68,0,0,1,0,0,13.6,4.7,0.0,1.8,4,2,4,10,0,0.00,0.02,0.02,0.83
423,Nico González Iglesias,Man City,8,5,85,0,0,1,0,0,18.6,27.2,6.0,5.2,6,4,2,12,1,0.00,0.05,0.05,0.81
423,Nico González Iglesias,Man City,9,0,29,0,0,0,1,0,4.4,3.3,7.0,1.5,1,3,2,6,0,0.12,0.02,0.14,0.27
424,Oscar Bobb,Man City,1,6,90,0,1,1,0,0,24.6,25.4,8.0,5.8,0,4,0,4,1,0.00,0.07,0.07,0.56
424,Oscar Bobb,Man City,2,2,74,0,0,0,0,0,11.8,30.1,14.0,5.6,0,2,3,5,1,0.00,0.21,0.21,0.75
424,Oscar Bobb,Man City,3,2,90,0,0,0,0,0,3.2,10.5,16.0,3.0,1,4,1,6,1,0.30,0.18,0.48,2.30
424,Oscar Bobb,Man City,4,1,3,0,0,0,0,0,3.0,10.8,4.0,1.8,0,1,0,1,0,0.00,0.05,0.05,0.09
424,Oscar Bobb,Man City,5,0,0,0,0,0,0,0,0.0,0.0,0.0,0.0,0,0,0,0,0,0.00,0.00,0.00,0.00
424,Oscar Bobb,Man City,6,1,28,0,0,0,0,0,2.2,9.3,2.0,1.4,0,1,0,1,0,0.00,0.06,0.06,0.00
424,Oscar Bobb,Man City,7,3,75,0,0,1,0,0,11.8,40.5,19.0,7.1,0,3,1,4,1,0.03,0.20,0.23,0.71
424,Oscar Bobb,Man City,8,1,31,0,0,0,0,0,3.4,2.2,7.0,1.3,0,0,1,1,0,0.04,0.11,0.15,0.15
424,Oscar Bobb,Man City,9,2,60,0,0,0,0,0,7.6,12.3,2.0,2.2,2,2,2,6,1,0.00,0.02,0.02,0.54
425,Claudio Echeverri,Man City,1,0,0,0,0,0,0,0,0.0,0.0,0.0,0.0,0,0,0,0,0,0.00,0.00,0.00,0.00
425,Claudio Echeverri,Man City,2,0,0,0,0,0,0,0,0.0,0.0,0.0,0.0,0,0,0,0,0,0.00,0.00,0.00,0.00
425,Claudio Echeverri,Man City,3,0,0,0,0,0,0,0,0.0,0.0,0.0,0.0,0,0,0,0,0,0.00,0.00,0.00,0.00
425,Claudio Echeverri,Man City,4,0,0,0,0,0,0,0,0.0,0.0,0.0,0.0,0,0,0,0,0,0.00,0.00,0.00,0.00
425,Claudio Echeverri,Man City,5,0,0,0,0,0,0,0,0.0,0.0,0.0,0.0,0,0,0,0,0,0.00,0.00,0.00,0.00
425,Claudio Echeverri,Man City,6,0,0,0,0,0,0,0,0.0,0.0,0.0,0.0,0,0,0,0,0,0.00,0.00,0.00,0.00
425,Claudio Echeverri,Man City,7,0,0,0,0,0,0,0,0.0,0.0,0.0,0.0,0,0,0,0,0,0.00,0.00,0.00,0.00
425,Claudio Echeverri,Man City,8,0,0,0,0,0,0,0,0.0,0.0,0.0,0.0,0,0,0,0,0,0.00,0.00,0.00,0.00
425,Claudio Echeverri,Man City,9,0,0,0,0,0,0,0,0.0,0.0,0.0,0.0,0,0,0,0,0,0.00,0.00,0.00,0.00
427,Tijjani Reijnders,Man City,1,10,90,1,1,1,1,0,49.8,23.7,28.0,10.2,1,1,1,3,1,0.20,0.14,0.34,0.56
427,Tijjani Reijnders,Man City,2,2,90,0,0,0,0,0,5.4,5.1,4.0,1.5,0,4,1,5,1,0.04,0.04,0.08,1.11
427,Tijjani Reijnders,Man City,3,2,90,0,0,0,0,0,11.8,32.3,1.0,4.5,1,3,1,5,1,0.02,0.12,0.14,2.30
427,Tijjani Reijnders,Man City,4,3,90,0,0,1,0,0,8.0,19.3,25.0,5.2,3,3,1,7,1,0.35,0.02,0.37,1.51
427,Tijjani Reijnders,Man City,5,9,90,0,1,0,0,0,31.2,21.8,17.0,7.0,5,7,0,12,1,0.06,0.04,0.10,0.96
427,Tijjani Reijnders,Man City,6,2,82,0,0,0,0,0,10.6,11.0,18.0,4.0,3,2,1,6,1,0.14,0.06,0.20,0.41
427,Tijjani Reijnders,Man City,7,3,75,0,0,1,0,0,10.8,18.3,26.0,5.5,1,2,0,3,1,0.18,0.06,0.24,0.71
427,Tijjani Reijnders,Man City,8,1,58,0,0,0,0,0,7.8,26.7,17.0,5.2,1,1,1,3,1,0.30,0.08,0.38,0.66
427,Tijjani Reijnders,Man City,9,1,75,0,0,0,1,0,0.0,4.3,5.0,0.4,1,2,0,3,1,0.07,0.03,0.10,0.81
428,Sverre Nypan,Man City,1,0,0,0,0,0,0,0,0.0,0.0,0.0,0.0,0,0,0,0,0,0.00,0.00,0.00,0.00
428,Sverre Nypan,Man City,2,0,0,0,0,0,0,0,0.0,0.0,0.0,0.0,0,0,0,0,0,0.00,0.00,0.00,0.00
428,Sverre Nypan,Man City,3,0,0,0,0,0,0,0,0.0,0.0,0.0,0.0,0,0,0,0,0,0.00,0.00,0.00,0.00
428,Sverre Nypan,Man City,4,0,0,0,0,0,0,0,0.0,0.0,0.0,0.0,0,0,0,0,0,0.00,0.00,0.00,0.00
428,Sverre Nypan,Man City,5,0,0,0,0,0,0,0,0.0,0.0,0.0,0.0,0,0,0,0,0,0.00,0.00,0.00,0.00
428,Sverre Nypan,Man City,6,0,0,0,0,0,0,0,0.0,0.0,0.0,0.0,0,0,0,0,0,0.00,0.00,0.00,0.00
428,Sverre Nypan,Man City,7,0,0,0,0,0,0,0,0.0,0.0,0.0,0.0,0,0,0,0,0,0.00,0.00,0.00,0.00
428,Sverre Nypan,Man City,8,0,0,0,0,0,0,0,0.0,0.0,0.0,0.0,0,0,0,0,0,0.00,0.00,0.00,0.00
428,Sverre Nypan,Man City,9,0,0,0,0,0,0,0,0.0,0.0,0.0,0.0,0,0,0,0,0,0.00,0.00,0.00,0.00
429,Kalvin Phillips,Man City,1,0,0,0,0,0,0,0,0.0,0.0,0.0,0.0,0,0,0,0,0,0.00,0.00,0.00,0.00
429,Kalvin Phillips,Man City,2,0,0,0,0,0,0,0,0.0,0.0,0.0,0.0,0,0,0,0,0,0.00,0.00,0.00,0.00
429,Kalvin Phillips,Man City,3,0,0,0,0,0,0,0,0.0,0.0,0.0,0.0,0,0,0,0,0,0.00,0.00,0.00,0.00
429,Kalvin Phillips,Man City,4,0,0,0,0,0,0,0,0.0,0.0,0.0,0.0,0,0,0,0,0,0.00,0.00,0.00,0.00
429,Kalvin Phillips,Man City,5,0,0,0,0,0,0,0,0.0,0.0,0.0,0.0,0,0,0,0,0,0.00,0.00,0.00,0.00
429,Kalvin Phillips,Man City,6,0,0,0,0,0,0,0,0.0,0.0,0.0,0.0,0,0,0,0,0,0.00,0.00,0.00,0.00
429,Kalvin Phillips,Man City,7,0,0,0,0,0,0,0,0.0,0.0,0.0,0.0,0,0,0,0,0,0.00,0.00,0.00,0.00
429,Kalvin Phillips,Man City,8,0,0,0,0,0,0,0,0.0,0.0,0.0,0.0,0,0,0,0,0,0.00,0.00,0.00,0.00
429,Kalvin Phillips,Man City,9,0,0,0,0,0,0,0,0.0,0.0,0.0,0.0,0,0,0,0,0,0.00,0.00,0.00,0.00
430,Erling Haaland,Man City,1,13,72,2,0,1,0,0,58.0,0.3,71.0,12.9,0,1,1,2,1,1.99,0.00,1.99,0.35
430,Erling Haaland,Man City,2,2,90,0,0,0,0,0,1.4,15.2,15.0,3.2,1,3,0,4,1,0.47,0.30,0.77,1.11
430,Erling Haaland,Man City,3,9,90,1,0,0,0,0,30.4,0.4,96.0,12.7,0,1,0,1,1,1.40,0.00,1.40,2.30
430,Erling Haaland,Man City,4,13,86,2,0,1,0,0,78.8,12.9,70.0,16.2,6,2,0,8,1,1.80,0.01,1.81,1.42
430,Erling Haaland,Man City,5,9,75,1,0,1,0,0,35.4,2.1,34.0,7.2,2,3,0,5,1,0.52,0.01,0.53,0.77
430,Erling Haaland,Man City,6,16,90,2,1,0,0,0,85.4,20.8,78.0,18.4,2,2,0,4,1,1.17,0.24,1.41,0.41
430,Erling Haaland,Man City,7,8,90,1,0,1,0,0,35.4,3.4,23.0,6.2,2,0,0,2,1,0.29,0.01,0.30,0.83
430,Erling Haaland,Man City,8,13,90,2,0,1,0,0,77.4,1.9,85.0,16.4,2,2,0,4,1,0.98,0.02,1.00,0.81
430,Erling Haaland,Man City,9,2,90,0,0,0,0,0,15.2,2.6,53.0,7.1,3,0,0,3,1,0.23,0.01,0.24,0.81
736,Gianluigi Donnarumma,Man City,4,6,90,0,0,1,0,0,14.4,0.0,0.0,1.4,3,6,0,0,1,0.00,0.00,0.00,1.51
736,Gianluigi Donnarumma,Man City,5,1,90,0,0,0,1,0,15.6,0.0,0.0,1.6,4,4,0,0,1,0.00,0.00,0.00,0.96
736,Gianluigi Donnarumma,Man City,6,2,90,0,0,0,0,0,6.8,0.0,0.0,0.7,0,3,0,0,1,0.00,0.00,0.00,0.41
736,Gianluigi Donnarumma,Man City,7,6,90,0,0,1,0,0,12.0,0.0,0.0,1.2,1,7,0,0,1,0.00,0.00,0.00,0.83
736,Gianluigi Donnarumma,Man City,8,6,90,0,0,1,0,0,12.6,0.0,0.0,1.3,2,4,0,0,1,0.00,0.00,0.00,0.81
736,Gianluigi Donnarumma,Man City,9,2,90,0,0,0,0,0,18.8,0.0,0.0,1.9,1,7,0,0,1,0.00,0.00,0.00,0.81
739,Divine Mukasa,Man City,4,0,0,0,0,0,0,0,0.0,0.0,0.0,0.0,0,0,0,0,0,0.00,0.00,0.00,0.00
739,Divine Mukasa,Man City,5,0,0,0,0,0,0,0,0.0,0.0,0.0,0.0,0,0,0,0,0,0.00,0.00,0.00,0.00
739,Divine Mukasa,Man City,6,0,0,0,0,0,0,0,0.0,0.0,0.0,0.0,0,0,0,0,0,0.00,0.00,0.00,0.00
739,Divine Mukasa,Man City,7,0,0,0,0,0,0,0,0.0,0.0,0.0,0.0,0,0,0,0,0,0.00,0.00,0.00,0.00
739,Divine Mukasa,Man City,8,0,0,0,0,0,0,0,0.0,0.0,0.0,0.0,0,0,0,0,0,0.00,0.00,0.00,0.00
739,Divine Mukasa,Man City,9,0,0,0,0,0,0,0,0.0,0.0,0.0,0.0,0,0,0,0,0,0.00,0.00,0.00,0.00
740,Stephen Mfuni,Man City,4,0,0,0,0,0,0,0,0.0,0.0,0.0,0.0,0,0,0,0,0,0.00,0.00,0.00,0.00
740,Stephen Mfuni,Man City,5,0,0,0,0,0,0,0,0.0,0.0,0.0,0.0,0,0,0,0,0,0.00,0.00,0.00,0.00
740,Stephen Mfuni,Man City,6,0,0,0,0,0,0,0,0.0,0.0,0.0,0.0,0,0,0,0,0,0.00,0.00,0.00,0.00
740,Stephen Mfuni,Man City,7,0,0,0,0,0,0,0,0.0,0.0,0.0,0.0,0,0,0,0,0,0.00,0.00,0.00,0.00
740,Stephen Mfuni,Man City,8,0,0,0,0,0,0,0,0.0,0.0,0.0,0.0,0,0,0,0,0,0.00,0.00,0.00,0.00
740,Stephen Mfuni,Man City,9,0,0,0,0,0,0,0,0.0,0.0,0.0,0.0,0,0,0,0,0,0.00,0.00,0.00,0.00
742,Ryan McAidoo,Man City,6,0,0,0,0,0,0,0,0.0,0.0,0.0,0.0,0,0,0,0,0,0.00,0.00,0.00,0.00
742,Ryan McAidoo,Man City,7,0,0,0,0,0,0,0,0.0,0.0,0.0,0.0,0,0,0,0,0,0.00,0.00,0.00,0.00
742,Ryan McAidoo,Man City,8,0,0,0,0,0,0,0,0.0,0.0,0.0,0.0,0,0,0,0,0,0.00,0.00,0.00,0.00
742,Ryan McAidoo,Man City,9,0,0,0,0,0,0,0,0.0,0.0,0.0,0.0,0,0,0,0,0,0.00,0.00,0.00,0.00
119,Bryan Mbeumo,Man Utd,1,2,90,0,0,0,0,0,10.6,21.4,49.0,8.1,1,5,0,6,1,0.42,0.05,0.47,1.31
119,Bryan Mbeumo,Man Utd,2,2,90,0,0,0,0,0,6.2,43.7,8.0,5.8,0,2,0,2,1,0.00,0.31,0.31,1.76
119,Bryan Mbeumo,Man Utd,3,10,90,1,0,0,0,0,48.2,78.2,50.0,17.6,0,1,0,1,1,0.66,0.66,1.32,1.20
119,Bryan Mbeumo,Man Utd,4,2,90,0,0,0,0,0,2.2,15.7,41.0,5.9,0,2,0,2,1,0.68,0.17,0.85,2.52
119,Bryan Mbeumo,Man Utd,5,3,69,0,0,1,0,0,2.8,11.1,22.0,3.6,1,1,0,2,1,0.09,0.08,0.17,0.13
119,Bryan Mbeumo,Man Utd,6,2,90,0,0,0,0,0,10.8,40.3,10.0,6.1,0,0,2,2,1,0.00,0.07,0.07,2.02
119,Bryan Mbeumo,Man Utd,7,6,76,0,1,1,0,0,21.4,26.8,19.0,6.7,0,3,0,3,1,0.10,0.14,0.24,0.42
119,Bryan Mbeumo,Man Utd,8,9,90,1,0,0,0,0,37.6,15.5,39.0,9.2,1,1,0,2,1,0.38,0.32,0.70,2.75
119,Bryan Mbeumo,Man Utd,9,15,90,2,0,0,0,0,81.0,36.6,53.0,17.1,0,7,0,7,1,0.56,0.24,0.80,1.12
431,Altay Bayındır,Man Utd,1,2,90,0,0,0,0,0,13.4,0.0,0.0,1.3,1,10,0,0,1,0.00,0.00,0.00,1.31
431,Altay Bayındır,Man Utd,2,2,90,0,0,0,0,0,16.0,10.0,0.0,2.6,0,6,0,0,1,0.00,0.03,0.03,1.76
431,Altay Bayındır,Man Utd,3,1,90,0,0,0,0,0,11.6,0.0,0.0,1.2,0,12,0,0,1,0.00,0.01,0.01,1.20
431,Altay Bayındır,Man Utd,4,2,90,0,0,0,0,0,29.2,0.0,0.0,2.9,1,4,0,0,1,0.00,0.00,0.00,2.52
431,Altay Bayındır,Man Utd,5,2,90,0,0,0,0,0,3.8,0.0,0.0,0.4,3,2,0,0,1,0.00,0.00,0.00,0.43
431,Altay Bayındır,Man Utd,6,2,90,0,0,0,0,0,44.4,0.0,0.0,4.4,2,5,0,0,1,0.00,0.01,0.01,2.02
431,Altay Bayındır,Man Utd,7,0,0,0,0,0,0,0,0.0,0.0,0.0,0.0,0,0,0,0,0,0.00,0.00,0.00,0.00
431,Altay Bayındır,Man Utd,8,0,0,0,0,0,0,0,0.0,0.0,0.0,0.0,0,0,0,0,0,0.00,0.00,0.00,0.00
431,Altay Bayındır,Man Utd,9,0,0,0,0,0,0,0,0.0,0.0,0.0,0.0,0,0,0,0,0,0.00,0.00,0.00,0.00
432,André Onana,Man Utd,1,0,0,0,0,0,0,0,0.0,0.0,0.0,0.0,0,0,0,0,0,0.00,0.00,0.00,0.00
432,André Onana,Man Utd,2,0,0,0,0,0,0,0,0.0,0.0,0.0,0.0,0,0,0,0,0,0.00,0.00,0.00,0.00
432,André Onana,Man Utd,3,0,0,0,0,0,0,0,0.0,0.0,0.0,0.0,0,0,0,0,0,0.00,0.00,0.00,0.00
432,André Onana,Man Utd,4,0,0,0,0,0,0,0,0.0,0.0,0.0,0.0,0,0,0,0,0,0.00,0.00,0.00,0.00
432,André Onana,Man Utd,5,0,0,0,0,0,0,0,0.0,0.0,0.0,0.0,0,0,0,0,0,0.00,0.00,0.00,0.00
432,André Onana,Man Utd,6,0,0,0,0,0,0,0,0.0,0.0,0.0,0.0,0,0,0,0,0,0.00,0.00,0.00,0.00
432,André Onana,Man Utd,7,0,0,0,0,0,0,0,0.0,0.0,0.0,0.0,0,0,0,0,0,0.00,0.00,0.00,0.00
432,André Onana,Man Utd,8,0,0,0,0,0,0,0,0.0,0.0,0.0,0.0,0,0,0,0,0,0.00,0.00,0.00,0.00
432,André Onana,Man Utd,9,0,0,0,0,0,0,0,0.0,0.0,0.0,0.0,0,0,0,0,0,0.00,0.00,0.00,0.00
433,Elyh Harrison,Man Utd,1,0,0,0,0,0,0,0,0.0,0.0,0.0,0.0,0,0,0,0,0,0.00,0.00,0.00,0.00
433,Elyh Harrison,Man Utd,2,0,0,0,0,0,0,0,0.0,0.0,0.0,0.0,0,0,0,0,0,0.00,0.00,0.00,0.00
433,Elyh Harrison,Man Utd,3,0,0,0,0,0,0,0,0.0,0.0,0.0,0.0,0,0,0,0,0,0.00,0.00,0.00,0.00
433,Elyh Harrison,Man Utd,4,0,0,0,0,0,0,0,0.0,0.0,0.0,0.0,0,0,0,0,0,0.00,0.00,0.00,0.00
433,Elyh Harrison,Man Utd,5,0,0,0,0,0,0,0,0.0,0.0,0.0,0.0,0,0,0,0,0,0.00,0.00,0.00,0.00
433,Elyh Harrison,Man Utd,6,0,0,0,0,0,0,0,0.0,0.0,0.0,0.0,0,0,0,0,0,0.00,0.00,0.00,0.00
433,Elyh Harrison,Man Utd,7,0,0,0,0,0,0,0,0.0,0.0,0.0,0.0,0,0,0,0,0,0.00,0.00,0.00,0.00
433,Elyh Harrison,Man Utd,8,0,0,0,0,0,0,0,0.0,0.0,0.0,0.0,0,0,0,0,0,0.00,0.00,0.00,0.00
433,Elyh Harrison,Man Utd,9,0,0,0,0,0,0,0,0.0,0.0,0.0,0.0,0,0,0,0,0,0.00,0.00,0.00,0.00
434,Tom Heaton,Man Utd,1,0,0,0,0,0,0,0,0.0,0.0,0.0,0.0,0,0,0,0,0,0.00,0.00,0.00,0.00
434,Tom Heaton,Man Utd,2,0,0,0,0,0,0,0,0.0,0.0,0.0,0.0,0,0,0,0,0,0.00,0.00,0.00,0.00
434,Tom Heaton,Man Utd,3,0,0,0,0,0,0,0,0.0,0.0,0.0,0.0,0,0,0,0,0,0.00,0.00,0.00,0.00
434,Tom Heaton,Man Utd,4,0,0,0,0,0,0,0,0.0,0.0,0.0,0.0,0,0,0,0,0,0.00,0.00,0.00,0.00
434,Tom Heaton,Man Utd,5,0,0,0,0,0,0,0,0.0,0.0,0.0,0.0,0,0,0,0,0,0.00,0.00,0.00,0.00
434,Tom Heaton,Man Utd,6,0,0,0,0,0,0,0,0.0,0.0,0.0,0.0,0,0,0,0,0,0.00,0.00,0.00,0.00
434,Tom Heaton,Man Utd,7,0,0,0,0,0,0,0,0.0,0.0,0.0,0.0,0,0,0,0,0,0.00,0.00,0.00,0.00
434,Tom Heaton,Man Utd,8,0,0,0,0,0,0,0,0.0,0.0,0.0,0.0,0,0,0,0,0,0.00,0.00,0.00,0.00
434,Tom Heaton,Man Utd,9,0,0,0,0,0,0,0,0.0,0.0,0.0,0.0,0,0,0,0,0,0.00,0.00,0.00,0.00
435,Dermot Mee,Man Utd,1,0,0,0,0,0,0,0,0.0,0.0,0.0,0.0,0,0,0,0,0,0.00,0.00,0.00,0.00
435,Dermot Mee,Man Utd,2,0,0,0,0,0,0,0,0.0,0.0,0.0,0.0,0,0,0,0,0,0.00,0.00,0.00,0.00
435,Dermot Mee,Man Utd,3,0,0,0,0,0,0,0,0.0,0.0,0.0,0.0,0,0,0,0,0,0.00,0.00,0.00,0.00
435,Dermot Mee,Man Utd,4,0,0,0,0,0,0,0,0.0,0.0,0.0,0.0,0,0,0,0,0,0.00,0.00,0.00,0.00
435,Dermot Mee,Man Utd,5,0,0,0,0,0,0,0,0.0,0.0,0.0,0.0,0,0,0,0,0,0.00,0.00,0.00,0.00
435,Dermot Mee,Man Utd,6,0,0,0,0,0,0,0,0.0,0.0,0.0,0.0,0,0,0,0,0,0.00,0.00,0.00,0.00
435,Dermot Mee,Man Utd,7,0,0,0,0,0,0,0,0.0,0.0,0.0,0.0,0,0,0,0,0,0.00,0.00,0.00,0.00
435,Dermot Mee,Man Utd,8,0,0,0,0,0,0,0,0.0,0.0,0.0,0.0,0,0,0,0,0,0.00,0.00,0.00,0.00
435,Dermot Mee,Man Utd,9,0,0,0,0,0,0,0,0.0,0.0,0.0,0.0,0,0,0,0,0,0.00,0.00,0.00,0.00
436,Matthijs de Ligt,Man Utd,1,4,90,0,0,0,0,0,33.4,16.0,26.0,7.5,8,4,2,10,1,0.21,0.06,0.27,1.31
436,Matthijs de Ligt,Man Utd,2,7,90,0,0,0,0,0,29.0,0.2,0.0,2.9,10,2,1,11,1,0.00,0.01,0.01,1.76
436,Matthijs de Ligt,Man Utd,3,1,90,0,0,0,0,0,10.2,0.2,5.0,1.5,4,4,0,4,1,0.10,0.00,0.10,1.20
436,Matthijs de Ligt,Man Utd,4,1,90,0,0,0,0,0,14.8,0.8,0.0,1.6,4,4,5,9,1,0.00,0.00,0.00,2.52
436,Matthijs de Ligt,Man Utd,5,2,90,0,0,0,0,0,27.0,23.3,0.0,5.0,7,4,2,9,1,0.00,0.38,0.38,0.43
436,Matthijs de Ligt,Man Utd,6,3,90,0,0,0,0,0,20.0,0.9,4.0,2.5,7,4,3,10,1,0.15,0.00,0.15,2.02
436,Matthijs de Ligt,Man Utd,7,8,90,0,0,1,0,0,14.4,0.5,2.0,1.7,7,1,2,9,1,0.00,0.00,0.00,0.71
436,Matthijs de Ligt,Man Utd,8,2,90,0,0,0,0,0,4.2,0.4,9.0,1.4,5,1,0,5,1,0.43,0.00,0.43,2.75
436,Matthijs de Ligt,Man Utd,9,1,90,0,0,0,0,0,17.8,1.4,0.0,1.9,8,5,0,8,1,0.00,0.00,0.00,1.12
437,Lisandro Martínez,Man Utd,1,0,0,0,0,0,0,0,0.0,0.0,0.0,0.0,0,0,0,0,0,0.00,0.00,0.00,0.00
437,Lisandro Martínez,Man Utd,2,0,0,0,0,0,0,0,0.0,0.0,0.0,0.0,0,0,0,0,0,0.00,0.00,0.00,0.00
437,Lisandro Martínez,Man Utd,3,0,0,0,0,0,0,0,0.0,0.0,0.0,0.0,0,0,0,0,0,0.00,0.00,0.00,0.00
437,Lisandro Martínez,Man Utd,4,0,0,0,0,0,0,0,0.0,0.0,0.0,0.0,0,0,0,0,0,0.00,0.00,0.00,0.00
437,Lisandro Martínez,Man Utd,5,0,0,0,0,0,0,0,0.0,0.0,0.0,0.0,0,0,0,0,0,0.00,0.00,0.00,0.00
437,Lisandro Martínez,Man Utd,6,0,0,0,0,0,0,0,0.0,0.0,0.0,0.0,0,0,0,0,0,0.00,0.00,0.00,0.00
437,Lisandro Martínez,Man Utd,7,0,0,0,0,0,0,0,0.0,0.0,0.0,0.0,0,0,0,0,0,0.00,0.00,0.00,0.00
437,Lisandro Martínez,Man Utd,8,0,0,0,0,0,0,0,0.0,0.0,0.0,0.0,0,0,0,0,0,0.00,0.00,0.00,0.00
437,Lisandro Martínez,Man Utd,9,0,0,0,0,0,0,0,0.0,0.0,0.0,0.0,0,0,0,0,0,0.00,0.00,0.00,0.00
438,Noussair Mazraoui,Man Utd,1,0,0,0,0,0,0,0,0.0,0.0,0.0,0.0,0,0,0,0,0,0.00,0.00,0.00,0.00
438,Noussair Mazraoui,Man Utd,2,0,0,0,0,0,0,0,0.0,0.0,0.0,0.0,0,0,0,0,0,0.00,0.00,0.00,0.00
438,Noussair Mazraoui,Man Utd,3,1,5,0,0,0,0,0,4.6,0.5,0.0,0.5,1,0,1,2,0,0.00,0.00,0.00,0.00
438,Noussair Mazraoui,Man Utd,4,1,61,0,0,0,0,0,8.6,2.5,4.0,1.5,2,5,3,5,1,0.00,0.03,0.03,1.46
438,Noussair Mazraoui,Man Utd,5,7,64,0,0,1,0,0,18.0,11.2,0.0,2.9,1,6,4,5,1,0.00,0.10,0.10,0.13
438,Noussair Mazraoui,Man Utd,6,0,0,0,0,0,0,0,0.0,0.0,0.0,0.0,0,0,0,0,0,0.00,0.00,0.00,0.00
438,Noussair Mazraoui,Man Utd,7,0,0,0,0,0,0,0,0.0,0.0,0.0,0.0,0,0,0,0,0,0.00,0.00,0.00,0.00
438,Noussair Mazraoui,Man Utd,8,0,0,0,0,0,0,0,0.0,0.0,0.0,0.0,0,0,0,0,0,0.00,0.00,0.00,0.00
438,Noussair Mazraoui,Man Utd,9,0,0,0,0,0,0,0,0.0,0.0,0.0,0.0,0,0,0,0,0,0.00,0.00,0.00,0.00
439,Diego León Blanco,Man Utd,1,0,0,0,0,0,0,0,0.0,0.0,0.0,0.0,0,0,0,0,0,0.00,0.00,0.00,0.00
439,Diego León Blanco,Man Utd,2,0,0,0,0,0,0,0,0.0,0.0,0.0,0.0,0,0,0,0,0,0.00,0.00,0.00,0.00
439,Diego León Blanco,Man Utd,3,0,0,0,0,0,0,0,0.0,0.0,0.0,0.0,0,0,0,0,0,0.00,0.00,0.00,0.00
439,Diego León Blanco,Man Utd,4,0,0,0,0,0,0,0,0.0,0.0,0.0,0.0,0,0,0,0,0,0.00,0.00,0.00,0.00
439,Diego León Blanco,Man Utd,5,0,0,0,0,0,0,0,0.0,0.0,0.0,0.0,0,0,0,0,0,0.00,0.00,0.00,0.00
439,Diego León Blanco,Man Utd,6,0,0,0,0,0,0,0,0.0,0.0,0.0,0.0,0,0,0,0,0,0.00,0.00,0.00,0.00
439,Diego León Blanco,Man Utd,7,0,0,0,0,0,0,0,0.0,0.0,0.0,0.0,0,0,0,0,0,0.00,0.00,0.00,0.00
439,Diego León Blanco,Man Utd,8,0,0,0,0,0,0,0,0.0,0.0,0.0,0.0,0,0,0,0,0,0.00,0.00,0.00,0.00
439,Diego León Blanco,Man Utd,9,0,0,0,0,0,0,0,0.0,0.0,0.0,0.0,0,0,0,0,0,0.00,0.00,0.00,0.00
440,Diogo Dalot Teixeira,Man Utd,1,1,54,0,0,0,0,0,6.8,14.1,2.0,2.3,3,2,1,4,1,0.00,0.15,0.15,1.03
440,Diogo Dalot Teixeira,Man Utd,2,1,38,0,0,0,0,0,0.0,4.8,10.0,1.4,1,1,1,2,0,0.01,0.01,0.02,0.86
440,Diogo Dalot Teixeira,Man Utd,3,4,90,0,1,0,0,0,36.8,33.1,6.0,7.6,4,3,2,6,1,0.00,0.46,0.46,1.20
440,Diogo Dalot Teixeira,Man Utd,4,0,0,0,0,0,0,0,0.0,0.0,0.0,0.0,0,0,0,0,0,0.00,0.00,0.00,0.00
440,Diogo Dalot Teixeira,Man Utd,5,0,0,0,0,0,0,0,0.0,0.0,0.0,0.0,0,0,0,0,0,0.00,0.00,0.00,0.00
440,Diogo Dalot Teixeira,Man Utd,6,1,90,0,0,0,0,0,11.6,36.8,0.0,4.8,1,1,0,1,1,0.00,0.12,0.12,2.02
440,Diogo Dalot Teixeira,Man Utd,7,9,63,0,1,1,0,0,4.2,6.4,8.0,1.9,3,2,1,4,1,0.05,0.03,0.08,0.37
440,Diogo Dalot Teixeira,Man Utd,8,4,90,0,0,0,0,0,21.4,15.2,0.0,3.7,8,4,4,12,1,0.00,0.01,0.01,2.75
440,Diogo Dalot Teixeira,Man Utd,9,1,90,0,0,0,0,0,9.6,15.2,1.0,2.6,2,4,2,4,1,0.03,0.08,0.11,1.12
441,Patrick Dorgu,Man Utd,1,1,90,0,0,0,1,0,9.0,2.8,8.0,2.0,1,2,4,5,1,0.04,0.02,0.06,1.31
441,Patrick Dorgu,Man Utd,2,2,90,0,0,0,0,0,4.8,4.5,6.0,1.5,4,1,0,4,1,0.00,0.04,0.04,1.76
441,Patrick Dorgu,Man Utd,3,0,0,0,0,0,0,0,0.0,0.0,0.0,0.0,0,0,0,0,0,0.00,0.00,0.00,0.00
441,Patrick Dorgu,Man Utd,4,1,90,0,0,0,0,0,20.4,48.9,28.0,9.7,2,3,4,6,1,0.20,0.10,0.30,2.52
441,Patrick Dorgu,Man Utd,5,5,90,0,1,0,0,0,36.0,26.8,10.0,7.3,3,4,4,7,1,0.00,0.39,0.39,0.43
441,Patrick Dorgu,Man Utd,6,0,84,0,0,0,1,0,8.6,1.1,2.0,1.2,5,5,2,7,1,0.00,0.01,0.01,1.92
441,Patrick Dorgu,Man Utd,7,1,26,0,0,0,0,0,4.4,10.1,2.0,1.7,1,1,1,2,0,0.00,0.00,0.00,0.34
441,Patrick Dorgu,Man Utd,8,1,31,0,0,0,0,0,11.0,11.0,0.0,2.2,3,2,3,6,0,0.00,0.02,0.02,1.79
441,Patrick Dorgu,Man Utd,9,-1,20,0,0,0,1,0,3.4,0.8,0.0,0.4,0,1,2,2,0,0.00,0.00,0.00,0.56
442,Harry Maguire,Man Utd,1,1,10,0,0,0,0,0,5.2,0.5,0.0,0.6,3,0,0,3,0,0.00,0.00,0.00,0.21
442,Harry Maguire,Man Utd,2,1,3,0,0,0,0,0,0.2,0.0,4.0,0.4,1,0,0,1,0,0.10,0.00,0.10,0.03
442,Harry Maguire,Man Utd,3,0,0,0,0,0,0,0,0.0,0.0,0.0,0.0,0,0,0,0,0,0.00,0.00,0.00,0.00
442,Harry Maguire,Man Utd,4,1,28,0,0,0,0,0,0.0,0.3,0.0,0.0,1,1,0,1,0,0.00,0.00,0.00,1.06
442,Harry Maguire,Man Utd,5,11,69,0,1,1,0,0,19.2,10.8,6.0,3.6,2,2,1,3,1,0.11,0.01,0.12,0.13
442,Harry Maguire,Man Utd,6,1,65,0,0,0,0,0,8.4,0.2,7.0,1.6,5,4,0,5,1,0.02,0.00,0.02,1.81
442,Harry Maguire,Man Utd,7,1,5,0,0,0,0,0,0.2,0.0,0.0,0.0,0,0,0,0,0,0.00,0.00,0.00,0.21
442,Harry Maguire,Man Utd,8,11,90,1,0,0,0,0,51.6,0.2,21.0,7.3,10,4,0,10,1,0.09,0.01,0.10,2.75
442,Harry Maguire,Man Utd,9,0,0,0,0,0,0,0,0.0,0.0,0.0,0.0,0,0,0,0,0,0.00,0.00,0.00,0.00
443,Luke Shaw,Man Utd,1,2,79,0,0,0,0,0,11.2,12.5,0.0,2.4,1,5,3,4,1,0.00,0.02,0.02,1.10
443,Luke Shaw,Man Utd,2,2,86,0,0,0,0,0,9.6,2.8,0.0,1.2,4,1,1,5,1,0.00,0.01,0.01,1.73
443,Luke Shaw,Man Utd,3,1,90,0,0,0,0,0,13.0,3.8,0.0,1.7,1,2,3,4,1,0.00,0.02,0.02,1.20
443,Luke Shaw,Man Utd,4,1,90,0,0,0,0,0,8.6,3.7,0.0,1.2,1,5,1,2,1,0.00,0.05,0.05,2.52
443,Luke Shaw,Man Utd,5,2,90,0,0,0,0,0,14.2,2.2,5.0,2.1,5,6,3,8,1,0.08,0.01,0.09,0.43
443,Luke Shaw,Man Utd,6,1,80,0,0,0,0,0,10.4,0.8,0.0,1.1,3,5,1,4,1,0.00,0.01,0.01,1.92
443,Luke Shaw,Man Utd,7,6,90,0,0,1,0,0,8.6,1.1,0.0,1.0,3,4,2,5,1,0.00,0.01,0.01,0.71
443,Luke Shaw,Man Utd,8,2,84,0,0,0,0,0,8.6,1.1,0.0,1.0,5,0,1,6,1,0.00,0.00,0.00,2.44
443,Luke Shaw,Man Utd,9,9,64,0,1,1,0,0,21.8,11.4,0.0,3.3,1,2,1,2,1,0.00,0.00,0.00,0.56
444,Leny Yoro,Man Utd,1,4,90,0,0,0,0,0,18.2,2.6,0.0,2.1,10,4,1,11,1,0.00,0.01,0.01,1.31
444,Leny Yoro,Man Utd,2,6,86,0,1,0,0,0,15.0,11.3,9.0,3.5,6,1,2,8,1,0.18,0.01,0.19,1.73
444,Leny Yoro,Man Utd,3,1,84,0,0,0,0,0,7.8,4.6,4.0,1.6,2,1,2,4,1,0.09,0.02,0.11,1.20
444,Leny Yoro,Man Utd,4,1,61,0,0,0,0,0,0.6,0.8,2.0,0.3,3,5,0,3,1,0.00,0.00,0.00,1.46
444,Leny Yoro,Man Utd,5,1,20,0,0,0,0,0,0.0,0.0,0.0,0.0,0,2,0,0,0,0.00,0.00,0.00,0.30
444,Leny Yoro,Man Utd,6,1,24,0,0,0,0,0,9.4,1.0,0.0,1.0,3,1,0,3,0,0.00,0.00,0.00,0.21
444,Leny Yoro,Man Utd,7,6,84,0,0,1,0,0,12.4,0.3,9.0,2.2,5,3,2,7,1,0.02,0.00,0.02,0.50
444,Leny Yoro,Man Utd,8,1,5,0,0,0,0,0,4.2,0.1,0.0,0.4,2,0,0,2,0,0.00,0.00,0.00,0.31
444,Leny Yoro,Man Utd,9,1,90,0,0,0,0,0,12.8,2.8,0.0,1.6,5,4,1,6,1,0.00,0.01,0.01,1.12
445,Harry Amass,Man Utd,1,0,0,0,0,0,0,0,0.0,0.0,0.0,0.0,0,0,0,0,0,0.00,0.00,0.00,0.00
445,Harry Amass,Man Utd,2,0,0,0,0,0,0,0,0.0,0.0,0.0,0.0,0,0,0,0,0,0.00,0.00,0.00,0.00
445,Harry Amass,Man Utd,3,0,0,0,0,0,0,0,0.0,0.0,0.0,0.0,0,0,0,0,0,0.00,0.00,0.00,0.00
445,Harry Amass,Man Utd,4,0,0,0,0,0,0,0,0.0,0.0,0.0,0.0,0,0,0,0,0,0.00,0.00,0.00,0.00
445,Harry Amass,Man Utd,5,0,0,0,0,0,0,0,0.0,0.0,0.0,0.0,0,0,0,0,0,0.00,0.00,0.00,0.00
445,Harry Amass,Man Utd,6,0,0,0,0,0,0,0,0.0,0.0,0.0,0.0,0,0,0,0,0,0.00,0.00,0.00,0.00
445,Harry Amass,Man Utd,7,0,0,0,0,0,0,0,0.0,0.0,0.0,0.0,0,0,0,0,0,0.00,0.00,0.00,0.00
445,Harry Amass,Man Utd,8,0,0,0,0,0,0,0,0.0,0.0,0.0,0.0,0,0,0,0,0,0.00,0.00,0.00,0.00
445,Harry Amass,Man Utd,9,0,0,0,0,0,0,0,0.0,0.0,0.0,0.0,0,0,0,0,0,0.00,0.00,0.00,0.00
446,Tyler Fredricson,Man Utd,1,0,0,0,0,0,0,0,0.0,0.0,0.0,0.0,0,0,0,0,0,0.00,0.00,0.00,0.00
446,Tyler Fredricson,Man Utd,2,0,0,0,0,0,0,0,0.0,0.0,0.0,0.0,0,0,0,0,0,0.00,0.00,0.00,0.00
446,Tyler Fredricson,Man Utd,3,0,0,0,0,0,0,0,0.0,0.0,0.0,0.0,0,0,0,0,0,0.00,0.00,0.00,0.00
446,Tyler Fredricson,Man Utd,4,0,0,0,0,0,0,0,0.0,0.0,0.0,0.0,0,0,0,0,0,0.00,0.00,0.00,0.00
446,Tyler Fredricson,Man Utd,5,0,0,0,0,0,0,0,0.0,0.0,0.0,0.0,0,0,0,0,0,0.00,0.00,0.00,0.00
446,Tyler Fredricson,Man Utd,6,0,0,0,0,0,0,0,0.0,0.0,0.0,0.0,0,0,0,0,0,0.00,0.00,0.00,0.00
446,Tyler Fredricson,Man Utd,7,0,0,0,0,0,0,0,0.0,0.0,0.0,0.0,0,0,0,0,0,0.00,0.00,0.00,0.00
446,Tyler Fredricson,Man Utd,8,0,0,0,0,0,0,0,0.0,0.0,0.0,0.0,0,0,0,0,0,0.00,0.00,0.00,0.00
446,Tyler Fredricson,Man Utd,9,0,0,0,0,0,0,0,0.0,0.0,0.0,0.0,0,0,0,0,0,0.00,0.00,0.00,0.00
447,Ayden Heaven,Man Utd,1,0,0,0,0,0,0,0,0.0,0.0,0.0,0.0,0,0,0,0,0,0.00,0.00,0.00,0.00
447,Ayden Heaven,Man Utd,2,1,3,0,0,0,0,0,2.0,0.0,0.0,0.2,1,0,0,1,0,0.00,0.00,0.00,0.03
447,Ayden Heaven,Man Utd,3,0,0,0,0,0,0,0,0.0,0.0,0.0,0.0,0,0,0,0,0,0.00,0.00,0.00,0.00
447,Ayden Heaven,Man Utd,4,0,0,0,0,0,0,0,0.0,0.0,0.0,0.0,0,0,0,0,0,0.00,0.00,0.00,0.00
447,Ayden Heaven,Man Utd,5,0,0,0,0,0,0,0,0.0,0.0,0.0,0.0,0,0,0,0,0,0.00,0.00,0.00,0.00
447,Ayden Heaven,Man Utd,6,0,0,0,0,0,0,0,0.0,0.0,0.0,0.0,0,0,0,0,0,0.00,0.00,0.00,0.00
447,Ayden Heaven,Man Utd,7,0,0,0,0,0,0,0,0.0,0.0,0.0,0.0,0,0,0,0,0,0.00,0.00,0.00,0.00
447,Ayden Heaven,Man Utd,8,0,0,0,0,0,0,0,0.0,0.0,0.0,0.0,0,0,0,0,0,0.00,0.00,0.00,0.00
447,Ayden Heaven,Man Utd,9,3,25,0,1,0,0,0,26.6,10.3,0.0,3.7,2,1,1,3,0,0.00,0.08,0.08,0.56
448,Tyrell Malacia,Man Utd,1,0,0,0,0,0,0,0,0.0,0.0,0.0,0.0,0,0,0,0,0,0.00,0.00,0.00,0.00
448,Tyrell Malacia,Man Utd,2,0,0,0,0,0,0,0,0.0,0.0,0.0,0.0,0,0,0,0,0,0.00,0.00,0.00,0.00
448,Tyrell Malacia,Man Utd,3,0,0,0,0,0,0,0,0.0,0.0,0.0,0.0,0,0,0,0,0,0.00,0.00,0.00,0.00
448,Tyrell Malacia,Man Utd,4,0,0,0,0,0,0,0,0.0,0.0,0.0,0.0,0,0,0,0,0,0.00,0.00,0.00,0.00
448,Tyrell Malacia,Man Utd,5,0,0,0,0,0,0,0,0.0,0.0,0.0,0.0,0,0,0,0,0,0.00,0.00,0.00,0.00
448,Tyrell Malacia,Man Utd,6,0,0,0,0,0,0,0,0.0,0.0,0.0,0.0,0,0,0,0,0,0.00,0.00,0.00,0.00
448,Tyrell Malacia,Man Utd,7,0,0,0,0,0,0,0,0.0,0.0,0.0,0.0,0,0,0,0,0,0.00,0.00,0.00,0.00
448,Tyrell Malacia,Man Utd,8,0,0,0,0,0,0,0,0.0,0.0,0.0,0.0,0,0,0,0,0,0.00,0.00,0.00,0.00
448,Tyrell Malacia,Man Utd,9,0,0,0,0,0,0,0,0.0,0.0,0.0,0.0,0,0,0,0,0,0.00,0.00,0.00,0.00
449,Bruno Borges Fernandes,Man Utd,1,2,90,0,0,0,0,0,25.2,65.3,9.0,10.0,2,6,3,11,1,0.15,0.30,0.45,1.31
449,Bruno Borges Fernandes,Man Utd,2,2,90,0,0,0,0,0,21.0,17.3,13.0,5.1,3,8,2,13,1,0.82,0.04,0.86,1.76
449,Bruno Borges Fernandes,Man Utd,3,10,90,1,0,0,1,0,59.0,83.7,27.0,17.0,4,10,3,17,1,0.92,0.25,1.17,1.20
449,Bruno Borges Fernandes,Man Utd,4,2,90,0,0,0,0,0,16.0,35.7,1.0,5.3,0,3,2,5,1,0.02,0.32,0.34,2.52
449,Bruno Borges Fernandes,Man Utd,5,10,86,1,0,0,0,0,42.8,17.8,46.0,10.7,0,6,2,8,1,0.82,0.08,0.90,0.32
449,Bruno Borges Fernandes,Man Utd,6,-1,90,0,0,0,1,0,17.6,12.7,17.0,4.7,4,6,1,11,1,0.79,0.01,0.80,2.02
449,Bruno Borges Fernandes,Man Utd,7,3,90,0,0,1,0,0,18.2,37.9,13.0,6.9,5,4,0,9,1,0.17,0.30,0.47,0.71
449,Bruno Borges Fernandes,Man Utd,8,8,84,0,1,0,0,0,29.2,44.8,9.0,8.3,2,5,1,8,1,0.20,0.12,0.32,2.44
449,Bruno Borges Fernandes,Man Utd,9,4,90,0,0,0,0,0,30.8,30.7,48.0,11.0,5,7,3,15,1,0.38,0.19,0.57,1.12
450,Matheus Santos Carneiro da Cunha,Man Utd,1,2,90,0,0,0,0,0,17.8,13.3,50.0,8.1,0,2,1,3,1,0.40,0.05,0.45,1.31
450,Matheus Santos Carneiro da Cunha,Man Utd,2,2,90,0,0,0,0,0,8.6,14.9,22.0,4.6,1,2,1,4,1,0.39,0.02,0.41,1.76
450,Matheus Santos Carneiro da Cunha,Man Utd,3,1,30,0,0,0,0,0,6.8,15.1,9.0,3.1,0,1,0,1,1,0.03,0.15,0.18,0.00
450,Matheus Santos Carneiro da Cunha,Man Utd,4,0,0,0,0,0,0,0,0.0,0.0,0.0,0.0,0,0,0,0,0,0.00,0.00,0.00,0.00
450,Matheus Santos Carneiro da Cunha,Man Utd,5,1,26,0,0,0,0,0,4.2,4.3,2.0,1.1,1,3,0,4,0,0.00,0.03,0.03,0.30
450,Matheus Santos Carneiro da Cunha,Man Utd,6,2,90,0,0,0,0,0,11.8,18.8,12.0,4.3,1,5,2,8,1,0.11,0.27,0.38,2.02
450,Matheus Santos Carneiro da Cunha,Man Utd,7,1,25,0,0,0,0,0,1.0,1.3,30.0,3.2,1,3,0,4,0,0.39,0.00,0.39,0.34
450,Matheus Santos Carneiro da Cunha,Man Utd,8,2,90,0,0,0,0,0,6.2,4.2,10.0,2.0,3,6,0,9,1,0.08,0.04,0.12,2.75
450,Matheus Santos Carneiro da Cunha,Man Utd,9,8,81,1,0,0,0,0,51.2,26.7,18.0,9.6,2,3,3,8,1,0.09,0.30,0.39,0.80
451,Marcus Rashford,Man Utd,1,0,0,0,0,0,0,0,0.0,0.0,0.0,0.0,0,0,0,0,0,0.00,0.00,0.00,0.00
451,Marcus Rashford,Man Utd,2,0,0,0,0,0,0,0,0.0,0.0,0.0,0.0,0,0,0,0,0,0.00,0.00,0.00,0.00
451,Marcus Rashford,Man Utd,3,0,0,0,0,0,0,0,0.0,0.0,0.0,0.0,0,0,0,0,0,0.00,0.00,0.00,0.00
451,Marcus Rashford,Man Utd,4,0,0,0,0,0,0,0,0.0,0.0,0.0,0.0,0,0,0,0,0,0.00,0.00,0.00,0.00
451,Marcus Rashford,Man Utd,5,0,0,0,0,0,0,0,0.0,0.0,0.0,0.0,0,0,0,0,0,0.00,0.00,0.00,0.00
451,Marcus Rashford,Man Utd,6,0,0,0,0,0,0,0,0.0,0.0,0.0,0.0,0,0,0,0,0,0.00,0.00,0.00,0.00
451,Marcus Rashford,Man Utd,7,0,0,0,0,0,0,0,0.0,0.0,0.0,0.0,0,0,0,0,0,0.00,0.00,0.00,0.00
451,Marcus Rashford,Man Utd,8,0,0,0,0,0,0,0,0.0,0.0,0.0,0.0,0,0,0,0,0,0.00,0.00,0.00,0.00
451,Marcus Rashford,Man Utd,9,0,0,0,0,0,0,0,0.0,0.0,0.0,0.0,0,0,0,0,0,0.00,0.00,0.00,0.00
452,Amad Diallo,Man Utd,1,1,35,0,0,0,0,0,13.4,12.3,19.0,4.5,0,1,3,4,0,0.03,0.04,0.07,0.27
452,Amad Diallo,Man Utd,2,1,51,0,0,0,0,0,11.4,3.4,22.0,3.7,2,2,2,6,1,0.14,0.02,0.16,0.90
452,Amad Diallo,Man Utd,3,5,90,0,1,0,0,0,15.4,27.3,33.0,7.6,2,7,1,10,1,0.63,0.06,0.69,1.20
452,Amad Diallo,Man Utd,4,2,90,0,0,0,0,0,10.4,27.0,9.0,4.6,1,3,2,6,1,0.07,0.57,0.64,2.52
452,Amad Diallo,Man Utd,5,2,90,0,0,0,0,0,9.2,7.9,12.0,2.9,3,6,2,11,1,0.38,0.05,0.43,0.43
452,Amad Diallo,Man Utd,6,0,0,0,0,0,0,0,0.0,0.0,0.0,0.0,0,0,0,0,0,0.00,0.00,0.00,0.00
452,Amad Diallo,Man Utd,7,3,90,0,0,1,0,0,18.4,34.5,30.0,8.3,2,6,2,10,1,0.64,0.10,0.74,0.71
452,Amad Diallo,Man Utd,8,3,58,0,1,0,1,0,22.8,25.2,2.0,5.0,2,4,1,7,1,0.00,0.19,0.19,0.96
452,Amad Diallo,Man Utd,9,3,69,0,0,1,0,0,2.2,5.6,8.0,1.6,1,4,0,5,1,0.00,0.01,0.01,0.56
454,Antony dos Santos,Man Utd,1,0,0,0,0,0,0,0,0.0,0.0,0.0,0.0,0,0,0,0,0,0.00,0.00,0.00,0.00
454,Antony dos Santos,Man Utd,2,0,0,0,0,0,0,0,0.0,0.0,0.0,0.0,0,0,0,0,0,0.00,0.00,0.00,0.00
454,Antony dos Santos,Man Utd,3,0,0,0,0,0,0,0,0.0,0.0,0.0,0.0,0,0,0,0,0,0.00,0.00,0.00,0.00
454,Antony dos Santos,Man Utd,4,0,0,0,0,0,0,0,0.0,0.0,0.0,0.0,0,0,0,0,0,0.00,0.00,0.00,0.00
454,Antony dos Santos,Man Utd,5,0,0,0,0,0,0,0,0.0,0.0,0.0,0.0,0,0,0,0,0,0.00,0.00,0.00,0.00
454,Antony dos Santos,Man Utd,6,0,0,0,0,0,0,0,0.0,0.0,0.0,0.0,0,0,0,0,0,0.00,0.00,0.00,0.00
454,Antony dos Santos,Man Utd,7,0,0,0,0,0,0,0,0.0,0.0,0.0,0.0,0,0,0,0,0,0.00,0.00,0.00,0.00
454,Antony dos Santos,Man Utd,8,0,0,0,0,0,0,0,0.0,0.0,0.0,0.0,0,0,0,0,0,0.00,0.00,0.00,0.00
454,Antony dos Santos,Man Utd,9,0,0,0,0,0,0,0,0.0,0.0,0.0,0.0,0,0,0,0,0,0.00,0.00,0.00,0.00
455,Mason Mount,Man Utd,1,2,64,0,0,0,0,0,7.0,25.1,18.0,5.0,0,2,1,3,1,0.12,0.15,0.27,1.10
455,Mason Mount,Man Utd,2,3,68,0,0,1,0,0,6.4,28.5,6.0,4.1,0,1,2,3,1,0.00,0.19,0.19,1.06
455,Mason Mount,Man Utd,3,1,45,0,0,0,0,0,5.0,15.3,7.0,2.7,0,5,2,7,1,0.06,0.10,0.16,0.20
455,Mason Mount,Man Utd,4,0,0,0,0,0,0,0,0.0,0.0,0.0,0.0,0,0,0,0,0,0.00,0.00,0.00,0.00
455,Mason Mount,Man Utd,5,1,21,0,0,0,0,0,0.6,0.1,0.0,0.1,0,1,0,1,0,0.00,0.00,0.00,0.30
455,Mason Mount,Man Utd,6,1,9,0,0,0,0,0,2.4,1.7,2.0,0.6,0,0,1,1,0,0.00,0.02,0.02,0.10
455,Mason Mount,Man Utd,7,10,64,1,0,1,0,0,36.8,13.7,23.0,7.4,1,3,0,4,1,0.16,0.06,0.22,0.37
455,Mason Mount,Man Utd,8,3,60,0,0,1,0,0,2.4,1.2,11.0,1.5,1,0,1,2,1,0.16,0.00,0.16,1.01
455,Mason Mount,Man Utd,9,0,0,0,0,0,0,0,0.0,0.0,0.0,0.0,0,0,0,0,0,0.00,0.00,0.00,0.00
457,Carlos Henrique Casimiro,Man Utd,1,2,64,0,0,0,0,0,9.2,11.6,0.0,2.1,0,2,3,5,1,0.00,0.02,0.02,1.10
457,Carlos Henrique Casimiro,Man Utd,2,0,52,0,0,0,1,0,7.8,0.5,2.0,1.0,2,3,2,7,1,0.00,0.00,0.00,0.90
457,Carlos Henrique Casimiro,Man Utd,3,5,71,0,1,0,0,0,6.6,7.8,4.0,1.8,2,3,1,6,1,0.13,0.02,0.15,1.20
457,Carlos Henrique Casimiro,Man Utd,4,1,10,0,0,0,0,0,0.2,1.4,9.0,1.1,0,2,0,2,0,0.49,0.02,0.51,0.18
457,Carlos Henrique Casimiro,Man Utd,5,3,49,1,0,0,0,1,29.8,12.3,35.0,7.7,0,3,0,3,1,0.35,0.01,0.36,0.03
457,Carlos Henrique Casimiro,Man Utd,6,0,0,0,0,0,0,0,0.0,0.0,0.0,0.0,0,0,0,0,0,0.00,0.00,0.00,0.00
457,Carlos Henrique Casimiro,Man Utd,7,4,84,0,0,1,1,0,15.0,3.7,3.0,2.2,3,8,3,14,1,0.07,0.02,0.09,0.50
457,Carlos Henrique Casimiro,Man Utd,8,0,57,0,0,0,1,0,7.6,1.8,0.0,0.9,2,0,3,5,1,0.00,0.00,0.00,0.96
457,Carlos Henrique Casimiro,Man Utd,9,15,69,1,1,1,0,0,65.8,16.7,9.0,9.2,4,5,3,12,1,0.02,0.02,0.04,0.56
458,Kobbie Mainoo,Man Utd,1,0,0,0,0,0,0,0,0.0,0.0,0.0,0.0,0,0,0,0,0,0.00,0.00,0.00,0.00
458,Kobbie Mainoo,Man Utd,2,0,0,0,0,0,0,0,0.0,0.0,0.0,0.0,0,0,0,0,0,0.00,0.00,0.00,0.00
458,Kobbie Mainoo,Man Utd,3,1,45,0,0,0,0,0,5.4,16.7,3.0,2.5,0,4,1,5,0,0.07,0.09,0.16,1.00
458,Kobbie Mainoo,Man Utd,4,1,28,0,0,0,0,0,9.6,22.5,0.0,3.2,0,2,2,4,0,0.00,0.02,0.02,1.06
458,Kobbie Mainoo,Man Utd,5,1,3,0,0,0,0,0,1.0,0.3,0.0,0.1,1,0,0,1,0,0.00,0.00,0.00,0.10
458,Kobbie Mainoo,Man Utd,6,1,24,0,0,0,0,0,2.4,4.8,0.0,0.7,0,1,1,2,0,0.00,0.00,0.00,0.21
458,Kobbie Mainoo,Man Utd,7,1,13,0,0,0,0,0,2.4,0.2,0.0,0.3,0,0,1,1,0,0.00,0.00,0.00,0.29
458,Kobbie Mainoo,Man Utd,8,1,5,0,0,0,0,0,3.0,0.0,0.0,0.3,1,0,0,1,0,0.00,0.00,0.00,0.31
458,Kobbie Mainoo,Man Utd,9,1,20,0,0,0,0,0,5.6,12.1,2.0,2.0,1,2,1,4,0,0.00,0.01,0.01,0.56
459,Manuel Ugarte Ribeiro,Man Utd,1,1,25,0,0,0,0,0,0.0,11.4,1.0,1.2,0,1,0,1,0,0.03,0.01,0.04,0.21
459,Manuel Ugarte Ribeiro,Man Utd,2,1,21,0,0,0,0,0,8.6,0.8,0.0,0.9,2,0,3,5,0,0.00,0.00,0.00,0.70
459,Manuel Ugarte Ribeiro,Man Utd,3,0,0,0,0,0,0,0,0.0,0.0,0.0,0.0,0,0,0,0,0,0.00,0.00,0.00,0.00
459,Manuel Ugarte Ribeiro,Man Utd,4,4,79,0,0,0,0,0,7.2,8.8,1.0,1.7,3,6,3,12,1,0.02,0.01,0.03,2.34
459,Manuel Ugarte Ribeiro,Man Utd,5,1,45,0,0,0,0,0,12.0,0.5,0.0,1.3,3,1,3,7,0,0.00,0.00,0.00,0.34
459,Manuel Ugarte Ribeiro,Man Utd,6,2,65,0,0,0,0,0,6.8,2.6,0.0,0.9,1,5,3,9,1,0.00,0.01,0.01,1.81
459,Manuel Ugarte Ribeiro,Man Utd,7,1,5,0,0,0,0,0,0.2,0.0,0.0,0.0,0,1,0,1,0,0.00,0.00,0.00,0.21
459,Manuel Ugarte Ribeiro,Man Utd,8,1,32,0,0,0,0,0,8.6,1.1,0.0,1.0,5,0,1,6,0,0.00,0.00,0.00,1.79
459,Manuel Ugarte Ribeiro,Man Utd,9,1,9,0,0,0,0,0,5.6,0.8,0.0,0.6,1,2,2,5,0,0.00,0.00,0.00,0.32
460,Toby Collyer,Man Utd,1,0,0,0,0,0,0,0,0.0,0.0,0.0,0.0,0,0,0,0,0,0.00,0.00,0.00,0.00
460,Toby Collyer,Man Utd,2,0,0,0,0,0,0,0,0.0,0.0,0.0,0.0,0,0,0,0,0,0.00,0.00,0.00,0.00
460,Toby Collyer,Man Utd,3,0,0,0,0,0,0,0,0.0,0.0,0.0,0.0,0,0,0,0,0,0.00,0.00,0.00,0.00
460,Toby Collyer,Man Utd,4,0,0,0,0,0,0,0,0.0,0.0,0.0,0.0,0,0,0,0,0,0.00,0.00,0.00,0.00
460,Toby Collyer,Man Utd,5,0,0,0,0,0,0,0,0.0,0.0,0.0,0.0,0,0,0,0,0,0.00,0.00,0.00,0.00
460,Toby Collyer,Man Utd,6,0,0,0,0,0,0,0,0.0,0.0,0.0,0.0,0,0,0,0,0,0.00,0.00,0.00,0.00
460,Toby Collyer,Man Utd,7,0,0,0,0,0,0,0,0.0,0.0,0.0,0.0,0,0,0,0,0,0.00,0.00,0.00,0.00
460,Toby Collyer,Man Utd,8,0,0,0,0,0,0,0,0.0,0.0,0.0,0.0,0,0,0,0,0,0.00,0.00,0.00,0.00
460,Toby Collyer,Man Utd,9,0,0,0,0,0,0,0,0.0,0.0,0.0,0.0,0,0,0,0,0,0.00,0.00,0.00,0.00
461,Jayce Fitzgerald,Man Utd,1,0,0,0,0,0,0,0,0.0,0.0,0.0,0.0,0,0,0,0,0,0.00,0.00,0.00,0.00
461,Jayce Fitzgerald,Man Utd,2,0,0,0,0,0,0,0,0.0,0.0,0.0,0.0,0,0,0,0,0,0.00,0.00,0.00,0.00
461,Jayce Fitzgerald,Man Utd,3,0,0,0,0,0,0,0,0.0,0.0,0.0,0.0,0,0,0,0,0,0.00,0.00,0.00,0.00
461,Jayce Fitzgerald,Man Utd,4,0,0,0,0,0,0,0,0.0,0.0,0.0,0.0,0,0,0,0,0,0.00,0.00,0.00,0.00
461,Jayce Fitzgerald,Man Utd,5,0,0,0,0,0,0,0,0.0,0.0,0.0,0.0,0,0,0,0,0,0.00,0.00,0.00,0.00
461,Jayce Fitzgerald,Man Utd,6,0,0,0,0,0,0,0,0.0,0.0,0.0,0.0,0,0,0,0,0,0.00,0.00,0.00,0.00
461,Jayce Fitzgerald,Man Utd,7,0,0,0,0,0,0,0,0.0,0.0,0.0,0.0,0,0,0,0,0,0.00,0.00,0.00,0.00
461,Jayce Fitzgerald,Man Utd,8,0,0,0,0,0,0,0,0.0,0.0,0.0,0.0,0,0,0,0,0,0.00,0.00,0.00,0.00
461,Jayce Fitzgerald,Man Utd,9,0,0,0,0,0,0,0,0.0,0.0,0.0,0.0,0,0,0,0,0,0.00,0.00,0.00,0.00
462,Jack Fletcher,Man Utd,1,0,0,0,0,0,0,0,0.0,0.0,0.0,0.0,0,0,0,0,0,0.00,0.00,0.00,0.00
462,Jack Fletcher,Man Utd,2,0,0,0,0,0,0,0,0.0,0.0,0.0,0.0,0,0,0,0,0,0.00,0.00,0.00,0.00
462,Jack Fletcher,Man Utd,3,0,0,0,0,0,0,0,0.0,0.0,0.0,0.0,0,0,0,0,0,0.00,0.00,0.00,0.00
462,Jack Fletcher,Man Utd,4,0,0,0,0,0,0,0,0.0,0.0,0.0,0.0,0,0,0,0,0,0.00,0.00,0.00,0.00
462,Jack Fletcher,Man Utd,5,0,0,0,0,0,0,0,0.0,0.0,0.0,0.0,0,0,0,0,0,0.00,0.00,0.00,0.00
462,Jack Fletcher,Man Utd,6,0,0,0,0,0,0,0,0.0,0.0,0.0,0.0,0,0,0,0,0,0.00,0.00,0.00,0.00
462,Jack Fletcher,Man Utd,7,0,0,0,0,0,0,0,0.0,0.0,0.0,0.0,0,0,0,0,0,0.00,0.00,0.00,0.00
462,Jack Fletcher,Man Utd,8,0,0,0,0,0,0,0,0.0,0.0,0.0,0.0,0,0,0,0,0,0.00,0.00,0.00,0.00
462,Jack Fletcher,Man Utd,9,0,0,0,0,0,0,0,0.0,0.0,0.0,0.0,0,0,0,0,0,0.00,0.00,0.00,0.00
463,Sékou Koné,Man Utd,1,0,0,0,0,0,0,0,0.0,0.0,0.0,0.0,0,0,0,0,0,0.00,0.00,0.00,0.00
463,Sékou Koné,Man Utd,2,0,0,0,0,0,0,0,0.0,0.0,0.0,0.0,0,0,0,0,0,0.00,0.00,0.00,0.00
463,Sékou Koné,Man Utd,3,0,0,0,0,0,0,0,0.0,0.0,0.0,0.0,0,0,0,0,0,0.00,0.00,0.00,0.00
463,Sékou Koné,Man Utd,4,0,0,0,0,0,0,0,0.0,0.0,0.0,0.0,0,0,0,0,0,0.00,0.00,0.00,0.00
463,Sékou Koné,Man Utd,5,0,0,0,0,0,0,0,0.0,0.0,0.0,0.0,0,0,0,0,0,0.00,0.00,0.00,0.00
463,Sékou Koné,Man Utd,6,0,0,0,0,0,0,0,0.0,0.0,0.0,0.0,0,0,0,0,0,0.00,0.00,0.00,0.00
463,Sékou Koné,Man Utd,7,0,0,0,0,0,0,0,0.0,0.0,0.0,0.0,0,0,0,0,0,0.00,0.00,0.00,0.00
463,Sékou Koné,Man Utd,8,0,0,0,0,0,0,0,0.0,0.0,0.0,0.0,0,0,0,0,0,0.00,0.00,0.00,0.00
463,Sékou Koné,Man Utd,9,0,0,0,0,0,0,0,0.0,0.0,0.0,0.0,0,0,0,0,0,0.00,0.00,0.00,0.00
464,Jack Moorhouse,Man Utd,1,0,0,0,0,0,0,0,0.0,0.0,0.0,0.0,0,0,0,0,0,0.00,0.00,0.00,0.00
464,Jack Moorhouse,Man Utd,2,0,0,0,0,0,0,0,0.0,0.0,0.0,0.0,0,0,0,0,0,0.00,0.00,0.00,0.00
464,Jack Moorhouse,Man Utd,3,0,0,0,0,0,0,0,0.0,0.0,0.0,0.0,0,0,0,0,0,0.00,0.00,0.00,0.00
464,Jack Moorhouse,Man Utd,4,0,0,0,0,0,0,0,0.0,0.0,0.0,0.0,0,0,0,0,0,0.00,0.00,0.00,0.00
464,Jack Moorhouse,Man Utd,5,0,0,0,0,0,0,0,0.0,0.0,0.0,0.0,0,0,0,0,0,0.00,0.00,0.00,0.00
464,Jack Moorhouse,Man Utd,6,0,0,0,0,0,0,0,0.0,0.0,0.0,0.0,0,0,0,0,0,0.00,0.00,0.00,0.00
464,Jack Moorhouse,Man Utd,7,0,0,0,0,0,0,0,0.0,0.0,0.0,0.0,0,0,0,0,0,0.00,0.00,0.00,0.00
464,Jack Moorhouse,Man Utd,8,0,0,0,0,0,0,0,0.0,0.0,0.0,0.0,0,0,0,0,0,0.00,0.00,0.00,0.00
464,Jack Moorhouse,Man Utd,9,0,0,0,0,0,0,0,0.0,0.0,0.0,0.0,0,0,0,0,0,0.00,0.00,0.00,0.00
465,Rasmus Højlund,Man Utd,1,0,0,0,0,0,0,0,0.0,0.0,0.0,0.0,0,0,0,0,0,0.00,0.00,0.00,0.00
465,Rasmus Højlund,Man Utd,2,0,0,0,0,0,0,0,0.0,0.0,0.0,0.0,0,0,0,0,0,0.00,0.00,0.00,0.00
465,Rasmus Højlund,Man Utd,3,0,0,0,0,0,0,0,0.0,0.0,0.0,0.0,0,0,0,0,0,0.00,0.00,0.00,0.00
465,Rasmus Højlund,Man Utd,4,0,0,0,0,0,0,0,0.0,0.0,0.0,0.0,0,0,0,0,0,0.00,0.00,0.00,0.00
465,Rasmus Højlund,Man Utd,5,0,0,0,0,0,0,0,0.0,0.0,0.0,0.0,0,0,0,0,0,0.00,0.00,0.00,0.00
465,Rasmus Højlund,Man Utd,6,0,0,0,0,0,0,0,0.0,0.0,0.0,0.0,0,0,0,0,0,0.00,0.00,0.00,0.00
465,Rasmus Højlund,Man Utd,7,0,0,0,0,0,0,0,0.0,0.0,0.0,0.0,0,0,0,0,0,0.00,0.00,0.00,0.00
465,Rasmus Højlund,Man Utd,8,0,0,0,0,0,0,0,0.0,0.0,0.0,0.0,0,0,0,0,0,0.00,0.00,0.00,0.00
465,Rasmus Højlund,Man Utd,9,0,0,0,0,0,0,0,0.0,0.0,0.0,0.0,0,0,0,0,0,0.00,0.00,0.00,0.00
466,Joshua Zirkzee,Man Utd,1,0,0,0,0,0,0,0,0.0,0.0,0.0,0.0,0,0,0,0,0,0.00,0.00,0.00,0.00
466,Joshua Zirkzee,Man Utd,2,0,0,0,0,0,0,0,0.0,0.0,0.0,0.0,0,0,0,0,0,0.00,0.00,0.00,0.00
466,Joshua Zirkzee,Man Utd,3,1,59,0,0,0,0,0,8.2,15.4,52.0,7.6,2,1,0,3,0,0.67,0.03,0.70,1.20
466,Joshua Zirkzee,Man Utd,4,1,10,0,0,0,0,0,0.2,0.3,2.0,0.3,0,1,0,1,0,0.00,0.00,0.00,0.18
466,Joshua Zirkzee,Man Utd,5,0,0,0,0,0,0,0,0.0,0.0,0.0,0.0,0,0,0,0,0,0.00,0.00,0.00,0.00
466,Joshua Zirkzee,Man Utd,6,1,5,0,0,0,0,0,0.0,0.3,4.0,0.2,0,0,0,0,0,0.12,0.00,0.12,0.10
466,Joshua Zirkzee,Man Utd,7,0,0,0,0,0,0,0,0.0,0.0,0.0,0.0,0,0,0,0,0,0.00,0.00,0.00,0.00
466,Joshua Zirkzee,Man Utd,8,0,0,0,0,0,0,0,0.0,0.0,0.0,0.0,0,0,0,0,0,0.00,0.00,0.00,0.00
466,Joshua Zirkzee,Man Utd,9,1,8,0,0,0,0,0,5.2,1.1,2.0,0.8,0,0,2,2,0,0.00,0.00,0.00,0.32
467,Chido Obi,Man Utd,1,0,0,0,0,0,0,0,0.0,0.0,0.0,0.0,0,0,0,0,0,0.00,0.00,0.00,0.00
467,Chido Obi,Man Utd,2,0,0,0,0,0,0,0,0.0,0.0,0.0,0.0,0,0,0,0,0,0.00,0.00,0.00,0.00
467,Chido Obi,Man Utd,3,0,0,0,0,0,0,0,0.0,0.0,0.0,0.0,0,0,0,0,0,0.00,0.00,0.00,0.00
467,Chido Obi,Man Utd,4,0,0,0,0,0,0,0,0.0,0.0,0.0,0.0,0,0,0,0,0,0.00,0.00,0.00,0.00
467,Chido Obi,Man Utd,5,0,0,0,0,0,0,0,0.0,0.0,0.0,0.0,0,0,0,0,0,0.00,0.00,0.00,0.00
467,Chido Obi,Man Utd,6,0,0,0,0,0,0,0,0.0,0.0,0.0,0.0,0,0,0,0,0,0.00,0.00,0.00,0.00
467,Chido Obi,Man Utd,7,0,0,0,0,0,0,0,0.0,0.0,0.0,0.0,0,0,0,0,0,0.00,0.00,0.00,0.00
467,Chido Obi,Man Utd,8,0,0,0,0,0,0,0,0.0,0.0,0.0,0.0,0,0,0,0,0,0.00,0.00,0.00,0.00
467,Chido Obi,Man Utd,9,0,0,0,0,0,0,0,0.0,0.0,0.0,0.0,0,0,0,0,0,0.00,0.00,0.00,0.00
468,Ethan Wheatley,Man Utd,1,0,0,0,0,0,0,0,0.0,0.0,0.0,0.0,0,0,0,0,0,0.00,0.00,0.00,0.00
468,Ethan Wheatley,Man Utd,2,0,0,0,0,0,0,0,0.0,0.0,0.0,0.0,0,0,0,0,0,0.00,0.00,0.00,0.00
468,Ethan Wheatley,Man Utd,3,0,0,0,0,0,0,0,0.0,0.0,0.0,0.0,0,0,0,0,0,0.00,0.00,0.00,0.00
468,Ethan Wheatley,Man Utd,4,0,0,0,0,0,0,0,0.0,0.0,0.0,0.0,0,0,0,0,0,0.00,0.00,0.00,0.00
468,Ethan Wheatley,Man Utd,5,0,0,0,0,0,0,0,0.0,0.0,0.0,0.0,0,0,0,0,0,0.00,0.00,0.00,0.00
468,Ethan Wheatley,Man Utd,6,0,0,0,0,0,0,0,0.0,0.0,0.0,0.0,0,0,0,0,0,0.00,0.00,0.00,0.00
468,Ethan Wheatley,Man Utd,7,0,0,0,0,0,0,0,0.0,0.0,0.0,0.0,0,0,0,0,0,0.00,0.00,0.00,0.00
468,Ethan Wheatley,Man Utd,8,0,0,0,0,0,0,0,0.0,0.0,0.0,0.0,0,0,0,0,0,0.00,0.00,0.00,0.00
468,Ethan Wheatley,Man Utd,9,0,0,0,0,0,0,0,0.0,0.0,0.0,0.0,0,0,0,0,0,0.00,0.00,0.00,0.00
681,Benjamin Sesko,Man Utd,1,1,25,0,0,0,0,0,0.0,20.5,12.0,3.2,0,1,0,1,0,0.11,0.06,0.17,0.21
681,Benjamin Sesko,Man Utd,2,1,37,0,0,0,0,0,0.4,2.3,2.0,0.5,0,1,0,1,0,0.00,0.04,0.04,0.86
681,Benjamin Sesko,Man Utd,3,1,18,0,0,0,0,0,0.0,1.1,8.0,0.3,0,0,0,0,0,0.27,0.00,0.27,0.00
681,Benjamin Sesko,Man Utd,4,2,79,0,0,0,0,0,1.0,6.8,7.0,1.5,0,1,0,1,1,0.03,0.00,0.03,2.34
681,Benjamin Sesko,Man Utd,5,1,45,0,0,0,0,0,0.2,1.3,2.0,0.4,1,0,0,1,1,0.00,0.01,0.01,0.08
681,Benjamin Sesko,Man Utd,6,8,90,1,0,0,0,0,48.0,12.7,120.0,18.1,2,1,0,3,1,0.89,0.01,0.90,2.02
681,Benjamin Sesko,Man Utd,7,9,90,1,0,1,0,0,46.6,20.9,39.0,10.7,3,3,3,9,1,0.29,0.01,0.30,0.71
681,Benjamin Sesko,Man Utd,8,1,29,0,0,0,0,0,9.6,12.8,4.0,2.6,3,3,0,6,0,0.01,0.02,0.03,1.74
681,Benjamin Sesko,Man Utd,9,4,81,0,1,0,1,0,16.8,13.9,11.0,4.2,1,3,0,4,1,0.21,0.01,0.22,0.80
733,Senne Lammens,Man Utd,4,0,0,0,0,0,0,0,0.0,0.0,0.0,0.0,0,0,0,0,0,0.00,0.00,0.00,0.00
733,Senne Lammens,Man Utd,5,0,0,0,0,0,0,0,0.0,0.0,0.0,0.0,0,0,0,0,0,0.00,0.00,0.00,0.00
733,Senne Lammens,Man Utd,6,0,0,0,0,0,0,0,0.0,0.0,0.0,0.0,0,0,0,0,0,0.00,0.00,0.00,0.00
733,Senne Lammens,Man Utd,7,9,90,0,0,1,0,0,24.2,0.0,0.0,2.4,1,11,0,0,1,0.00,0.00,0.00,0.71
733,Senne Lammens,Man Utd,8,3,90,0,0,0,0,0,37.8,0.0,0.0,3.8,1,11,0,0,1,0.00,0.00,0.00,2.75
733,Senne Lammens,Man Utd,9,2,90,0,0,0,0,0,20.4,0.0,0.0,2.0,0,13,0,0,1,0.00,0.00,0.00,1.12
52,Jacob Ramsey,Newcastle,1,0,0,0,0,0,0,0,0.0,0.0,0.0,0.0,0,0,0,0,0,0.00,0.00,0.00,0.00
52,Jacob Ramsey,Newcastle,2,1,14,0,0,0,0,0,4.2,11.0,0.0,1.5,0,3,1,4,0,0.00,0.02,0.02,0.37
52,Jacob Ramsey,Newcastle,3,1,45,0,0,0,0,0,9.2,30.8,7.0,4.7,0,2,0,2,1,0.03,0.10,0.13,0.54
52,Jacob Ramsey,Newcastle,4,0,0,0,0,0,0,0,0.0,0.0,0.0,0.0,0,0,0,0,0,0.00,0.00,0.00,0.00
52,Jacob Ramsey,Newcastle,5,0,0,0,0,0,0,0,0.0,0.0,0.0,0.0,0,0,0,0,0,0.00,0.00,0.00,0.00
52,Jacob Ramsey,Newcastle,6,0,0,0,0,0,0,0,0.0,0.0,0.0,0.0,0,0,0,0,0,0.00,0.00,0.00,0.00
52,Jacob Ramsey,Newcastle,7,0,0,0,0,0,0,0,0.0,0.0,0.0,0.0,0,0,0,0,0,0.00,0.00,0.00,0.00
52,Jacob Ramsey,Newcastle,8,1,20,0,0,0,0,0,4.2,12.3,0.0,1.7,1,2,0,3,0,0.00,0.01,0.01,0.14
52,Jacob Ramsey,Newcastle,9,0,0,0,0,0,0,0,0.0,0.0,0.0,0.0,0,0,0,0,0,0.00,0.00,0.00,0.00
135,Yoane Wissa,Newcastle,1,0,0,0,0,0,0,0,0.0,0.0,0.0,0.0,0,0,0,0,0,0.00,0.00,0.00,0.00
135,Yoane Wissa,Newcastle,2,0,0,0,0,0,0,0,0.0,0.0,0.0,0.0,0,0,0,0,0,0.00,0.00,0.00,0.00
135,Yoane Wissa,Newcastle,3,0,0,0,0,0,0,0,0.0,0.0,0.0,0.0,0,0,0,0,0,0.00,0.00,0.00,0.00
135,Yoane Wissa,Newcastle,4,0,0,0,0,0,0,0,0.0,0.0,0.0,0.0,0,0,0,0,0,0.00,0.00,0.00,0.00
135,Yoane Wissa,Newcastle,5,0,0,0,0,0,0,0,0.0,0.0,0.0,0.0,0,0,0,0,0,0.00,0.00,0.00,0.00
135,Yoane Wissa,Newcastle,6,0,0,0,0,0,0,0,0.0,0.0,0.0,0.0,0,0,0,0,0,0.00,0.00,0.00,0.00
135,Yoane Wissa,Newcastle,7,0,0,0,0,0,0,0,0.0,0.0,0.0,0.0,0,0,0,0,0,0.00,0.00,0.00,0.00
135,Yoane Wissa,Newcastle,8,0,0,0,0,0,0,0,0.0,0.0,0.0,0.0,0,0,0,0,0,0.00,0.00,0.00,0.00
135,Yoane Wissa,Newcastle,9,0,0,0,0,0,0,0,0.0,0.0,0.0,0.0,0,0,0,0,0,0.00,0.00,0.00,0.00
469,Nick Pope,Newcastle,1,9,90,0,0,1,0,0,27.0,0.0,0.0,2.7,1,16,0,0,1,0.00,0.00,0.00,0.20
469,Nick Pope,Newcastle,2,4,90,0,1,0,0,0,10.0,0.0,0.0,1.0,1,4,0,0,1,0.00,0.00,0.00,0.70
469,Nick Pope,Newcastle,3,5,90,0,0,1,1,0,10.2,0.0,0.0,1.0,1,11,0,0,1,0.00,0.00,0.00,0.69
469,Nick Pope,Newcastle,4,8,90,0,0,1,0,0,26.4,0.0,0.0,2.6,0,7,0,0,1,0.00,0.00,0.00,0.50
469,Nick Pope,Newcastle,5,6,90,0,0,1,0,0,14.8,0.0,0.0,1.5,1,11,0,0,1,0.00,0.00,0.00,0.56
469,Nick Pope,Newcastle,6,2,90,0,0,0,0,0,46.8,0.0,0.0,4.7,3,14,1,0,1,0.00,0.00,0.00,2.04
469,Nick Pope,Newcastle,7,7,90,0,0,1,0,0,29.0,0.0,0.0,2.9,1,8,0,0,1,0.00,0.00,0.00,0.29
469,Nick Pope,Newcastle,8,2,90,0,0,0,0,0,20.0,0.0,0.0,2.0,3,14,0,0,1,0.00,0.00,0.00,0.91
469,Nick Pope,Newcastle,9,3,90,0,0,0,0,0,27.4,0.0,0.0,2.7,0,7,0,0,1,0.00,0.00,0.00,1.53
471,Mark Gillespie,Newcastle,1,0,0,0,0,0,0,0,0.0,0.0,0.0,0.0,0,0,0,0,0,0.00,0.00,0.00,0.00
471,Mark Gillespie,Newcastle,2,0,0,0,0,0,0,0,0.0,0.0,0.0,0.0,0,0,0,0,0,0.00,0.00,0.00,0.00
471,Mark Gillespie,Newcastle,3,0,0,0,0,0,0,0,0.0,0.0,0.0,0.0,0,0,0,0,0,0.00,0.00,0.00,0.00
471,Mark Gillespie,Newcastle,4,0,0,0,0,0,0,0,0.0,0.0,0.0,0.0,0,0,0,0,0,0.00,0.00,0.00,0.00
471,Mark Gillespie,Newcastle,5,0,0,0,0,0,0,0,0.0,0.0,0.0,0.0,0,0,0,0,0,0.00,0.00,0.00,0.00
471,Mark Gillespie,Newcastle,6,0,0,0,0,0,0,0,0.0,0.0,0.0,0.0,0,0,0,0,0,0.00,0.00,0.00,0.00
471,Mark Gillespie,Newcastle,7,0,0,0,0,0,0,0,0.0,0.0,0.0,0.0,0,0,0,0,0,0.00,0.00,0.00,0.00
471,Mark Gillespie,Newcastle,8,0,0,0,0,0,0,0,0.0,0.0,0.0,0.0,0,0,0,0,0,0.00,0.00,0.00,0.00
471,Mark Gillespie,Newcastle,9,0,0,0,0,0,0,0,0.0,0.0,0.0,0.0,0,0,0,0,0,0.00,0.00,0.00,0.00
472,Odysseas Vlachodimos,Newcastle,1,0,0,0,0,0,0,0,0.0,0.0,0.0,0.0,0,0,0,0,0,0.00,0.00,0.00,0.00
472,Odysseas Vlachodimos,Newcastle,2,0,0,0,0,0,0,0,0.0,0.0,0.0,0.0,0,0,0,0,0,0.00,0.00,0.00,0.00
472,Odysseas Vlachodimos,Newcastle,3,0,0,0,0,0,0,0,0.0,0.0,0.0,0.0,0,0,0,0,0,0.00,0.00,0.00,0.00
472,Odysseas Vlachodimos,Newcastle,4,0,0,0,0,0,0,0,0.0,0.0,0.0,0.0,0,0,0,0,0,0.00,0.00,0.00,0.00
472,Odysseas Vlachodimos,Newcastle,5,0,0,0,0,0,0,0,0.0,0.0,0.0,0.0,0,0,0,0,0,0.00,0.00,0.00,0.00
472,Odysseas Vlachodimos,Newcastle,6,0,0,0,0,0,0,0,0.0,0.0,0.0,0.0,0,0,0,0,0,0.00,0.00,0.00,0.00
472,Odysseas Vlachodimos,Newcastle,7,0,0,0,0,0,0,0,0.0,0.0,0.0,0.0,0,0,0,0,0,0.00,0.00,0.00,0.00
472,Odysseas Vlachodimos,Newcastle,8,0,0,0,0,0,0,0,0.0,0.0,0.0,0.0,0,0,0,0,0,0.00,0.00,0.00,0.00
472,Odysseas Vlachodimos,Newcastle,9,0,0,0,0,0,0,0,0.0,0.0,0.0,0.0,0,0,0,0,0,0.00,0.00,0.00,0.00
473,Lewis Hall,Newcastle,1,0,0,0,0,0,0,0,0.0,0.0,0.0,0.0,0,0,0,0,0,0.00,0.00,0.00,0.00
473,Lewis Hall,Newcastle,2,1,14,0,0,0,0,0,7.4,0.5,0.0,0.8,4,1,1,5,0,0.00,0.00,0.00,0.37
473,Lewis Hall,Newcastle,3,1,29,0,0,0,0,0,1.6,0.9,3.0,0.6,1,0,1,2,0,0.04,0.00,0.04,0.07
473,Lewis Hall,Newcastle,4,0,0,0,0,0,0,0,0.0,0.0,0.0,0.0,0,0,0,0,0,0.00,0.00,0.00,0.00
473,Lewis Hall,Newcastle,5,7,90,0,0,1,0,0,18.4,2.6,4.0,2.5,1,7,4,5,1,0.00,0.05,0.05,0.56
473,Lewis Hall,Newcastle,6,0,0,0,0,0,0,0,0.0,0.0,0.0,0.0,0,0,0,0,0,0.00,0.00,0.00,0.00
473,Lewis Hall,Newcastle,7,0,0,0,0,0,0,0,0.0,0.0,0.0,0.0,0,0,0,0,0,0.00,0.00,0.00,0.00
473,Lewis Hall,Newcastle,8,0,0,0,0,0,0,0,0.0,0.0,0.0,0.0,0,0,0,0,0,0.00,0.00,0.00,0.00
473,Lewis Hall,Newcastle,9,0,0,0,0,0,0,0,0.0,0.0,0.0,0.0,0,0,0,0,0,0.00,0.00,0.00,0.00
474,Fabian Schär,Newcastle,1,8,90,0,0,1,0,0,13.8,1.9,4.0,2.0,10,5,1,11,1,0.04,0.03,0.07,0.20
474,Fabian Schär,Newcastle,2,1,80,0,0,0,0,0,15.2,0.3,6.0,2.2,5,3,3,8,1,0.00,0.00,0.00,0.33
474,Fabian Schär,Newcastle,3,6,90,0,0,1,0,0,22.4,11.5,3.0,3.7,5,3,0,5,1,0.04,0.01,0.05,0.69
474,Fabian Schär,Newcastle,4,8,90,0,0,1,0,0,28.6,11.3,2.0,4.2,11,2,0,11,1,0.00,0.03,0.03,0.50
474,Fabian Schär,Newcastle,5,0,0,0,0,0,0,0,0.0,0.0,0.0,0.0,0,0,0,0,0,0.00,0.00,0.00,0.00
474,Fabian Schär,Newcastle,6,0,0,0,0,0,0,0,0.0,0.0,0.0,0.0,0,0,0,0,0,0.00,0.00,0.00,0.00
474,Fabian Schär,Newcastle,7,0,0,0,0,0,0,0,0.0,0.0,0.0,0.0,0,0,0,0,0,0.00,0.00,0.00,0.00
474,Fabian Schär,Newcastle,8,0,0,0,0,0,0,0,0.0,0.0,0.0,0.0,0,0,0,0,0,0.00,0.00,0.00,0.00
474,Fabian Schär,Newcastle,9,1,29,0,0,0,0,0,19.4,0.3,0.0,2.0,7,2,1,8,0,0.00,0.01,0.01,0.18
475,Sven Botman,Newcastle,1,0,0,0,0,0,0,0,0.0,0.0,0.0,0.0,0,0,0,0,0,0.00,0.00,0.00,0.00
475,Sven Botman,Newcastle,2,0,0,0,0,0,0,0,0.0,0.0,0.0,0.0,0,0,0,0,0,0.00,0.00,0.00,0.00
475,Sven Botman,Newcastle,3,8,67,0,0,1,0,0,19.8,0.3,0.0,2.0,7,5,2,9,1,0.00,0.00,0.00,0.62
475,Sven Botman,Newcastle,4,1,1,0,0,0,0,0,0.0,0.0,0.0,0.0,0,0,0,0,0,0.00,0.00,0.00,0.00
475,Sven Botman,Newcastle,5,8,90,0,0,1,0,0,24.8,0.3,0.0,2.5,9,7,0,9,1,0.00,0.00,0.00,0.56
475,Sven Botman,Newcastle,6,3,90,0,0,0,0,0,40.6,10.3,4.0,5.5,15,2,0,15,1,0.00,0.00,0.00,2.04
475,Sven Botman,Newcastle,7,6,90,0,0,1,0,0,20.6,10.8,19.0,5.0,6,7,0,6,1,0.08,0.23,0.31,0.29
475,Sven Botman,Newcastle,8,1,90,0,0,0,0,0,15.6,1.3,12.0,2.9,5,3,1,6,1,0.05,0.01,0.06,0.91
475,Sven Botman,Newcastle,9,2,60,0,0,0,0,0,8.2,0.0,6.0,1.4,4,1,0,4,1,0.00,0.00,0.00,1.35
476,Dan Burn,Newcastle,1,9,90,0,0,1,0,0,18.6,1.2,2.0,2.2,10,5,1,11,1,0.00,0.01,0.01,0.20
476,Dan Burn,Newcastle,2,2,90,0,0,0,1,0,20.4,14.3,12.0,4.7,11,2,1,12,1,0.01,0.07,0.08,0.70
476,Dan Burn,Newcastle,3,6,90,0,0,1,0,0,6.4,1.3,0.0,0.8,1,4,0,1,1,0.00,0.01,0.01,0.69
476,Dan Burn,Newcastle,4,6,90,0,0,1,0,0,13.8,0.5,9.0,2.3,4,3,2,6,1,0.04,0.00,0.04,0.50
476,Dan Burn,Newcastle,5,9,90,0,0,1,0,0,33.0,1.2,2.0,3.6,13,5,2,15,1,0.00,0.03,0.03,0.56
476,Dan Burn,Newcastle,6,0,90,0,0,0,1,0,12.4,0.1,6.0,1.9,7,1,2,9,1,0.00,0.00,0.00,2.04
476,Dan Burn,Newcastle,7,11,90,0,1,1,0,0,24.0,11.3,2.0,3.7,3,4,1,4,1,0.00,0.01,0.01,0.29
476,Dan Burn,Newcastle,8,2,90,0,0,0,1,0,23.6,13.6,4.0,4.1,7,5,3,10,1,0.00,0.05,0.05,0.91
476,Dan Burn,Newcastle,9,2,90,0,0,0,0,0,3.0,1.1,4.0,0.8,1,3,1,2,1,0.00,0.01,0.01,1.53
477,Tino Livramento,Newcastle,1,9,90,0,0,1,0,0,18.0,25.4,4.0,4.7,3,5,2,5,1,0.00,0.03,0.03,0.20
477,Tino Livramento,Newcastle,2,4,90,0,1,0,0,0,24.8,15.3,4.0,4.4,1,3,0,1,1,0.00,0.20,0.20,0.70
477,Tino Livramento,Newcastle,3,6,90,0,0,1,0,0,2.8,4.0,4.0,1.1,0,7,0,0,1,0.00,0.03,0.03,0.69
477,Tino Livramento,Newcastle,4,6,90,0,0,1,0,0,10.0,5.7,2.0,1.8,2,4,2,4,1,0.00,0.04,0.04,0.50
477,Tino Livramento,Newcastle,5,6,90,0,0,1,0,0,12.6,4.8,2.0,1.9,3,3,2,5,1,0.00,0.02,0.02,0.56
477,Tino Livramento,Newcastle,6,6,76,0,0,1,0,0,3.2,1.1,0.0,0.4,3,6,0,3,1,0.00,0.01,0.01,1.63
477,Tino Livramento,Newcastle,7,0,0,0,0,0,0,0,0.0,0.0,0.0,0.0,0,0,0,0,0,0.00,0.00,0.00,0.00
477,Tino Livramento,Newcastle,8,0,0,0,0,0,0,0,0.0,0.0,0.0,0.0,0,0,0,0,0,0.00,0.00,0.00,0.00
477,Tino Livramento,Newcastle,9,0,0,0,0,0,0,0,0.0,0.0,0.0,0.0,0,0,0,0,0,0.00,0.00,0.00,0.00
478,Kieran Trippier,Newcastle,1,6,90,0,0,1,0,0,9.8,22.5,0.0,3.2,4,4,0,4,1,0.00,0.06,0.06,0.20
478,Kieran Trippier,Newcastle,2,1,75,0,0,0,0,0,0.0,11.6,0.0,1.1,0,4,0,0,1,0.00,0.08,0.08,0.33
478,Kieran Trippier,Newcastle,3,6,61,0,0,1,0,0,4.8,13.3,2.0,2.0,0,4,1,1,1,0.00,0.02,0.02,0.62
478,Kieran Trippier,Newcastle,4,8,90,0,0,1,0,0,22.2,82.1,2.0,10.6,2,7,1,3,1,0.00,0.19,0.19,0.50
478,Kieran Trippier,Newcastle,5,0,0,0,0,0,0,0,0.0,0.0,0.0,0.0,0,0,0,0,0,0.00,0.00,0.00,0.00
478,Kieran Trippier,Newcastle,6,0,23,0,0,0,0,0,6.4,0.8,0.0,0.7,3,1,0,3,0,0.00,0.01,0.01,0.49
478,Kieran Trippier,Newcastle,7,6,90,0,0,1,0,0,18.6,44.2,0.0,6.3,3,3,2,5,1,0.00,0.13,0.13,0.29
478,Kieran Trippier,Newcastle,8,1,90,0,0,0,0,0,15.8,20.8,0.0,3.7,2,1,2,4,1,0.00,0.12,0.12,0.91
478,Kieran Trippier,Newcastle,9,2,90,0,0,0,0,0,24.2,31.2,0.0,5.5,6,5,2,8,1,0.00,0.26,0.26,1.53
479,Emil Krafth,Newcastle,1,0,0,0,0,0,0,0,0.0,0.0,0.0,0.0,0,0,0,0,0,0.00,0.00,0.00,0.00
479,Emil Krafth,Newcastle,2,0,0,0,0,0,0,0,0.0,0.0,0.0,0.0,0,0,0,0,0,0.00,0.00,0.00,0.00
479,Emil Krafth,Newcastle,3,0,0,0,0,0,0,0,0.0,0.0,0.0,0.0,0,0,0,0,0,0.00,0.00,0.00,0.00
479,Emil Krafth,Newcastle,4,0,0,0,0,0,0,0,0.0,0.0,0.0,0.0,0,0,0,0,0,0.00,0.00,0.00,0.00
479,Emil Krafth,Newcastle,5,0,0,0,0,0,0,0,0.0,0.0,0.0,0.0,0,0,0,0,0,0.00,0.00,0.00,0.00
479,Emil Krafth,Newcastle,6,0,0,0,0,0,0,0,0.0,0.0,0.0,0.0,0,0,0,0,0,0.00,0.00,0.00,0.00
479,Emil Krafth,Newcastle,7,0,0,0,0,0,0,0,0.0,0.0,0.0,0.0,0,0,0,0,0,0.00,0.00,0.00,0.00
479,Emil Krafth,Newcastle,8,0,0,0,0,0,0,0,0.0,0.0,0.0,0.0,0,0,0,0,0,0.00,0.00,0.00,0.00
479,Emil Krafth,Newcastle,9,0,0,0,0,0,0,0,0.0,0.0,0.0,0.0,0,0,0,0,0,0.00,0.00,0.00,0.00
480,Jamaal Lascelles,Newcastle,1,0,0,0,0,0,0,0,0.0,0.0,0.0,0.0,0,0,0,0,0,0.00,0.00,0.00,0.00
480,Jamaal Lascelles,Newcastle,2,0,0,0,0,0,0,0,0.0,0.0,0.0,0.0,0,0,0,0,0,0.00,0.00,0.00,0.00
480,Jamaal Lascelles,Newcastle,3,0,0,0,0,0,0,0,0.0,0.0,0.0,0.0,0,0,0,0,0,0.00,0.00,0.00,0.00
480,Jamaal Lascelles,Newcastle,4,0,0,0,0,0,0,0,0.0,0.0,0.0,0.0,0,0,0,0,0,0.00,0.00,0.00,0.00
480,Jamaal Lascelles,Newcastle,5,1,6,0,0,0,0,0,3.0,0.0,0.0,0.3,2,0,0,2,0,0.00,0.00,0.00,0.13
480,Jamaal Lascelles,Newcastle,6,0,13,0,0,0,0,0,7.2,0.0,7.0,1.4,3,0,0,3,0,0.04,0.00,0.04,0.42
480,Jamaal Lascelles,Newcastle,7,0,0,0,0,0,0,0,0.0,0.0,0.0,0.0,0,0,0,0,0,0.00,0.00,0.00,0.00
480,Jamaal Lascelles,Newcastle,8,0,0,0,0,0,0,0,0.0,0.0,0.0,0.0,0,0,0,0,0,0.00,0.00,0.00,0.00
480,Jamaal Lascelles,Newcastle,9,0,0,0,0,0,0,0,0.0,0.0,0.0,0.0,0,0,0,0,0,0.00,0.00,0.00,0.00
481,Alex Murphy,Newcastle,1,0,0,0,0,0,0,0,0.0,0.0,0.0,0.0,0,0,0,0,0,0.00,0.00,0.00,0.00
481,Alex Murphy,Newcastle,2,0,0,0,0,0,0,0,0.0,0.0,0.0,0.0,0,0,0,0,0,0.00,0.00,0.00,0.00
481,Alex Murphy,Newcastle,3,0,0,0,0,0,0,0,0.0,0.0,0.0,0.0,0,0,0,0,0,0.00,0.00,0.00,0.00
481,Alex Murphy,Newcastle,4,0,0,0,0,0,0,0,0.0,0.0,0.0,0.0,0,0,0,0,0,0.00,0.00,0.00,0.00
481,Alex Murphy,Newcastle,5,0,0,0,0,0,0,0,0.0,0.0,0.0,0.0,0,0,0,0,0,0.00,0.00,0.00,0.00
481,Alex Murphy,Newcastle,6,0,0,0,0,0,0,0,0.0,0.0,0.0,0.0,0,0,0,0,0,0.00,0.00,0.00,0.00
481,Alex Murphy,Newcastle,7,0,0,0,0,0,0,0,0.0,0.0,0.0,0.0,0,0,0,0,0,0.00,0.00,0.00,0.00
481,Alex Murphy,Newcastle,8,0,0,0,0,0,0,0,0.0,0.0,0.0,0.0,0,0,0,0,0,0.00,0.00,0.00,0.00
481,Alex Murphy,Newcastle,9,0,0,0,0,0,0,0,0.0,0.0,0.0,0.0,0,0,0,0,0,0.00,0.00,0.00,0.00
482,Harrison Ashby,Newcastle,1,0,0,0,0,0,0,0,0.0,0.0,0.0,0.0,0,0,0,0,0,0.00,0.00,0.00,0.00
482,Harrison Ashby,Newcastle,2,0,0,0,0,0,0,0,0.0,0.0,0.0,0.0,0,0,0,0,0,0.00,0.00,0.00,0.00
482,Harrison Ashby,Newcastle,3,0,0,0,0,0,0,0,0.0,0.0,0.0,0.0,0,0,0,0,0,0.00,0.00,0.00,0.00
482,Harrison Ashby,Newcastle,4,0,0,0,0,0,0,0,0.0,0.0,0.0,0.0,0,0,0,0,0,0.00,0.00,0.00,0.00
482,Harrison Ashby,Newcastle,5,0,0,0,0,0,0,0,0.0,0.0,0.0,0.0,0,0,0,0,0,0.00,0.00,0.00,0.00
482,Harrison Ashby,Newcastle,6,0,0,0,0,0,0,0,0.0,0.0,0.0,0.0,0,0,0,0,0,0.00,0.00,0.00,0.00
482,Harrison Ashby,Newcastle,7,0,0,0,0,0,0,0,0.0,0.0,0.0,0.0,0,0,0,0,0,0.00,0.00,0.00,0.00
482,Harrison Ashby,Newcastle,8,0,0,0,0,0,0,0,0.0,0.0,0.0,0.0,0,0,0,0,0,0.00,0.00,0.00,0.00
482,Harrison Ashby,Newcastle,9,0,0,0,0,0,0,0,0.0,0.0,0.0,0.0,0,0,0,0,0,0.00,0.00,0.00,0.00
483,Miodrag Pivaš,Newcastle,1,0,0,0,0,0,0,0,0.0,0.0,0.0,0.0,0,0,0,0,0,0.00,0.00,0.00,0.00
483,Miodrag Pivaš,Newcastle,2,0,0,0,0,0,0,0,0.0,0.0,0.0,0.0,0,0,0,0,0,0.00,0.00,0.00,0.00
483,Miodrag Pivaš,Newcastle,3,0,0,0,0,0,0,0,0.0,0.0,0.0,0.0,0,0,0,0,0,0.00,0.00,0.00,0.00
483,Miodrag Pivaš,Newcastle,4,0,0,0,0,0,0,0,0.0,0.0,0.0,0.0,0,0,0,0,0,0.00,0.00,0.00,0.00
483,Miodrag Pivaš,Newcastle,5,0,0,0,0,0,0,0,0.0,0.0,0.0,0.0,0,0,0,0,0,0.00,0.00,0.00,0.00
483,Miodrag Pivaš,Newcastle,6,0,0,0,0,0,0,0,0.0,0.0,0.0,0.0,0,0,0,0,0,0.00,0.00,0.00,0.00
483,Miodrag Pivaš,Newcastle,7,0,0,0,0,0,0,0,0.0,0.0,0.0,0.0,0,0,0,0,0,0.00,0.00,0.00,0.00
483,Miodrag Pivaš,Newcastle,8,0,0,0,0,0,0,0,0.0,0.0,0.0,0.0,0,0,0,0,0,0.00,0.00,0.00,0.00
483,Miodrag Pivaš,Newcastle,9,0,0,0,0,0,0,0,0.0,0.0,0.0,0.0,0,0,0,0,0,0.00,0.00,0.00,0.00
484,Matt Targett,Newcastle,1,0,0,0,0,0,0,0,0.0,0.0,0.0,0.0,0,0,0,0,0,0.00,0.00,0.00,0.00
484,Matt Targett,Newcastle,2,0,0,0,0,0,0,0,0.0,0.0,0.0,0.0,0,0,0,0,0,0.00,0.00,0.00,0.00
484,Matt Targett,Newcastle,3,0,0,0,0,0,0,0,0.0,0.0,0.0,0.0,0,0,0,0,0,0.00,0.00,0.00,0.00
484,Matt Targett,Newcastle,4,0,0,0,0,0,0,0,0.0,0.0,0.0,0.0,0,0,0,0,0,0.00,0.00,0.00,0.00
484,Matt Targett,Newcastle,5,0,0,0,0,0,0,0,0.0,0.0,0.0,0.0,0,0,0,0,0,0.00,0.00,0.00,0.00
484,Matt Targett,Newcastle,6,0,0,0,0,0,0,0,0.0,0.0,0.0,0.0,0,0,0,0,0,0.00,0.00,0.00,0.00
484,Matt Targett,Newcastle,7,0,0,0,0,0,0,0,0.0,0.0,0.0,0.0,0,0,0,0,0,0.00,0.00,0.00,0.00
484,Matt Targett,Newcastle,8,0,0,0,0,0,0,0,0.0,0.0,0.0,0.0,0,0,0,0,0,0.00,0.00,0.00,0.00
484,Matt Targett,Newcastle,9,0,0,0,0,0,0,0,0.0,0.0,0.0,0.0,0,0,0,0,0,0.00,0.00,0.00,0.00
485,Anthony Gordon,Newcastle,1,3,90,0,0,1,0,0,5.4,13.0,41.0,5.9,0,4,0,4,1,0.55,0.03,0.58,0.20
485,Anthony Gordon,Newcastle,2,-2,47,0,0,0,0,1,0.0,11.2,45.0,5.4,0,3,0,3,1,0.48,0.02,0.50,0.07
485,Anthony Gordon,Newcastle,3,0,0,0,0,0,0,0,0.0,0.0,0.0,0.0,0,0,0,0,0,0.00,0.00,0.00,0.00
485,Anthony Gordon,Newcastle,4,0,0,0,0,0,0,0,0.0,0.0,0.0,0.0,0,0,0,0,0,0.00,0.00,0.00,0.00
485,Anthony Gordon,Newcastle,5,0,0,0,0,0,0,0,0.0,0.0,0.0,0.0,0,0,0,0,0,0.00,0.00,0.00,0.00
485,Anthony Gordon,Newcastle,6,3,66,0,0,1,0,0,13.0,11.4,9.0,3.3,0,2,3,5,1,0.05,0.02,0.07,1.56
485,Anthony Gordon,Newcastle,7,3,69,0,0,1,0,0,3.8,1.8,7.0,1.3,0,1,1,2,1,0.13,0.02,0.15,0.17
485,Anthony Gordon,Newcastle,8,2,69,0,0,0,0,0,10.0,28.4,7.0,4.5,0,2,1,3,1,0.07,0.15,0.22,0.78
485,Anthony Gordon,Newcastle,9,2,75,0,0,0,0,0,3.4,28.7,10.0,4.2,0,4,0,4,1,0.00,0.42,0.42,1.53
486,Anthony Elanga,Newcastle,1,3,77,0,0,1,0,0,8.6,29.8,27.0,6.5,0,3,0,3,1,0.57,0.06,0.63,0.17
486,Anthony Elanga,Newcastle,2,2,90,0,0,0,0,0,6.6,14.8,10.0,3.1,1,0,0,1,1,0.00,0.06,0.06,0.70
486,Anthony Elanga,Newcastle,3,1,28,0,0,0,0,0,3.8,0.8,0.0,0.5,0,0,1,1,0,0.00,0.01,0.01,0.07
486,Anthony Elanga,Newcastle,4,1,10,0,0,0,0,0,0.2,1.4,0.0,0.2,0,0,0,0,0,0.00,0.00,0.00,0.09
486,Anthony Elanga,Newcastle,5,1,28,0,0,0,0,0,3.4,0.7,2.0,0.6,2,1,0,3,0,0.00,0.00,0.00,0.13
486,Anthony Elanga,Newcastle,6,1,24,0,0,0,0,0,0.6,1.0,5.0,0.7,0,0,0,0,0,0.04,0.03,0.07,0.49
486,Anthony Elanga,Newcastle,7,3,69,0,0,1,0,0,7.6,28.7,14.0,5.0,0,2,0,2,1,0.00,0.03,0.03,0.17
486,Anthony Elanga,Newcastle,8,1,45,0,0,0,0,0,1.6,2.0,0.0,0.4,0,1,1,2,1,0.00,0.02,0.02,0.71
486,Anthony Elanga,Newcastle,9,1,14,0,0,0,0,0,7.4,20.3,9.0,3.7,1,0,0,1,0,0.17,0.07,0.24,0.00
487,Harvey Barnes,Newcastle,1,3,89,0,0,1,0,0,12.8,56.8,25.0,9.5,1,3,0,4,1,0.23,0.33,0.56,0.20
487,Harvey Barnes,Newcastle,2,2,75,0,0,0,0,0,4.2,15.8,2.0,2.2,0,2,0,2,1,0.00,0.36,0.36,0.33
487,Harvey Barnes,Newcastle,3,1,22,0,0,0,0,0,3.2,1.0,4.0,0.8,0,0,1,1,0,0.03,0.02,0.05,0.07
487,Harvey Barnes,Newcastle,4,3,79,0,0,1,0,0,0.0,4.1,14.0,1.8,1,2,1,4,1,0.11,0.09,0.20,0.41
487,Harvey Barnes,Newcastle,5,1,28,0,0,0,0,0,0.0,0.8,4.0,0.3,0,2,0,2,0,0.00,0.00,0.00,0.13
487,Harvey Barnes,Newcastle,6,1,1,0,0,0,0,0,0.0,0.0,0.0,0.0,0,0,0,0,0,0.00,0.00,0.00,0.26
487,Harvey Barnes,Newcastle,7,1,20,0,0,0,0,0,3.0,0.6,19.0,2.3,0,1,0,1,0,0.31,0.00,0.31,0.13
487,Harvey Barnes,Newcastle,8,1,20,0,0,0,0,0,6.0,4.3,17.0,2.7,0,2,0,2,0,0.03,0.07,0.10,0.14
487,Harvey Barnes,Newcastle,9,1,29,0,0,0,0,0,5.0,16.8,8.0,3.0,0,0,0,0,0,0.00,0.05,0.05,0.18
488,Bruno Guimarães Rodriguez Moura,Newcastle,1,3,90,0,0,1,0,0,7.6,22.6,2.0,3.2,1,5,2,8,1,0.00,0.10,0.10,0.20
488,Bruno Guimarães Rodriguez Moura,Newcastle,2,6,90,1,0,0,1,0,37.0,8.3,17.0,6.2,0,8,3,11,1,0.17,0.02,0.19,0.70
488,Bruno Guimarães Rodriguez Moura,Newcastle,3,3,90,0,0,1,0,0,7.6,9.6,0.0,1.7,0,6,3,9,1,0.00,0.05,0.05,0.69
488,Bruno Guimarães Rodriguez Moura,Newcastle,4,2,90,0,0,1,1,0,7.2,32.3,6.0,4.6,1,10,0,11,1,0.08,0.05,0.13,0.50
488,Bruno Guimarães Rodriguez Moura,Newcastle,5,0,0,0,0,0,0,0,0.0,0.0,0.0,0.0,0,0,0,0,0,0.00,0.00,0.00,0.00
488,Bruno Guimarães Rodriguez Moura,Newcastle,6,2,90,0,0,0,0,0,9.4,26.3,2.0,3.8,1,1,2,4,1,0.00,0.22,0.22,2.04
488,Bruno Guimarães Rodriguez Moura,Newcastle,7,14,90,1,1,1,0,0,44.6,16.3,17.0,7.8,0,4,3,7,1,0.07,0.12,0.19,0.29
488,Bruno Guimarães Rodriguez Moura,Newcastle,8,2,85,0,0,0,0,0,14.8,16.5,28.0,5.9,2,4,2,8,1,0.36,0.22,0.58,0.91
488,Bruno Guimarães Rodriguez Moura,Newcastle,9,10,90,1,0,0,0,0,46.0,46.9,25.0,11.8,0,6,3,9,1,0.80,0.10,0.90,1.53
489,Jacob Murphy,Newcastle,1,1,12,0,0,0,0,0,0.6,1.3,4.0,0.6,0,2,0,2,0,0.00,0.01,0.01,0.03
489,Jacob Murphy,Newcastle,2,0,0,0,0,0,0,0,0.0,0.0,0.0,0.0,0,0,0,0,0,0.00,0.00,0.00,0.00
489,Jacob Murphy,Newcastle,3,3,61,0,0,1,0,0,6.0,2.4,33.0,4.1,0,1,0,1,1,0.08,0.01,0.09,0.62
489,Jacob Murphy,Newcastle,4,6,90,0,1,1,0,0,24.2,17.2,41.0,8.2,2,0,0,2,1,0.82,0.28,1.10,0.50
489,Jacob Murphy,Newcastle,5,3,61,0,0,1,0,0,6.4,6.8,24.0,3.7,1,1,0,2,1,0.08,0.05,0.13,0.43
489,Jacob Murphy,Newcastle,6,3,65,0,0,1,0,0,1.6,0.3,7.0,0.9,1,2,0,3,1,0.09,0.01,0.10,1.56
489,Jacob Murphy,Newcastle,7,1,20,0,0,0,0,0,10.2,27.9,12.0,5.0,0,1,0,1,0,0.19,0.30,0.49,0.13
489,Jacob Murphy,Newcastle,8,1,45,0,0,0,0,0,7.0,20.1,8.0,3.5,0,1,1,2,0,0.15,0.10,0.25,0.21
489,Jacob Murphy,Newcastle,9,8,60,1,0,0,0,0,41.0,3.8,57.0,10.2,0,3,1,4,1,0.49,0.03,0.52,1.35
490,Joelinton Cássio Apolinário de Lira,Newcastle,1,2,82,0,0,1,1,0,4.4,4.2,6.0,1.5,2,5,2,9,1,0.00,0.02,0.02,0.17
490,Joelinton Cássio Apolinário de Lira,Newcastle,2,2,75,0,0,0,0,0,6.6,0.4,7.0,1.4,2,3,2,7,1,0.03,0.00,0.03,0.33
490,Joelinton Cássio Apolinário de Lira,Newcastle,3,0,0,0,0,0,0,0,0.0,0.0,0.0,0.0,0,0,0,0,0,0.00,0.00,0.00,0.00
490,Joelinton Cássio Apolinário de Lira,Newcastle,4,3,64,0,0,1,0,0,3.2,16.6,8.0,2.8,1,1,0,2,1,0.00,0.31,0.31,0.41
490,Joelinton Cássio Apolinário de Lira,Newcastle,5,0,0,0,0,0,0,0,0.0,0.0,0.0,0.0,0,0,0,0,0,0.00,0.00,0.00,0.00
490,Joelinton Cássio Apolinário de Lira,Newcastle,6,3,90,0,0,0,1,0,6.6,11.2,4.0,2.2,3,8,1,12,1,0.03,0.00,0.03,1.78
490,Joelinton Cássio Apolinário de Lira,Newcastle,7,3,90,0,0,1,0,0,11.8,14.7,61.0,8.8,4,3,1,8,1,0.49,0.02,0.51,0.29
490,Joelinton Cássio Apolinário de Lira,Newcastle,8,1,45,0,0,0,0,0,10.8,3.8,2.0,1.7,5,3,3,11,1,0.00,0.01,0.01,0.71
490,Joelinton Cássio Apolinário de Lira,Newcastle,9,4,90,0,0,0,0,0,22.2,27.0,11.0,6.0,3,6,4,13,1,0.07,0.03,0.10,1.53
491,Sandro Tonali,Newcastle,1,3,90,0,0,1,0,0,13.8,29.2,0.0,4.3,2,5,2,9,1,0.00,0.18,0.18,0.20
491,Sandro Tonali,Newcastle,2,2,65,0,0,0,0,0,0.4,1.3,8.0,1.0,2,3,0,5,1,0.09,0.01,0.10,0.33
491,Sandro Tonali,Newcastle,3,3,90,0,0,1,0,0,9.2,36.0,0.0,4.5,0,6,0,6,1,0.00,0.05,0.05,0.69
491,Sandro Tonali,Newcastle,4,3,90,0,0,1,0,0,14.2,5.0,35.0,5.4,2,2,1,5,1,0.14,0.02,0.16,0.50
491,Sandro Tonali,Newcastle,5,3,90,0,0,1,0,0,17.2,32.6,5.0,5.5,0,5,3,8,1,0.06,0.17,0.23,0.56
491,Sandro Tonali,Newcastle,6,6,90,0,1,0,0,0,40.2,43.3,0.0,8.4,6,0,2,8,1,0.00,0.27,0.27,2.04
491,Sandro Tonali,Newcastle,7,3,90,0,0,1,0,0,19.0,32.3,18.0,6.9,2,6,3,11,1,0.05,0.06,0.11,0.29
491,Sandro Tonali,Newcastle,8,2,69,0,0,0,0,0,11.0,27.5,2.0,4.1,2,2,1,5,1,0.03,0.28,0.31,0.78
491,Sandro Tonali,Newcastle,9,1,29,0,0,0,0,0,8.6,1.8,24.0,3.4,1,2,0,3,0,0.08,0.01,0.09,0.18
492,Antoñito Cordero Campillo,Newcastle,1,0,0,0,0,0,0,0,0.0,0.0,0.0,0.0,0,0,0,0,0,0.00,0.00,0.00,0.00
492,Antoñito Cordero Campillo,Newcastle,2,0,0,0,0,0,0,0,0.0,0.0,0.0,0.0,0,0,0,0,0,0.00,0.00,0.00,0.00
492,Antoñito Cordero Campillo,Newcastle,3,0,0,0,0,0,0,0,0.0,0.0,0.0,0.0,0,0,0,0,0,0.00,0.00,0.00,0.00
492,Antoñito Cordero Campillo,Newcastle,4,0,0,0,0,0,0,0,0.0,0.0,0.0,0.0,0,0,0,0,0,0.00,0.00,0.00,0.00
492,Antoñito Cordero Campillo,Newcastle,5,0,0,0,0,0,0,0,0.0,0.0,0.0,0.0,0,0,0,0,0,0.00,0.00,0.00,0.00
492,Antoñito Cordero Campillo,Newcastle,6,0,0,0,0,0,0,0,0.0,0.0,0.0,0.0,0,0,0,0,0,0.00,0.00,0.00,0.00
492,Antoñito Cordero Campillo,Newcastle,7,0,0,0,0,0,0,0,0.0,0.0,0.0,0.0,0,0,0,0,0,0.00,0.00,0.00,0.00
492,Antoñito Cordero Campillo,Newcastle,8,0,0,0,0,0,0,0,0.0,0.0,0.0,0.0,0,0,0,0,0,0.00,0.00,0.00,0.00
492,Antoñito Cordero Campillo,Newcastle,9,0,0,0,0,0,0,0,0.0,0.0,0.0,0.0,0,0,0,0,0,0.00,0.00,0.00,0.00
494,Joe Willock,Newcastle,1,0,0,0,0,0,0,0,0.0,0.0,0.0,0.0,0,0,0,0,0,0.00,0.00,0.00,0.00
494,Joe Willock,Newcastle,2,0,0,0,0,0,0,0,0.0,0.0,0.0,0.0,0,0,0,0,0,0.00,0.00,0.00,0.00
494,Joe Willock,Newcastle,3,0,0,0,0,0,0,0,0.0,0.0,0.0,0.0,0,0,0,0,0,0.00,0.00,0.00,0.00
494,Joe Willock,Newcastle,4,1,25,0,0,0,0,0,0.0,0.3,4.0,0.3,1,1,0,2,0,0.09,0.00,0.09,0.09
494,Joe Willock,Newcastle,5,3,61,0,0,1,0,0,10.6,1.9,2.0,1.5,1,4,4,9,1,0.00,0.01,0.01,0.43
494,Joe Willock,Newcastle,6,0,0,0,0,0,0,0,0.0,0.0,0.0,0.0,0,0,0,0,0,0.00,0.00,0.00,0.00
494,Joe Willock,Newcastle,7,0,0,0,0,0,0,0,0.0,0.0,0.0,0.0,0,0,0,0,0,0.00,0.00,0.00,0.00
494,Joe Willock,Newcastle,8,0,0,0,0,0,0,0,0.0,0.0,0.0,0.0,0,0,0,0,0,0.00,0.00,0.00,0.00
494,Joe Willock,Newcastle,9,0,0,0,0,0,0,0,0.0,0.0,0.0,0.0,0,0,0,0,0,0.00,0.00,0.00,0.00
495,Isaac Hayden,Newcastle,1,0,0,0,0,0,0,0,0.0,0.0,0.0,0.0,0,0,0,0,0,0.00,0.00,0.00,0.00
495,Isaac Hayden,Newcastle,2,0,0,0,0,0,0,0,0.0,0.0,0.0,0.0,0,0,0,0,0,0.00,0.00,0.00,0.00
495,Isaac Hayden,Newcastle,3,0,0,0,0,0,0,0,0.0,0.0,0.0,0.0,0,0,0,0,0,0.00,0.00,0.00,0.00
495,Isaac Hayden,Newcastle,4,0,0,0,0,0,0,0,0.0,0.0,0.0,0.0,0,0,0,0,0,0.00,0.00,0.00,0.00
495,Isaac Hayden,Newcastle,5,0,0,0,0,0,0,0,0.0,0.0,0.0,0.0,0,0,0,0,0,0.00,0.00,0.00,0.00
495,Isaac Hayden,Newcastle,6,0,0,0,0,0,0,0,0.0,0.0,0.0,0.0,0,0,0,0,0,0.00,0.00,0.00,0.00
495,Isaac Hayden,Newcastle,7,0,0,0,0,0,0,0,0.0,0.0,0.0,0.0,0,0,0,0,0,0.00,0.00,0.00,0.00
495,Isaac Hayden,Newcastle,8,0,0,0,0,0,0,0,0.0,0.0,0.0,0.0,0,0,0,0,0,0.00,0.00,0.00,0.00
495,Isaac Hayden,Newcastle,9,0,0,0,0,0,0,0,0.0,0.0,0.0,0.0,0,0,0,0,0,0.00,0.00,0.00,0.00
496,Garang Kuol,Newcastle,1,0,0,0,0,0,0,0,0.0,0.0,0.0,0.0,0,0,0,0,0,0.00,0.00,0.00,0.00
496,Garang Kuol,Newcastle,2,0,0,0,0,0,0,0,0.0,0.0,0.0,0.0,0,0,0,0,0,0.00,0.00,0.00,0.00
496,Garang Kuol,Newcastle,3,0,0,0,0,0,0,0,0.0,0.0,0.0,0.0,0,0,0,0,0,0.00,0.00,0.00,0.00
496,Garang Kuol,Newcastle,4,0,0,0,0,0,0,0,0.0,0.0,0.0,0.0,0,0,0,0,0,0.00,0.00,0.00,0.00
496,Garang Kuol,Newcastle,5,0,0,0,0,0,0,0,0.0,0.0,0.0,0.0,0,0,0,0,0,0.00,0.00,0.00,0.00
496,Garang Kuol,Newcastle,6,0,0,0,0,0,0,0,0.0,0.0,0.0,0.0,0,0,0,0,0,0.00,0.00,0.00,0.00
496,Garang Kuol,Newcastle,7,0,0,0,0,0,0,0,0.0,0.0,0.0,0.0,0,0,0,0,0,0.00,0.00,0.00,0.00
496,Garang Kuol,Newcastle,8,0,0,0,0,0,0,0,0.0,0.0,0.0,0.0,0,0,0,0,0,0.00,0.00,0.00,0.00
496,Garang Kuol,Newcastle,9,0,0,0,0,0,0,0,0.0,0.0,0.0,0.0,0,0,0,0,0,0.00,0.00,0.00,0.00
497,Lewis Miley,Newcastle,1,1,7,0,0,0,0,0,2.6,11.0,2.0,1.6,0,1,0,1,0,0.00,0.01,0.01,0.03
497,Lewis Miley,Newcastle,2,1,24,0,0,0,0,0,2.2,0.3,2.0,0.5,0,1,1,2,0,0.03,0.00,0.03,0.37
497,Lewis Miley,Newcastle,3,1,45,0,0,0,0,0,3.8,2.5,0.0,0.6,2,3,0,5,0,0.00,0.01,0.01,0.15
497,Lewis Miley,Newcastle,4,0,0,0,0,0,0,0,0.0,0.0,0.0,0.0,0,0,0,0,0,0.00,0.00,0.00,0.00
497,Lewis Miley,Newcastle,5,3,90,0,0,1,0,0,12.2,13.4,2.0,2.8,2,5,2,9,1,0.00,0.02,0.02,0.56
497,Lewis Miley,Newcastle,6,0,0,0,0,0,0,0,0.0,0.0,0.0,0.0,0,0,0,0,0,0.00,0.00,0.00,0.00
497,Lewis Miley,Newcastle,7,1,1,0,0,0,0,0,1.0,0.0,0.0,0.1,1,1,0,2,0,0.00,0.00,0.00,0.00
497,Lewis Miley,Newcastle,8,4,45,0,1,0,0,0,23.0,22.6,2.0,4.8,0,3,0,3,0,0.00,0.27,0.27,0.21
497,Lewis Miley,Newcastle,9,2,60,0,0,0,0,0,0.2,2.5,2.0,0.5,2,2,0,4,1,0.00,0.01,0.01,1.35
498,Joe White,Newcastle,1,0,0,0,0,0,0,0,0.0,0.0,0.0,0.0,0,0,0,0,0,0.00,0.00,0.00,0.00
498,Joe White,Newcastle,2,0,0,0,0,0,0,0,0.0,0.0,0.0,0.0,0,0,0,0,0,0.00,0.00,0.00,0.00
498,Joe White,Newcastle,3,0,0,0,0,0,0,0,0.0,0.0,0.0,0.0,0,0,0,0,0,0.00,0.00,0.00,0.00
498,Joe White,Newcastle,4,0,0,0,0,0,0,0,0.0,0.0,0.0,0.0,0,0,0,0,0,0.00,0.00,0.00,0.00
498,Joe White,Newcastle,5,0,0,0,0,0,0,0,0.0,0.0,0.0,0.0,0,0,0,0,0,0.00,0.00,0.00,0.00
498,Joe White,Newcastle,6,0,0,0,0,0,0,0,0.0,0.0,0.0,0.0,0,0,0,0,0,0.00,0.00,0.00,0.00
498,Joe White,Newcastle,7,0,0,0,0,0,0,0,0.0,0.0,0.0,0.0,0,0,0,0,0,0.00,0.00,0.00,0.00
498,Joe White,Newcastle,8,0,0,0,0,0,0,0,0.0,0.0,0.0,0.0,0,0,0,0,0,0.00,0.00,0.00,0.00
498,Joe White,Newcastle,9,0,0,0,0,0,0,0,0.0,0.0,0.0,0.0,0,0,0,0,0,0.00,0.00,0.00,0.00
500,William Osula,Newcastle,1,1,1,0,0,0,0,0,0.0,0.3,7.0,0.7,0,0,0,0,0,0.03,0.02,0.05,0.00
500,William Osula,Newcastle,2,5,14,1,0,0,0,0,31.0,0.3,17.0,4.8,0,0,0,0,0,0.13,0.00,0.13,0.37
500,William Osula,Newcastle,3,2,90,0,0,1,0,0,0.0,2.9,7.0,0.8,0,3,1,4,1,0.24,0.00,0.24,0.69
500,William Osula,Newcastle,4,1,25,0,0,0,0,0,6.0,10.0,0.0,1.6,1,1,0,2,0,0.00,0.00,0.00,0.09
500,William Osula,Newcastle,5,1,6,0,0,0,0,0,0.0,0.0,0.0,0.0,0,0,0,0,0,0.00,0.00,0.00,0.13
500,William Osula,Newcastle,6,1,23,0,0,0,0,0,0.0,0.1,0.0,0.0,0,0,0,0,0,0.00,0.00,0.00,0.49
500,William Osula,Newcastle,7,1,1,0,0,0,0,0,0.2,0.1,0.0,0.0,0,0,0,0,0,0.00,0.00,0.00,0.00
500,William Osula,Newcastle,8,1,4,0,0,0,0,0,0.0,0.0,0.0,0.0,0,0,0,0,0,0.00,0.00,0.00,0.00
500,William Osula,Newcastle,9,4,4,0,1,0,0,0,3.0,0.0,12.0,1.5,0,2,0,2,0,0.13,0.00,0.13,0.00
501,Sean Neave,Newcastle,1,0,0,0,0,0,0,0,0.0,0.0,0.0,0.0,0,0,0,0,0,0.00,0.00,0.00,0.00
501,Sean Neave,Newcastle,2,0,0,0,0,0,0,0,0.0,0.0,0.0,0.0,0,0,0,0,0,0.00,0.00,0.00,0.00
501,Sean Neave,Newcastle,3,0,0,0,0,0,0,0,0.0,0.0,0.0,0.0,0,0,0,0,0,0.00,0.00,0.00,0.00
501,Sean Neave,Newcastle,4,0,0,0,0,0,0,0,0.0,0.0,0.0,0.0,0,0,0,0,0,0.00,0.00,0.00,0.00
501,Sean Neave,Newcastle,5,0,0,0,0,0,0,0,0.0,0.0,0.0,0.0,0,0,0,0,0,0.00,0.00,0.00,0.00
501,Sean Neave,Newcastle,6,0,0,0,0,0,0,0,0.0,0.0,0.0,0.0,0,0,0,0,0,0.00,0.00,0.00,0.00
501,Sean Neave,Newcastle,7,0,0,0,0,0,0,0,0.0,0.0,0.0,0.0,0,0,0,0,0,0.00,0.00,0.00,0.00
501,Sean Neave,Newcastle,8,0,0,0,0,0,0,0,0.0,0.0,0.0,0.0,0,0,0,0,0,0.00,0.00,0.00,0.00
501,Sean Neave,Newcastle,9,0,0,0,0,0,0,0,0.0,0.0,0.0,0.0,0,0,0,0,0,0.00,0.00,0.00,0.00
674,Aaron Ramsdale,Newcastle,1,0,0,0,0,0,0,0,0.0,0.0,0.0,0.0,0,0,0,0,0,0.00,0.00,0.00,0.00
674,Aaron Ramsdale,Newcastle,2,0,0,0,0,0,0,0,0.0,0.0,0.0,0.0,0,0,0,0,0,0.00,0.00,0.00,0.00
674,Aaron Ramsdale,Newcastle,3,0,0,0,0,0,0,0,0.0,0.0,0.0,0.0,0,0,0,0,0,0.00,0.00,0.00,0.00
674,Aaron Ramsdale,Newcastle,4,0,0,0,0,0,0,0,0.0,0.0,0.0,0.0,0,0,0,0,0,0.00,0.00,0.00,0.00
674,Aaron Ramsdale,Newcastle,5,0,0,0,0,0,0,0,0.0,0.0,0.0,0.0,0,0,0,0,0,0.00,0.00,0.00,0.00
674,Aaron Ramsdale,Newcastle,6,0,0,0,0,0,0,0,0.0,0.0,0.0,0.0,0,0,0,0,0,0.00,0.00,0.00,0.00
674,Aaron Ramsdale,Newcastle,7,0,0,0,0,0,0,0,0.0,0.0,0.0,0.0,0,0,0,0,0,0.00,0.00,0.00,0.00
674,Aaron Ramsdale,Newcastle,8,0,0,0,0,0,0,0,0.0,0.0,0.0,0.0,0,0,0,0,0,0.00,0.00,0.00,0.00
674,Aaron Ramsdale,Newcastle,9,0,0,0,0,0,0,0,0.0,0.0,0.0,0.0,0,0,0,0,0,0.00,0.00,0.00,0.00
684,Malick Thiaw,Newcastle,1,0,0,0,0,0,0,0,0.0,0.0,0.0,0.0,0,0,0,0,0,0.00,0.00,0.00,0.00
684,Malick Thiaw,Newcastle,2,1,9,0,0,0,0,0,1.8,0.1,0.0,0.2,1,0,0,1,0,0.00,0.00,0.00,0.37
684,Malick Thiaw,Newcastle,3,0,0,0,0,0,0,0,0.0,0.0,0.0,0.0,0,0,0,0,0,0.00,0.00,0.00,0.00
684,Malick Thiaw,Newcastle,4,0,0,0,0,0,0,0,0.0,0.0,0.0,0.0,0,0,0,0,0,0.00,0.00,0.00,0.00
684,Malick Thiaw,Newcastle,5,7,83,0,0,1,1,0,24.4,1.3,0.0,2.6,12,2,2,14,1,0.00,0.02,0.02,0.43
684,Malick Thiaw,Newcastle,6,3,90,0,0,0,0,0,17.8,0.1,22.0,4.0,9,4,1,10,1,0.07,0.00,0.07,2.04
684,Malick Thiaw,Newcastle,7,8,90,0,0,1,0,0,14.8,10.9,25.0,5.1,5,7,1,6,1,0.58,0.01,0.59,0.29
684,Malick Thiaw,Newcastle,8,1,90,0,0,0,0,0,14.2,1.5,4.0,2.0,5,5,1,6,1,0.05,0.01,0.06,0.91
684,Malick Thiaw,Newcastle,9,2,90,0,0,0,0,0,17.0,1.3,3.0,2.1,5,6,2,7,1,0.04,0.24,0.28,1.53
689,Seung-Soo Park,Newcastle,1,0,0,0,0,0,0,0,0.0,0.0,0.0,0.0,0,0,0,0,0,0.00,0.00,0.00,0.00
689,Seung-Soo Park,Newcastle,2,0,0,0,0,0,0,0,0.0,0.0,0.0,0.0,0,0,0,0,0,0.00,0.00,0.00,0.00
689,Seung-Soo Park,Newcastle,3,0,0,0,0,0,0,0,0.0,0.0,0.0,0.0,0,0,0,0,0,0.00,0.00,0.00,0.00
689,Seung-Soo Park,Newcastle,4,0,0,0,0,0,0,0,0.0,0.0,0.0,0.0,0,0,0,0,0,0.00,0.00,0.00,0.00
689,Seung-Soo Park,Newcastle,5,0,0,0,0,0,0,0,0.0,0.0,0.0,0.0,0,0,0,0,0,0.00,0.00,0.00,0.00
689,Seung-Soo Park,Newcastle,6,0,0,0,0,0,0,0,0.0,0.0,0.0,0.0,0,0,0,0,0,0.00,0.00,0.00,0.00
689,Seung-Soo Park,Newcastle,7,0,0,0,0,0,0,0,0.0,0.0,0.0,0.0,0,0,0,0,0,0.00,0.00,0.00,0.00
689,Seung-Soo Park,Newcastle,8,0,0,0,0,0,0,0,0.0,0.0,0.0,0.0,0,0,0,0,0,0.00,0.00,0.00,0.00
689,Seung-Soo Park,Newcastle,9,0,0,0,0,0,0,0,0.0,0.0,0.0,0.0,0,0,0,0,0,0.00,0.00,0.00,0.00
714,Nick Woltemade,Newcastle,4,9,64,1,0,1,0,0,37.2,12.3,46.0,9.6,0,3,3,6,1,0.27,0.01,0.28,0.41
714,Nick Woltemade,Newcastle,5,2,83,0,0,1,0,0,0.8,4.9,8.0,1.4,1,1,0,2,1,0.00,0.02,0.02,0.43
714,Nick Woltemade,Newcastle,6,7,66,1,0,1,0,0,33.2,2.3,19.0,5.5,1,1,0,2,1,0.29,0.02,0.31,1.56
714,Nick Woltemade,Newcastle,7,6,90,1,0,1,0,0,36.2,16.3,31.0,8.4,0,4,2,6,1,1.37,0.08,1.45,0.29
714,Nick Woltemade,Newcastle,8,8,90,1,0,0,0,0,35.0,2.5,37.0,7.5,2,2,1,5,1,0.71,0.07,0.78,0.91
714,Nick Woltemade,Newcastle,9,2,85,0,0,0,0,0,1.4,12.2,15.0,2.9,1,3,0,4,1,0.39,0.01,0.40,1.53
12,Oleksandr Zinchenko,Nott'm Forest,1,0,0,0,0,0,0,0,0.0,0.0,0.0,0.0,0,0,0,0,0,0.00,0.00,0.00,0.00
12,Oleksandr Zinchenko,Nott'm Forest,2,0,0,0,0,0,0,0,0.0,0.0,0.0,0.0,0,0,0,0,0,0.00,0.00,0.00,0.00
12,Oleksandr Zinchenko,Nott'm Forest,3,0,0,0,0,0,0,0,0.0,0.0,0.0,0.0,0,0,0,0,0,0.00,0.00,0.00,0.00
12,Oleksandr Zinchenko,Nott'm Forest,4,0,0,0,0,0,0,0,0.0,0.0,0.0,0.0,0,0,0,0,0,0.00,0.00,0.00,0.00
12,Oleksandr Zinchenko,Nott'm Forest,5,2,90,0,0,0,0,0,29.6,18.0,15.0,6.3,6,6,3,9,1,0.04,0.07,0.11,0.85
12,Oleksandr Zinchenko,Nott'm Forest,6,2,90,0,0,0,0,0,14.8,19.3,0.0,3.4,1,3,3,4,1,0.00,0.10,0.10,1.19
12,Oleksandr Zinchenko,Nott'm Forest,7,0,0,0,0,0,0,0,0.0,0.0,0.0,0.0,0,0,0,0,0,0.00,0.00,0.00,0.00
12,Oleksandr Zinchenko,Nott'm Forest,8,1,73,0,0,0,0,0,18.2,15.1,0.0,3.3,4,3,4,8,1,0.00,0.13,0.13,1.41
12,Oleksandr Zinchenko,Nott'm Forest,9,0,0,0,0,0,0,0,0.0,0.0,0.0,0.0,0,0,0,0,0,0.00,0.00,0.00,0.00
426,James McAtee,Nott'm Forest,1,0,0,0,0,0,0,0,0.0,0.0,0.0,0.0,0,0,0,0,0,0.00,0.00,0.00,0.00
426,James McAtee,Nott'm Forest,2,1,18,0,0,0,0,0,1.4,11.3,2.0,1.5,0,0,0,0,0,0.00,0.03,0.03,0.00
426,James McAtee,Nott'm Forest,3,1,32,0,0,0,0,0,5.4,12.3,2.0,2.0,0,3,1,4,0,0.00,0.09,0.09,1.95
426,James McAtee,Nott'm Forest,4,1,17,0,0,0,0,0,2.8,12.1,0.0,1.5,0,0,0,0,0,0.00,0.01,0.01,0.08
426,James McAtee,Nott'm Forest,5,0,0,0,0,0,0,0,0.0,0.0,0.0,0.0,0,0,0,0,0,0.00,0.00,0.00,0.00
426,James McAtee,Nott'm Forest,6,1,59,0,0,0,0,0,4.4,4.1,2.0,1.1,1,3,1,5,1,0.02,0.04,0.06,0.74
426,James McAtee,Nott'm Forest,7,0,0,0,0,0,0,0,0.0,0.0,0.0,0.0,0,0,0,0,0,0.00,0.00,0.00,0.00
426,James McAtee,Nott'm Forest,8,0,0,0,0,0,0,0,0.0,0.0,0.0,0.0,0,0,0,0,0,0.00,0.00,0.00,0.00
426,James McAtee,Nott'm Forest,9,0,0,0,0,0,0,0,0.0,0.0,0.0,0.0,0,0,0,0,0,0.00,0.00,0.00,0.00
502,Matz Sels,Nott'm Forest,1,2,90,0,0,0,0,0,14.6,0.0,0.0,1.5,0,7,0,0,1,0.00,0.00,0.00,1.50
502,Matz Sels,Nott'm Forest,2,2,90,0,0,0,1,0,21.6,0.0,0.0,2.2,0,13,0,0,1,0.00,0.00,0.00,1.10
502,Matz Sels,Nott'm Forest,3,2,90,0,0,0,0,0,37.6,0.0,0.0,3.8,1,3,0,0,1,0.00,0.00,0.00,2.42
502,Matz Sels,Nott'm Forest,4,1,90,0,0,0,0,0,20.6,0.0,0.0,2.1,2,4,0,0,1,0.00,0.00,0.00,1.84
502,Matz Sels,Nott'm Forest,5,3,90,0,0,0,0,0,29.4,0.0,0.0,2.9,2,3,0,0,1,0.00,0.00,0.00,0.85
502,Matz Sels,Nott'm Forest,6,2,90,0,0,0,0,0,19.4,0.0,0.0,1.9,1,6,0,0,1,0.00,0.00,0.00,1.19
502,Matz Sels,Nott'm Forest,7,3,90,0,0,0,0,0,54.2,0.0,0.0,5.4,0,8,0,0,1,0.00,0.00,0.00,3.28
502,Matz Sels,Nott'm Forest,8,2,90,0,0,0,0,0,17.0,0.0,0.0,1.7,2,7,0,0,1,0.00,0.00,0.00,1.67
502,Matz Sels,Nott'm Forest,9,2,90,0,0,0,0,0,15.2,0.0,0.0,1.5,1,3,0,0,1,0.00,0.01,0.01,0.59
503,Carlos Miguel dos Santos Pereira,Nott'm Forest,1,0,0,0,0,0,0,0,0.0,0.0,0.0,0.0,0,0,0,0,0,0.00,0.00,0.00,0.00
503,Carlos Miguel dos Santos Pereira,Nott'm Forest,2,0,0,0,0,0,0,0,0.0,0.0,0.0,0.0,0,0,0,0,0,0.00,0.00,0.00,0.00
503,Carlos Miguel dos Santos Pereira,Nott'm Forest,3,0,0,0,0,0,0,0,0.0,0.0,0.0,0.0,0,0,0,0,0,0.00,0.00,0.00,0.00
503,Carlos Miguel dos Santos Pereira,Nott'm Forest,4,0,0,0,0,0,0,0,0.0,0.0,0.0,0.0,0,0,0,0,0,0.00,0.00,0.00,0.00
503,Carlos Miguel dos Santos Pereira,Nott'm Forest,5,0,0,0,0,0,0,0,0.0,0.0,0.0,0.0,0,0,0,0,0,0.00,0.00,0.00,0.00
503,Carlos Miguel dos Santos Pereira,Nott'm Forest,6,0,0,0,0,0,0,0,0.0,0.0,0.0,0.0,0,0,0,0,0,0.00,0.00,0.00,0.00
503,Carlos Miguel dos Santos Pereira,Nott'm Forest,7,0,0,0,0,0,0,0,0.0,0.0,0.0,0.0,0,0,0,0,0,0.00,0.00,0.00,0.00
503,Carlos Miguel dos Santos Pereira,Nott'm Forest,8,0,0,0,0,0,0,0,0.0,0.0,0.0,0.0,0,0,0,0,0,0.00,0.00,0.00,0.00
503,Carlos Miguel dos Santos Pereira,Nott'm Forest,9,0,0,0,0,0,0,0,0.0,0.0,0.0,0.0,0,0,0,0,0,0.00,0.00,0.00,0.00
504,Matt Turner,Nott'm Forest,1,0,0,0,0,0,0,0,0.0,0.0,0.0,0.0,0,0,0,0,0,0.00,0.00,0.00,0.00
504,Matt Turner,Nott'm Forest,2,0,0,0,0,0,0,0,0.0,0.0,0.0,0.0,0,0,0,0,0,0.00,0.00,0.00,0.00
504,Matt Turner,Nott'm Forest,3,0,0,0,0,0,0,0,0.0,0.0,0.0,0.0,0,0,0,0,0,0.00,0.00,0.00,0.00
504,Matt Turner,Nott'm Forest,4,0,0,0,0,0,0,0,0.0,0.0,0.0,0.0,0,0,0,0,0,0.00,0.00,0.00,0.00
504,Matt Turner,Nott'm Forest,5,0,0,0,0,0,0,0,0.0,0.0,0.0,0.0,0,0,0,0,0,0.00,0.00,0.00,0.00
504,Matt Turner,Nott'm Forest,6,0,0,0,0,0,0,0,0.0,0.0,0.0,0.0,0,0,0,0,0,0.00,0.00,0.00,0.00
504,Matt Turner,Nott'm Forest,7,0,0,0,0,0,0,0,0.0,0.0,0.0,0.0,0,0,0,0,0,0.00,0.00,0.00,0.00
504,Matt Turner,Nott'm Forest,8,0,0,0,0,0,0,0,0.0,0.0,0.0,0.0,0,0,0,0,0,0.00,0.00,0.00,0.00
504,Matt Turner,Nott'm Forest,9,0,0,0,0,0,0,0,0.0,0.0,0.0,0.0,0,0,0,0,0,0.00,0.00,0.00,0.00
505,Nikola Milenković,Nott'm Forest,1,2,90,0,0,0,0,0,17.2,0.5,0.0,1.8,7,2,1,8,1,0.00,0.00,0.00,1.50
505,Nikola Milenković,Nott'm Forest,2,2,90,0,0,0,0,0,15.8,0.8,2.0,1.9,6,2,1,7,1,0.00,0.02,0.02,1.10
505,Nikola Milenković,Nott'm Forest,3,1,90,0,0,0,0,0,10.8,2.1,6.0,1.9,4,3,0,4,1,0.05,0.01,0.06,2.42
505,Nikola Milenković,Nott'm Forest,4,1,90,0,0,0,0,0,10.8,1.6,2.0,1.4,5,3,0,5,1,0.00,0.02,0.02,1.84
505,Nikola Milenković,Nott'm Forest,5,2,90,0,0,0,0,0,18.4,13.3,0.0,3.2,8,2,0,8,1,0.00,0.11,0.11,0.85
505,Nikola Milenković,Nott'm Forest,6,1,90,0,0,0,1,0,22.2,3.3,4.0,3.0,6,4,0,6,1,0.02,0.02,0.04,1.19
505,Nikola Milenković,Nott'm Forest,7,3,90,0,0,0,0,0,15.2,0.4,0.0,1.6,10,4,0,10,1,0.00,0.00,0.00,3.28
505,Nikola Milenković,Nott'm Forest,8,1,90,0,0,0,0,0,8.0,1.8,27.0,3.7,2,3,0,2,1,0.31,0.02,0.33,1.67
505,Nikola Milenković,Nott'm Forest,9,1,90,0,0,0,0,0,9.6,0.7,0.0,1.0,4,3,0,4,1,0.00,0.00,0.00,0.59
506,Murillo Costa dos Santos,Nott'm Forest,1,2,90,0,0,0,0,0,11.8,1.6,0.0,1.3,5,6,0,5,1,0.00,0.02,0.02,1.50
506,Murillo Costa dos Santos,Nott'm Forest,2,1,90,0,0,0,1,0,14.4,5.3,0.0,2.0,4,5,2,6,1,0.00,0.16,0.16,1.10
506,Murillo Costa dos Santos,Nott'm Forest,3,1,90,0,0,0,0,0,13.6,5.0,0.0,1.9,4,9,0,4,1,0.00,0.02,0.02,2.42
506,Murillo Costa dos Santos,Nott'm Forest,4,3,36,0,0,0,0,0,14.2,0.0,0.0,1.4,9,1,1,10,1,0.00,0.00,0.00,0.95
506,Murillo Costa dos Santos,Nott'm Forest,5,0,0,0,0,0,0,0,0.0,0.0,0.0,0.0,0,0,0,0,0,0.00,0.00,0.00,0.00
506,Murillo Costa dos Santos,Nott'm Forest,6,0,0,0,0,0,0,0,0.0,0.0,0.0,0.0,0,0,0,0,0,0.00,0.00,0.00,0.00
506,Murillo Costa dos Santos,Nott'm Forest,7,0,0,0,0,0,0,0,0.0,0.0,0.0,0.0,0,0,0,0,0,0.00,0.00,0.00,0.00
506,Murillo Costa dos Santos,Nott'm Forest,8,1,73,0,0,0,0,0,12.0,1.3,2.0,1.5,6,3,0,6,1,0.00,0.01,0.01,1.41
506,Murillo Costa dos Santos,Nott'm Forest,9,1,90,0,0,0,0,0,28.4,0.6,0.0,2.9,5,4,3,8,1,0.00,0.00,0.00,0.59
507,Ola Aina,Nott'm Forest,1,4,90,0,0,0,0,0,27.2,16.1,2.0,4.5,9,8,3,12,1,0.00,0.04,0.04,1.50
507,Ola Aina,Nott'm Forest,2,1,90,0,0,0,1,0,12.4,1.9,0.0,1.4,5,10,1,6,1,0.00,0.01,0.01,1.10
507,Ola Aina,Nott'm Forest,3,1,90,0,0,0,0,0,14.2,15.3,9.0,3.9,2,2,2,4,1,0.04,0.27,0.31,2.42
507,Ola Aina,Nott'm Forest,4,0,0,0,0,0,0,0,0.0,0.0,0.0,0.0,0,0,0,0,0,0.00,0.00,0.00,0.00
507,Ola Aina,Nott'm Forest,5,0,0,0,0,0,0,0,0.0,0.0,0.0,0.0,0,0,0,0,0,0.00,0.00,0.00,0.00
507,Ola Aina,Nott'm Forest,6,0,0,0,0,0,0,0,0.0,0.0,0.0,0.0,0,0,0,0,0,0.00,0.00,0.00,0.00
507,Ola Aina,Nott'm Forest,7,0,0,0,0,0,0,0,0.0,0.0,0.0,0.0,0,0,0,0,0,0.00,0.00,0.00,0.00
507,Ola Aina,Nott'm Forest,8,0,0,0,0,0,0,0,0.0,0.0,0.0,0.0,0,0,0,0,0,0.00,0.00,0.00,0.00
507,Ola Aina,Nott'm Forest,9,0,0,0,0,0,0,0,0.0,0.0,0.0,0.0,0,0,0,0,0,0.00,0.00,0.00,0.00
508,Neco Williams,Nott'm Forest,1,1,90,0,0,0,1,0,19.0,28.8,2.0,5.0,4,2,2,6,1,0.00,0.09,0.09,1.50
508,Neco Williams,Nott'm Forest,2,2,90,0,0,0,0,0,7.8,3.5,6.0,1.7,0,6,3,3,1,0.00,0.02,0.02,1.10
508,Neco Williams,Nott'm Forest,3,1,90,0,0,0,0,0,11.4,3.9,13.0,2.8,2,5,3,5,1,0.03,0.02,0.05,2.42
508,Neco Williams,Nott'm Forest,4,0,90,0,0,0,1,0,16.0,2.6,2.0,2.1,4,2,1,5,1,0.01,0.01,0.02,1.84
508,Neco Williams,Nott'm Forest,5,10,90,1,0,0,0,0,49.4,8.3,37.0,9.5,5,4,2,7,1,0.15,0.01,0.16,0.85
508,Neco Williams,Nott'm Forest,6,1,90,0,0,0,1,0,26.0,56.8,6.0,8.9,1,2,3,4,1,0.00,0.23,0.23,1.19
508,Neco Williams,Nott'm Forest,7,0,90,0,0,0,1,0,25.6,11.8,17.0,5.4,3,6,4,7,1,0.03,0.01,0.04,3.28
508,Neco Williams,Nott'm Forest,8,1,90,0,0,0,0,0,9.8,2.8,10.0,2.3,3,3,2,5,1,0.53,0.01,0.54,1.67
508,Neco Williams,Nott'm Forest,9,1,90,0,0,0,0,0,16.4,5.8,10.0,3.2,4,4,3,7,1,0.09,0.05,0.14,0.59
509,David Mota Veiga Teixeira do Carmo,Nott'm Forest,1,0,0,0,0,0,0,0,0.0,0.0,0.0,0.0,0,0,0,0,0,0.00,0.00,0.00,0.00
509,David Mota Veiga Teixeira do Carmo,Nott'm Forest,2,0,0,0,0,0,0,0,0.0,0.0,0.0,0.0,0,0,0,0,0,0.00,0.00,0.00,0.00
509,David Mota Veiga Teixeira do Carmo,Nott'm Forest,3,0,0,0,0,0,0,0,0.0,0.0,0.0,0.0,0,0,0,0,0,0.00,0.00,0.00,0.00
509,David Mota Veiga Teixeira do Carmo,Nott'm Forest,4,0,0,0,0,0,0,0,0.0,0.0,0.0,0.0,0,0,0,0,0,0.00,0.00,0.00,0.00
509,David Mota Veiga Teixeira do Carmo,Nott'm Forest,5,0,0,0,0,0,0,0,0.0,0.0,0.0,0.0,0,0,0,0,0,0.00,0.00,0.00,0.00
509,David Mota Veiga Teixeira do Carmo,Nott'm Forest,6,0,0,0,0,0,0,0,0.0,0.0,0.0,0.0,0,0,0,0,0,0.00,0.00,0.00,0.00
509,David Mota Veiga Teixeira do Carmo,Nott'm Forest,7,0,0,0,0,0,0,0,0.0,0.0,0.0,0.0,0,0,0,0,0,0.00,0.00,0.00,0.00
509,David Mota Veiga Teixeira do Carmo,Nott'm Forest,8,0,0,0,0,0,0,0,0.0,0.0,0.0,0.0,0,0,0,0,0,0.00,0.00,0.00,0.00
509,David Mota Veiga Teixeira do Carmo,Nott'm Forest,9,0,0,0,0,0,0,0,0.0,0.0,0.0,0.0,0,0,0,0,0,0.00,0.00,0.00,0.00
510,Jair Paula da Cunha Filho,Nott'm Forest,1,0,0,0,0,0,0,0,0.0,0.0,0.0,0.0,0,0,0,0,0,0.00,0.00,0.00,0.00
510,Jair Paula da Cunha Filho,Nott'm Forest,2,0,0,0,0,0,0,0,0.0,0.0,0.0,0.0,0,0,0,0,0,0.00,0.00,0.00,0.00
510,Jair Paula da Cunha Filho,Nott'm Forest,3,0,0,0,0,0,0,0,0.0,0.0,0.0,0.0,0,0,0,0,0,0.00,0.00,0.00,0.00
510,Jair Paula da Cunha Filho,Nott'm Forest,4,0,0,0,0,0,0,0,0.0,0.0,0.0,0.0,0,0,0,0,0,0.00,0.00,0.00,0.00
510,Jair Paula da Cunha Filho,Nott'm Forest,5,0,0,0,0,0,0,0,0.0,0.0,0.0,0.0,0,0,0,0,0,0.00,0.00,0.00,0.00
510,Jair Paula da Cunha Filho,Nott'm Forest,6,0,0,0,0,0,0,0,0.0,0.0,0.0,0.0,0,0,0,0,0,0.00,0.00,0.00,0.00
510,Jair Paula da Cunha Filho,Nott'm Forest,7,3,90,0,0,0,0,0,26.0,0.4,0.0,2.6,9,1,2,11,1,0.00,0.00,0.00,3.28
510,Jair Paula da Cunha Filho,Nott'm Forest,8,0,0,0,0,0,0,0,0.0,0.0,0.0,0.0,0,0,0,0,0,0.00,0.00,0.00,0.00
510,Jair Paula da Cunha Filho,Nott'm Forest,9,0,0,0,0,0,0,0,0.0,0.0,0.0,0.0,0,0,0,0,0,0.00,0.00,0.00,0.00
511,Felipe Rodrigues da Silva,Nott'm Forest,1,0,0,0,0,0,0,0,0.0,0.0,0.0,0.0,0,0,0,0,0,0.00,0.00,0.00,0.00
511,Felipe Rodrigues da Silva,Nott'm Forest,2,0,0,0,0,0,0,0,0.0,0.0,0.0,0.0,0,0,0,0,0,0.00,0.00,0.00,0.00
511,Felipe Rodrigues da Silva,Nott'm Forest,3,0,0,0,0,0,0,0,0.0,0.0,0.0,0.0,0,0,0,0,0,0.00,0.00,0.00,0.00
511,Felipe Rodrigues da Silva,Nott'm Forest,4,1,90,0,0,0,0,0,13.6,0.8,0.0,1.4,4,4,1,5,1,0.00,0.00,0.00,1.84
511,Felipe Rodrigues da Silva,Nott'm Forest,5,1,90,0,0,0,1,0,16.0,1.9,0.0,1.8,4,5,3,7,1,0.00,0.01,0.01,0.85
511,Felipe Rodrigues da Silva,Nott'm Forest,6,2,90,0,0,0,0,0,19.8,1.9,3.0,2.5,5,8,1,6,1,0.03,0.01,0.04,1.19
511,Felipe Rodrigues da Silva,Nott'm Forest,7,3,76,0,0,0,1,0,24.4,0.4,0.0,2.5,13,4,1,14,1,0.00,0.01,0.01,1.43
511,Felipe Rodrigues da Silva,Nott'm Forest,8,0,90,0,0,0,1,0,15.6,0.5,0.0,1.6,4,1,3,7,1,0.00,0.00,0.00,1.67
511,Felipe Rodrigues da Silva,Nott'm Forest,9,0,0,0,0,0,0,0,0.0,0.0,0.0,0.0,0,0,0,0,0,0.00,0.00,0.00,0.00
512,Omar Richards,Nott'm Forest,1,0,0,0,0,0,0,0,0.0,0.0,0.0,0.0,0,0,0,0,0,0.00,0.00,0.00,0.00
512,Omar Richards,Nott'm Forest,2,0,0,0,0,0,0,0,0.0,0.0,0.0,0.0,0,0,0,0,0,0.00,0.00,0.00,0.00
512,Omar Richards,Nott'm Forest,3,0,0,0,0,0,0,0,0.0,0.0,0.0,0.0,0,0,0,0,0,0.00,0.00,0.00,0.00
512,Omar Richards,Nott'm Forest,4,0,0,0,0,0,0,0,0.0,0.0,0.0,0.0,0,0,0,0,0,0.00,0.00,0.00,0.00
512,Omar Richards,Nott'm Forest,5,0,0,0,0,0,0,0,0.0,0.0,0.0,0.0,0,0,0,0,0,0.00,0.00,0.00,0.00
512,Omar Richards,Nott'm Forest,6,0,0,0,0,0,0,0,0.0,0.0,0.0,0.0,0,0,0,0,0,0.00,0.00,0.00,0.00
512,Omar Richards,Nott'm Forest,7,0,0,0,0,0,0,0,0.0,0.0,0.0,0.0,0,0,0,0,0,0.00,0.00,0.00,0.00
512,Omar Richards,Nott'm Forest,8,0,0,0,0,0,0,0,0.0,0.0,0.0,0.0,0,0,0,0,0,0.00,0.00,0.00,0.00
512,Omar Richards,Nott'm Forest,9,0,0,0,0,0,0,0,0.0,0.0,0.0,0.0,0,0,0,0,0,0.00,0.00,0.00,0.00
513,Zach Abbott,Nott'm Forest,1,0,0,0,0,0,0,0,0.0,0.0,0.0,0.0,0,0,0,0,0,0.00,0.00,0.00,0.00
513,Zach Abbott,Nott'm Forest,2,0,0,0,0,0,0,0,0.0,0.0,0.0,0.0,0,0,0,0,0,0.00,0.00,0.00,0.00
513,Zach Abbott,Nott'm Forest,3,0,0,0,0,0,0,0,0.0,0.0,0.0,0.0,0,0,0,0,0,0.00,0.00,0.00,0.00
513,Zach Abbott,Nott'm Forest,4,0,0,0,0,0,0,0,0.0,0.0,0.0,0.0,0,0,0,0,0,0.00,0.00,0.00,0.00
513,Zach Abbott,Nott'm Forest,5,0,0,0,0,0,0,0,0.0,0.0,0.0,0.0,0,0,0,0,0,0.00,0.00,0.00,0.00
513,Zach Abbott,Nott'm Forest,6,0,0,0,0,0,0,0,0.0,0.0,0.0,0.0,0,0,0,0,0,0.00,0.00,0.00,0.00
513,Zach Abbott,Nott'm Forest,7,0,0,0,0,0,0,0,0.0,0.0,0.0,0.0,0,0,0,0,0,0.00,0.00,0.00,0.00
513,Zach Abbott,Nott'm Forest,8,0,0,0,0,0,0,0,0.0,0.0,0.0,0.0,0,0,0,0,0,0.00,0.00,0.00,0.00
513,Zach Abbott,Nott'm Forest,9,0,0,0,0,0,0,0,0.0,0.0,0.0,0.0,0,0,0,0,0,0.00,0.00,0.00,0.00
514,Willy Boly,Nott'm Forest,1,0,0,0,0,0,0,0,0.0,0.0,0.0,0.0,0,0,0,0,0,0.00,0.00,0.00,0.00
514,Willy Boly,Nott'm Forest,2,0,0,0,0,0,0,0,0.0,0.0,0.0,0.0,0,0,0,0,0,0.00,0.00,0.00,0.00
514,Willy Boly,Nott'm Forest,3,0,0,0,0,0,0,0,0.0,0.0,0.0,0.0,0,0,0,0,0,0.00,0.00,0.00,0.00
514,Willy Boly,Nott'm Forest,4,0,0,0,0,0,0,0,0.0,0.0,0.0,0.0,0,0,0,0,0,0.00,0.00,0.00,0.00
514,Willy Boly,Nott'm Forest,5,0,0,0,0,0,0,0,0.0,0.0,0.0,0.0,0,0,0,0,0,0.00,0.00,0.00,0.00
514,Willy Boly,Nott'm Forest,6,0,0,0,0,0,0,0,0.0,0.0,0.0,0.0,0,0,0,0,0,0.00,0.00,0.00,0.00
514,Willy Boly,Nott'm Forest,7,0,0,0,0,0,0,0,0.0,0.0,0.0,0.0,0,0,0,0,0,0.00,0.00,0.00,0.00
514,Willy Boly,Nott'm Forest,8,0,0,0,0,0,0,0,0.0,0.0,0.0,0.0,0,0,0,0,0,0.00,0.00,0.00,0.00
514,Willy Boly,Nott'm Forest,9,0,0,0,0,0,0,0,0.0,0.0,0.0,0.0,0,0,0,0,0,0.00,0.00,0.00,0.00
515,Morgan Gibbs-White,Nott'm Forest,1,5,83,0,1,0,0,0,28.8,51.8,15.0,9.6,1,2,1,4,1,0.38,0.28,0.66,1.50
515,Morgan Gibbs-White,Nott'm Forest,2,2,81,0,0,0,0,0,0.0,20.5,4.0,2.2,0,1,0,1,1,0.11,0.10,0.21,1.10
515,Morgan Gibbs-White,Nott'm Forest,3,2,90,0,0,0,0,0,7.6,11.2,31.0,5.0,0,5,1,6,1,0.15,0.08,0.23,2.42
515,Morgan Gibbs-White,Nott'm Forest,4,2,72,0,0,0,0,0,0.0,6.8,6.0,1.2,1,3,0,4,1,0.04,0.01,0.05,1.75
515,Morgan Gibbs-White,Nott'm Forest,5,2,90,0,0,0,0,0,15.0,28.7,25.0,6.9,3,3,0,6,1,0.08,0.05,0.13,0.85
515,Morgan Gibbs-White,Nott'm Forest,6,1,45,0,0,0,0,0,5.0,17.1,15.0,3.7,1,1,0,2,0,0.11,0.05,0.16,0.75
515,Morgan Gibbs-White,Nott'm Forest,7,4,90,0,0,0,0,0,14.2,7.9,21.0,4.3,5,8,0,13,1,0.12,0.08,0.20,3.28
515,Morgan Gibbs-White,Nott'm Forest,8,2,90,0,0,0,0,0,0.0,13.7,17.0,3.0,2,4,0,6,1,0.50,0.20,0.70,1.67
515,Morgan Gibbs-White,Nott'm Forest,9,2,88,0,0,0,0,0,4.2,18.0,12.0,3.4,2,2,0,4,1,0.10,0.05,0.15,0.59
516,Callum Hudson-Odoi,Nott'm Forest,1,2,90,0,0,0,0,0,11.8,32.3,9.0,5.3,0,0,0,0,1,0.02,0.24,0.26,1.50
516,Callum Hudson-Odoi,Nott'm Forest,2,10,71,1,0,0,0,0,35.6,3.3,24.0,6.3,1,1,1,3,1,0.31,0.02,0.33,1.10
516,Callum Hudson-Odoi,Nott'm Forest,3,2,88,0,0,0,0,0,11.2,42.3,25.0,7.9,1,2,0,3,1,0.04,0.09,0.13,1.46
516,Callum Hudson-Odoi,Nott'm Forest,4,1,59,0,0,0,0,0,0.4,4.1,2.0,0.7,0,2,0,2,1,0.00,0.01,0.01,1.75
516,Callum Hudson-Odoi,Nott'm Forest,5,1,31,0,0,0,0,0,3.8,23.5,2.0,2.9,0,0,0,0,0,0.01,0.03,0.04,0.34
516,Callum Hudson-Odoi,Nott'm Forest,6,1,30,0,0,0,0,0,5.8,23.3,8.0,3.7,0,0,0,0,0,0.00,0.05,0.05,0.46
516,Callum Hudson-Odoi,Nott'm Forest,7,1,26,0,0,0,0,0,7.2,1.4,17.0,2.6,1,1,0,2,0,0.07,0.01,0.08,2.25
516,Callum Hudson-Odoi,Nott'm Forest,8,1,37,0,0,0,0,0,15.2,27.5,2.0,4.5,1,2,1,4,0,0.00,0.48,0.48,0.67
516,Callum Hudson-Odoi,Nott'm Forest,9,1,45,0,0,0,0,0,1.8,12.4,0.0,1.4,1,3,0,4,1,0.00,0.02,0.02,0.48
517,Elliot Anderson,Nott'm Forest,1,6,90,0,1,0,0,0,28.6,21.3,20.0,7.0,1,8,2,11,1,0.39,0.28,0.67,1.50
517,Elliot Anderson,Nott'm Forest,2,2,90,0,0,0,0,0,17.2,21.5,0.0,3.9,1,7,3,11,1,0.00,0.03,0.03,1.10
517,Elliot Anderson,Nott'm Forest,3,2,90,0,0,0,0,0,32.8,49.3,10.0,9.2,1,3,7,11,1,0.02,0.13,0.15,2.42
517,Elliot Anderson,Nott'm Forest,4,4,90,0,0,0,0,0,15.4,7.9,0.0,2.3,2,11,2,15,1,0.00,0.03,0.03,1.84
517,Elliot Anderson,Nott'm Forest,5,4,90,0,0,0,0,0,28.0,36.5,9.0,7.4,5,9,1,15,1,0.04,0.25,0.29,0.85
517,Elliot Anderson,Nott'm Forest,6,3,90,0,0,0,1,0,15.8,22.8,22.0,6.1,3,9,4,16,1,0.18,0.03,0.21,1.19
517,Elliot Anderson,Nott'm Forest,7,1,90,0,0,0,1,0,5.4,10.7,0.0,1.6,0,8,2,10,1,0.00,0.03,0.03,3.28
517,Elliot Anderson,Nott'm Forest,8,4,90,0,0,0,0,0,12.4,37.2,6.0,5.6,2,9,1,12,1,0.00,0.23,0.23,1.67
517,Elliot Anderson,Nott'm Forest,9,2,90,0,0,0,0,0,16.0,26.8,0.0,4.3,1,7,3,11,1,0.00,0.14,0.14,0.59
518,João Pedro Ferreira da Silva,Nott'm Forest,1,1,11,0,0,0,0,0,5.0,0.5,4.0,1.0,1,0,2,3,0,0.00,0.00,0.00,0.00
518,João Pedro Ferreira da Silva,Nott'm Forest,2,0,0,0,0,0,0,0,0.0,0.0,0.0,0.0,0,0,0,0,0,0.00,0.00,0.00,0.00
518,João Pedro Ferreira da Silva,Nott'm Forest,3,0,0,0,0,0,0,0,0.0,0.0,0.0,0.0,0,0,0,0,0,0.00,0.00,0.00,0.00
518,João Pedro Ferreira da Silva,Nott'm Forest,4,0,0,0,0,0,0,0,0.0,0.0,0.0,0.0,0,0,0,0,0,0.00,0.00,0.00,0.00
518,João Pedro Ferreira da Silva,Nott'm Forest,5,0,0,0,0,0,0,0,0.0,0.0,0.0,0.0,0,0,0,0,0,0.00,0.00,0.00,0.00
518,João Pedro Ferreira da Silva,Nott'm Forest,6,0,0,0,0,0,0,0,0.0,0.0,0.0,0.0,0,0,0,0,0,0.00,0.00,0.00,0.00
518,João Pedro Ferreira da Silva,Nott'm Forest,7,0,0,0,0,0,0,0,0.0,0.0,0.0,0.0,0,0,0,0,0,0.00,0.00,0.00,0.00
518,João Pedro Ferreira da Silva,Nott'm Forest,8,0,0,0,0,0,0,0,0.0,0.0,0.0,0.0,0,0,0,0,0,0.00,0.00,0.00,0.00
518,João Pedro Ferreira da Silva,Nott'm Forest,9,0,0,0,0,0,0,0,0.0,0.0,0.0,0.0,0,0,0,0,0,0.00,0.00,0.00,0.00
519,Nicolás Domínguez,Nott'm Forest,1,0,0,0,0,0,0,0,0.0,0.0,0.0,0.0,0,0,0,0,0,0.00,0.00,0.00,0.00
519,Nicolás Domínguez,Nott'm Forest,2,0,0,0,0,0,0,0,0.0,0.0,0.0,0.0,0,0,0,0,0,0.00,0.00,0.00,0.00
519,Nicolás Domínguez,Nott'm Forest,3,0,0,0,0,0,0,0,0.0,0.0,0.0,0.0,0,0,0,0,0,0.00,0.00,0.00,0.00
519,Nicolás Domínguez,Nott'm Forest,4,0,0,0,0,0,0,0,0.0,0.0,0.0,0.0,0,0,0,0,0,0.00,0.00,0.00,0.00
519,Nicolás Domínguez,Nott'm Forest,5,0,0,0,0,0,0,0,0.0,0.0,0.0,0.0,0,0,0,0,0,0.00,0.00,0.00,0.00
519,Nicolás Domínguez,Nott'm Forest,6,0,45,0,0,0,1,0,2.4,3.3,0.0,0.6,1,0,2,3,1,0.00,0.01,0.01,0.44
519,Nicolás Domínguez,Nott'm Forest,7,0,0,0,0,0,0,0,0.0,0.0,0.0,0.0,0,0,0,0,0,0.00,0.00,0.00,0.00
519,Nicolás Domínguez,Nott'm Forest,8,0,0,0,0,0,0,0,0.0,0.0,0.0,0.0,0,0,0,0,0,0.00,0.00,0.00,0.00
519,Nicolás Domínguez,Nott'm Forest,9,1,7,0,0,0,0,0,4.6,11.1,0.0,1.6,0,0,1,1,0,0.00,0.02,0.02,0.00
520,Lewis O'Brien,Nott'm Forest,1,0,0,0,0,0,0,0,0.0,0.0,0.0,0.0,0,0,0,0,0,0.00,0.00,0.00,0.00
520,Lewis O'Brien,Nott'm Forest,2,0,0,0,0,0,0,0,0.0,0.0,0.0,0.0,0,0,0,0,0,0.00,0.00,0.00,0.00
520,Lewis O'Brien,Nott'm Forest,3,0,0,0,0,0,0,0,0.0,0.0,0.0,0.0,0,0,0,0,0,0.00,0.00,0.00,0.00
520,Lewis O'Brien,Nott'm Forest,4,0,0,0,0,0,0,0,0.0,0.0,0.0,0.0,0,0,0,0,0,0.00,0.00,0.00,0.00
520,Lewis O'Brien,Nott'm Forest,5,0,0,0,0,0,0,0,0.0,0.0,0.0,0.0,0,0,0,0,0,0.00,0.00,0.00,0.00
520,Lewis O'Brien,Nott'm Forest,6,0,0,0,0,0,0,0,0.0,0.0,0.0,0.0,0,0,0,0,0,0.00,0.00,0.00,0.00
520,Lewis O'Brien,Nott'm Forest,7,0,0,0,0,0,0,0,0.0,0.0,0.0,0.0,0,0,0,0,0,0.00,0.00,0.00,0.00
520,Lewis O'Brien,Nott'm Forest,8,0,0,0,0,0,0,0,0.0,0.0,0.0,0.0,0,0,0,0,0,0.00,0.00,0.00,0.00
520,Lewis O'Brien,Nott'm Forest,9,0,0,0,0,0,0,0,0.0,0.0,0.0,0.0,0,0,0,0,0,0.00,0.00,0.00,0.00
521,Ibrahim Sangaré,Nott'm Forest,1,2,90,0,0,0,0,0,1.4,4.2,1.0,0.7,5,4,1,10,1,0.02,0.01,0.03,1.50
521,Ibrahim Sangaré,Nott'm Forest,2,2,87,0,0,0,0,0,9.4,3.3,1.0,1.4,4,3,1,8,1,0.01,0.01,0.02,1.10
521,Ibrahim Sangaré,Nott'm Forest,3,4,88,0,0,0,0,0,7.6,5.3,0.0,1.3,7,5,2,14,1,0.00,0.04,0.04,1.46
521,Ibrahim Sangaré,Nott'm Forest,4,2,72,0,0,0,0,0,7.8,4.5,0.0,1.2,2,2,3,7,1,0.00,0.01,0.01,1.75
521,Ibrahim Sangaré,Nott'm Forest,5,1,14,0,0,0,0,0,7.0,1.7,0.0,0.9,1,1,0,2,0,0.00,0.01,0.01,0.17
521,Ibrahim Sangaré,Nott'm Forest,6,0,0,0,0,0,0,0,0.0,0.0,0.0,0.0,0,0,0,0,0,0.00,0.00,0.00,0.00
521,Ibrahim Sangaré,Nott'm Forest,7,0,0,0,0,0,0,0,0.0,0.0,0.0,0.0,0,0,0,0,0,0.00,0.00,0.00,0.00
521,Ibrahim Sangaré,Nott'm Forest,8,1,90,0,0,0,1,0,26.4,16.0,34.0,7.6,3,2,4,9,1,0.25,0.03,0.28,1.67
521,Ibrahim Sangaré,Nott'm Forest,9,0,0,0,0,0,0,0,0.0,0.0,0.0,0.0,0,0,0,0,0,0.00,0.00,0.00,0.00
522,Ryan Yates,Nott'm Forest,1,1,6,0,0,0,0,0,4.6,1.6,2.0,0.8,2,3,0,5,0,0.00,0.01,0.01,0.00
522,Ryan Yates,Nott'm Forest,2,1,2,0,0,0,0,0,2.6,1.8,0.0,0.4,1,0,0,1,0,0.00,0.00,0.00,0.00
522,Ryan Yates,Nott'm Forest,3,0,0,0,0,0,0,0,0.0,0.0,0.0,0.0,0,0,0,0,0,0.00,0.00,0.00,0.00
522,Ryan Yates,Nott'm Forest,4,1,17,0,0,0,0,0,0.0,0.6,0.0,0.0,1,0,0,1,0,0.00,0.00,0.00,0.08
522,Ryan Yates,Nott'm Forest,5,0,0,0,0,0,0,0,0.0,0.0,0.0,0.0,0,0,0,0,0,0.00,0.00,0.00,0.00
522,Ryan Yates,Nott'm Forest,6,0,0,0,0,0,0,0,0.0,0.0,0.0,0.0,0,0,0,0,0,0.00,0.00,0.00,0.00
522,Ryan Yates,Nott'm Forest,7,1,63,0,0,0,1,0,12.6,1.3,17.0,3.1,5,2,0,7,1,0.07,0.00,0.07,1.03
522,Ryan Yates,Nott'm Forest,8,0,0,0,0,0,0,0,0.0,0.0,0.0,0.0,0,0,0,0,0,0.00,0.00,0.00,0.00
522,Ryan Yates,Nott'm Forest,9,1,45,0,0,0,0,0,3.0,2.7,0.0,0.6,2,0,0,2,0,0.00,0.00,0.00,0.10
523,Eric da Silva Moreira,Nott'm Forest,1,0,0,0,0,0,0,0,0.0,0.0,0.0,0.0,0,0,0,0,0,0.00,0.00,0.00,0.00
523,Eric da Silva Moreira,Nott'm Forest,2,0,0,0,0,0,0,0,0.0,0.0,0.0,0.0,0,0,0,0,0,0.00,0.00,0.00,0.00
523,Eric da Silva Moreira,Nott'm Forest,3,0,0,0,0,0,0,0,0.0,0.0,0.0,0.0,0,0,0,0,0,0.00,0.00,0.00,0.00
523,Eric da Silva Moreira,Nott'm Forest,4,0,0,0,0,0,0,0,0.0,0.0,0.0,0.0,0,0,0,0,0,0.00,0.00,0.00,0.00
523,Eric da Silva Moreira,Nott'm Forest,5,0,0,0,0,0,0,0,0.0,0.0,0.0,0.0,0,0,0,0,0,0.00,0.00,0.00,0.00
523,Eric da Silva Moreira,Nott'm Forest,6,0,0,0,0,0,0,0,0.0,0.0,0.0,0.0,0,0,0,0,0,0.00,0.00,0.00,0.00
523,Eric da Silva Moreira,Nott'm Forest,7,0,0,0,0,0,0,0,0.0,0.0,0.0,0.0,0,0,0,0,0,0.00,0.00,0.00,0.00
523,Eric da Silva Moreira,Nott'm Forest,8,0,0,0,0,0,0,0,0.0,0.0,0.0,0.0,0,0,0,0,0,0.00,0.00,0.00,0.00
523,Eric da Silva Moreira,Nott'm Forest,9,0,0,0,0,0,0,0,0.0,0.0,0.0,0.0,0,0,0,0,0,0.00,0.00,0.00,0.00
524,Marko Stamenić,Nott'm Forest,1,0,0,0,0,0,0,0,0.0,0.0,0.0,0.0,0,0,0,0,0,0.00,0.00,0.00,0.00
524,Marko Stamenić,Nott'm Forest,2,0,0,0,0,0,0,0,0.0,0.0,0.0,0.0,0,0,0,0,0,0.00,0.00,0.00,0.00
524,Marko Stamenić,Nott'm Forest,3,0,0,0,0,0,0,0,0.0,0.0,0.0,0.0,0,0,0,0,0,0.00,0.00,0.00,0.00
524,Marko Stamenić,Nott'm Forest,4,0,0,0,0,0,0,0,0.0,0.0,0.0,0.0,0,0,0,0,0,0.00,0.00,0.00,0.00
524,Marko Stamenić,Nott'm Forest,5,0,0,0,0,0,0,0,0.0,0.0,0.0,0.0,0,0,0,0,0,0.00,0.00,0.00,0.00
524,Marko Stamenić,Nott'm Forest,6,0,0,0,0,0,0,0,0.0,0.0,0.0,0.0,0,0,0,0,0,0.00,0.00,0.00,0.00
524,Marko Stamenić,Nott'm Forest,7,0,0,0,0,0,0,0,0.0,0.0,0.0,0.0,0,0,0,0,0,0.00,0.00,0.00,0.00
524,Marko Stamenić,Nott'm Forest,8,0,0,0,0,0,0,0,0.0,0.0,0.0,0.0,0,0,0,0,0,0.00,0.00,0.00,0.00
524,Marko Stamenić,Nott'm Forest,9,0,0,0,0,0,0,0,0.0,0.0,0.0,0.0,0,0,0,0,0,0.00,0.00,0.00,0.00
525,Chris Wood,Nott'm Forest,1,13,78,2,0,0,0,0,66.2,4.3,54.0,12.5,0,2,0,2,1,0.95,0.01,0.96,1.50
525,Chris Wood,Nott'm Forest,2,2,87,0,0,0,0,0,0.0,11.0,13.0,2.0,0,0,0,0,1,0.23,0.06,0.29,1.10
525,Chris Wood,Nott'm Forest,3,2,72,0,0,1,0,0,0.0,1.9,25.0,2.6,0,1,0,1,1,0.41,0.00,0.41,0.59
525,Chris Wood,Nott'm Forest,4,1,59,0,0,0,0,0,4.4,11.6,17.0,3.3,1,0,0,1,1,0.03,0.04,0.07,1.75
525,Chris Wood,Nott'm Forest,5,2,74,0,0,0,0,0,5.0,17.5,24.0,4.7,2,2,0,4,1,0.41,0.00,0.41,0.68
525,Chris Wood,Nott'm Forest,6,2,89,0,0,0,0,0,0.0,2.0,44.0,4.2,2,1,0,3,1,0.78,0.00,0.78,0.92
525,Chris Wood,Nott'm Forest,7,2,63,0,0,0,0,0,0.0,1.3,2.0,0.3,1,1,0,2,1,0.00,0.00,0.00,1.03
525,Chris Wood,Nott'm Forest,8,1,16,0,0,0,0,0,2.0,0.0,0.0,0.2,0,0,1,1,0,0.00,0.00,0.00,0.27
525,Chris Wood,Nott'm Forest,9,0,0,0,0,0,0,0,0.0,0.0,0.0,0.0,0,0,0,0,0,0.00,0.00,0.00,0.00
526,Igor Jesus Maciel da Cruz,Nott'm Forest,1,1,11,0,0,0,0,0,1.0,1.5,2.0,0.5,1,0,0,1,0,0.00,0.00,0.00,0.00
526,Igor Jesus Maciel da Cruz,Nott'm Forest,2,1,2,0,0,0,0,0,0.0,0.3,6.0,0.4,0,0,0,0,0,0.07,0.00,0.07,0.00
526,Igor Jesus Maciel da Cruz,Nott'm Forest,3,1,17,0,0,0,0,0,1.0,0.3,0.0,0.1,0,1,1,2,0,0.00,0.00,0.00,1.83
526,Igor Jesus Maciel da Cruz,Nott'm Forest,4,0,0,0,0,0,0,0,0.0,0.0,0.0,0.0,0,0,0,0,0,0.00,0.00,0.00,0.00
526,Igor Jesus Maciel da Cruz,Nott'm Forest,5,1,15,0,0,0,0,0,5.2,10.6,17.0,3.3,0,0,0,0,0,0.04,0.03,0.07,0.17
526,Igor Jesus Maciel da Cruz,Nott'm Forest,6,1,30,0,0,0,0,0,5.0,2.8,22.0,3.0,1,3,0,4,0,0.20,0.01,0.21,0.46
526,Igor Jesus Maciel da Cruz,Nott'm Forest,7,1,26,0,0,0,0,0,6.0,0.4,2.0,0.8,2,1,2,5,0,0.00,0.00,0.00,2.25
526,Igor Jesus Maciel da Cruz,Nott'm Forest,8,1,45,0,0,0,0,0,0.0,1.5,15.0,1.5,0,0,1,1,0,0.69,0.01,0.70,1.31
526,Igor Jesus Maciel da Cruz,Nott'm Forest,9,1,45,0,0,0,0,0,5.6,12.3,0.0,1.8,2,0,1,3,1,0.00,0.02,0.02,0.48
527,Taiwo Awoniyi,Nott'm Forest,1,0,0,0,0,0,0,0,0.0,0.0,0.0,0.0,0,0,0,0,0,0.00,0.00,0.00,0.00
527,Taiwo Awoniyi,Nott'm Forest,2,0,0,0,0,0,0,0,0.0,0.0,0.0,0.0,0,0,0,0,0,0.00,0.00,0.00,0.00
527,Taiwo Awoniyi,Nott'm Forest,3,0,0,0,0,0,0,0,0.0,0.0,0.0,0.0,0,0,0,0,0,0.00,0.00,0.00,0.00
527,Taiwo Awoniyi,Nott'm Forest,4,0,0,0,0,0,0,0,0.0,0.0,0.0,0.0,0,0,0,0,0,0.00,0.00,0.00,0.00
527,Taiwo Awoniyi,Nott'm Forest,5,0,0,0,0,0,0,0,0.0,0.0,0.0,0.0,0,0,0,0,0,0.00,0.00,0.00,0.00
527,Taiwo Awoniyi,Nott'm Forest,6,0,0,0,0,0,0,0,0.0,0.0,0.0,0.0,0,0,0,0,0,0.00,0.00,0.00,0.00
527,Taiwo Awoniyi,Nott'm Forest,7,0,0,0,0,0,0,0,0.0,0.0,0.0,0.0,0,0,0,0,0,0.00,0.00,0.00,0.00
527,Taiwo Awoniyi,Nott'm Forest,8,1,45,0,0,0,0,0,0.0,10.7,1.0,1.1,0,3,1,4,1,0.08,0.02,0.10,0.37
527,Taiwo Awoniyi,Nott'm Forest,9,1,45,0,0,0,0,0,6.6,3.2,36.0,4.6,0,1,0,1,0,0.11,0.00,0.11,0.10
669,Dan Ndoye,Nott'm Forest,1,9,78,1,0,0,0,0,32.2,0.8,27.0,6.0,0,3,0,3,1,0.10,0.01,0.11,1.50
669,Dan Ndoye,Nott'm Forest,2,7,70,0,1,0,0,0,23.8,29.2,8.0,6.1,2,3,0,5,1,0.00,0.35,0.35,1.10
669,Dan Ndoye,Nott'm Forest,3,1,57,0,0,0,0,0,2.6,2.3,4.0,0.9,0,4,2,6,1,0.00,0.00,0.00,0.47
669,Dan Ndoye,Nott'm Forest,4,2,90,0,0,0,0,0,16.6,21.1,4.0,4.2,2,2,1,5,1,0.00,0.03,0.03,1.84
669,Dan Ndoye,Nott'm Forest,5,2,75,0,0,0,0,0,9.4,21.6,12.0,4.3,2,3,1,6,1,0.00,0.18,0.18,0.68
669,Dan Ndoye,Nott'm Forest,6,1,59,0,0,0,0,0,2.4,3.1,13.0,1.9,0,1,1,2,1,0.05,0.01,0.06,0.74
669,Dan Ndoye,Nott'm Forest,7,2,64,0,0,0,0,0,8.8,25.1,2.0,3.6,1,5,1,7,1,0.00,0.06,0.06,1.03
669,Dan Ndoye,Nott'm Forest,8,0,0,0,0,0,0,0,0.0,0.0,0.0,0.0,0,0,0,0,0,0.00,0.00,0.00,0.00
669,Dan Ndoye,Nott'm Forest,9,2,82,0,0,0,0,0,0.0,2.4,3.0,0.5,2,8,1,11,1,0.05,0.01,0.06,0.59
675,Angus Gunn,Nott'm Forest,1,0,0,0,0,0,0,0,0.0,0.0,0.0,0.0,0,0,0,0,0,0.00,0.00,0.00,0.00
675,Angus Gunn,Nott'm Forest,2,0,0,0,0,0,0,0,0.0,0.0,0.0,0.0,0,0,0,0,0,0.00,0.00,0.00,0.00
675,Angus Gunn,Nott'm Forest,3,0,0,0,0,0,0,0,0.0,0.0,0.0,0.0,0,0,0,0,0,0.00,0.00,0.00,0.00
675,Angus Gunn,Nott'm Forest,4,0,0,0,0,0,0,0,0.0,0.0,0.0,0.0,0,0,0,0,0,0.00,0.00,0.00,0.00
675,Angus Gunn,Nott'm Forest,5,0,0,0,0,0,0,0,0.0,0.0,0.0,0.0,0,0,0,0,0,0.00,0.00,0.00,0.00
675,Angus Gunn,Nott'm Forest,6,0,0,0,0,0,0,0,0.0,0.0,0.0,0.0,0,0,0,0,0,0.00,0.00,0.00,0.00
675,Angus Gunn,Nott'm Forest,7,0,0,0,0,0,0,0,0.0,0.0,0.0,0.0,0,0,0,0,0,0.00,0.00,0.00,0.00
675,Angus Gunn,Nott'm Forest,8,0,0,0,0,0,0,0,0.0,0.0,0.0,0.0,0,0,0,0,0,0.00,0.00,0.00,0.00
675,Angus Gunn,Nott'm Forest,9,0,0,0,0,0,0,0,0.0,0.0,0.0,0.0,0,0,0,0,0,0.00,0.00,0.00,0.00
693,Omari Hutchinson,Nott'm Forest,2,1,8,0,0,0,0,0,0.0,0.6,8.0,0.5,0,0,0,0,0,0.20,0.00,0.20,0.00
693,Omari Hutchinson,Nott'm Forest,3,1,1,0,0,0,0,0,0.2,0.3,0.0,0.1,0,1,0,1,0,0.00,0.00,0.00,0.96
693,Omari Hutchinson,Nott'm Forest,4,0,0,0,0,0,0,0,0.0,0.0,0.0,0.0,0,0,0,0,0,0.00,0.00,0.00,0.00
693,Omari Hutchinson,Nott'm Forest,5,0,0,0,0,0,0,0,0.0,0.0,0.0,0.0,0,0,0,0,0,0.00,0.00,0.00,0.00
693,Omari Hutchinson,Nott'm Forest,6,1,18,0,0,0,0,0,22.6,53.2,26.0,10.2,0,1,1,2,0,0.22,0.34,0.56,0.41
693,Omari Hutchinson,Nott'm Forest,7,1,25,0,0,0,0,0,0.4,3.5,4.0,0.8,0,1,0,1,0,0.00,0.01,0.01,2.25
693,Omari Hutchinson,Nott'm Forest,8,0,0,0,0,0,0,0,0.0,0.0,0.0,0.0,0,0,0,0,0,0.00,0.00,0.00,0.00
693,Omari Hutchinson,Nott'm Forest,9,1,45,0,0,0,0,0,1.8,16.3,4.0,2.2,0,3,0,3,0,0.00,0.03,0.03,0.10
696,Arnaud Kalimuendo,Nott'm Forest,2,1,19,0,0,0,0,0,1.0,1.6,0.0,0.3,1,1,0,2,0,0.00,0.00,0.00,0.00
696,Arnaud Kalimuendo,Nott'm Forest,3,1,1,0,0,0,0,0,0.4,0.5,0.0,0.1,0,1,0,1,0,0.00,0.00,0.00,0.96
696,Arnaud Kalimuendo,Nott'm Forest,4,1,30,0,0,0,0,0,1.2,12.2,13.0,2.6,0,0,0,0,0,0.11,0.01,0.12,0.08
696,Arnaud Kalimuendo,Nott'm Forest,5,1,14,0,0,0,0,0,0.2,1.8,9.0,1.1,0,0,0,0,0,0.24,0.01,0.25,0.17
696,Arnaud Kalimuendo,Nott'm Forest,6,1,1,0,0,0,0,0,0.0,0.3,0.0,0.0,0,0,0,0,0,0.00,0.00,0.00,0.27
696,Arnaud Kalimuendo,Nott'm Forest,7,0,0,0,0,0,0,0,0.0,0.0,0.0,0.0,0,0,0,0,0,0.00,0.00,0.00,0.00
696,Arnaud Kalimuendo,Nott'm Forest,8,0,0,0,0,0,0,0,0.0,0.0,0.0,0.0,0,0,0,0,0,0.00,0.00,0.00,0.00
696,Arnaud Kalimuendo,Nott'm Forest,9,1,1,0,0,0,0,0,0.0,0.0,0.0,0.0,0,0,0,0,0,0.00,0.00,0.00,0.00
699,Douglas Luiz Soares de Paulo,Nott'm Forest,2,0,0,0,0,0,0,0,0.0,0.0,0.0,0.0,0,0,0,0,0,0.00,0.00,0.00,0.00
699,Douglas Luiz Soares de Paulo,Nott'm Forest,3,0,0,0,0,0,0,0,0.0,0.0,0.0,0.0,0,0,0,0,0,0.00,0.00,0.00,0.00
699,Douglas Luiz Soares de Paulo,Nott'm Forest,4,0,0,0,0,0,0,0,0.0,0.0,0.0,0.0,0,0,0,0,0,0.00,0.00,0.00,0.00
699,Douglas Luiz Soares de Paulo,Nott'm Forest,5,5,75,0,1,0,0,0,4.4,18.1,8.0,3.1,0,2,1,3,1,0.02,0.02,0.04,0.68
699,Douglas Luiz Soares de Paulo,Nott'm Forest,6,0,0,0,0,0,0,0,0.0,0.0,0.0,0.0,0,0,0,0,0,0.00,0.00,0.00,0.00
699,Douglas Luiz Soares de Paulo,Nott'm Forest,7,0,0,0,0,0,0,0,0.0,0.0,0.0,0.0,0,0,0,0,0,0.00,0.00,0.00,0.00
699,Douglas Luiz Soares de Paulo,Nott'm Forest,8,1,52,0,0,0,0,0,2.0,12.2,2.0,1.6,0,1,0,1,1,0.00,0.22,0.22,1.00
699,Douglas Luiz Soares de Paulo,Nott'm Forest,9,0,45,0,0,0,1,0,13.2,2.1,0.0,1.5,3,4,3,10,1,0.00,0.00,0.00,0.48
715,John Victor Maciel Furtado,Nott'm Forest,4,0,0,0,0,0,0,0,0.0,0.0,0.0,0.0,0,0,0,0,0,0.00,0.00,0.00,0.00
715,John Victor Maciel Furtado,Nott'm Forest,5,0,0,0,0,0,0,0,0.0,0.0,0.0,0.0,0,0,0,0,0,0.00,0.00,0.00,0.00
715,John Victor Maciel Furtado,Nott'm Forest,6,0,0,0,0,0,0,0,0.0,0.0,0.0,0.0,0,0,0,0,0,0.00,0.00,0.00,0.00
715,John Victor Maciel Furtado,Nott'm Forest,7,0,0,0,0,0,0,0,0.0,0.0,0.0,0.0,0,0,0,0,0,0.00,0.00,0.00,0.00
715,John Victor Maciel Furtado,Nott'm Forest,8,0,0,0,0,0,0,0,0.0,0.0,0.0,0.0,0,0,0,0,0,0.00,0.00,0.00,0.00
715,John Victor Maciel Furtado,Nott'm Forest,9,0,0,0,0,0,0,0,0.0,0.0,0.0,0.0,0,0,0,0,0,0.00,0.00,0.00,0.00
716,Nicolò Savona,Nott'm Forest,4,0,53,0,0,0,0,0,11.0,11.1,4.0,2.6,2,0,3,5,0,0.00,0.00,0.00,0.88
716,Nicolò Savona,Nott'm Forest,5,0,0,0,0,0,0,0,0.0,0.0,0.0,0.0,0,0,0,0,0,0.00,0.00,0.00,0.00
716,Nicolò Savona,Nott'm Forest,6,0,0,0,0,0,0,0,0.0,0.0,0.0,0.0,0,0,0,0,0,0.00,0.00,0.00,0.00
716,Nicolò Savona,Nott'm Forest,7,1,90,0,0,0,0,0,9.4,2.3,0.0,1.2,3,6,0,3,1,0.00,0.04,0.04,3.28
716,Nicolò Savona,Nott'm Forest,8,1,16,0,0,0,0,0,4.2,1.2,0.0,0.5,0,1,1,1,0,0.00,0.01,0.01,0.27
716,Nicolò Savona,Nott'm Forest,9,1,90,0,0,0,0,0,14.2,1.5,0.0,1.6,4,3,3,7,1,0.00,0.00,0.00,0.59
729,Luis Eduardo Soares da Silva,Nott'm Forest,4,0,0,0,0,0,0,0,0.0,0.0,0.0,0.0,0,0,0,0,0,0.00,0.00,0.00,0.00
729,Luis Eduardo Soares da Silva,Nott'm Forest,5,0,0,0,0,0,0,0,0.0,0.0,0.0,0.0,0,0,0,0,0,0.00,0.00,0.00,0.00
729,Luis Eduardo Soares da Silva,Nott'm Forest,6,0,0,0,0,0,0,0,0.0,0.0,0.0,0.0,0,0,0,0,0,0.00,0.00,0.00,0.00
729,Luis Eduardo Soares da Silva,Nott'm Forest,7,0,0,0,0,0,0,0,0.0,0.0,0.0,0.0,0,0,0,0,0,0.00,0.00,0.00,0.00
729,Luis Eduardo Soares da Silva,Nott'm Forest,8,0,0,0,0,0,0,0,0.0,0.0,0.0,0.0,0,0,0,0,0,0.00,0.00,0.00,0.00
729,Luis Eduardo Soares da Silva,Nott'm Forest,9,0,0,0,0,0,0,0,0.0,0.0,0.0,0.0,0,0,0,0,0,0.00,0.00,0.00,0.00
734,Dilane Bakwa,Nott'm Forest,4,1,30,0,0,0,0,0,0.6,0.9,2.0,0.4,0,2,0,2,0,0.00,0.00,0.00,0.08
734,Dilane Bakwa,Nott'm Forest,5,1,58,0,0,0,0,0,13.0,14.3,26.0,5.3,1,5,0,6,1,0.06,0.01,0.07,0.51
734,Dilane Bakwa,Nott'm Forest,6,2,71,0,0,0,0,0,14.0,45.3,17.0,7.6,1,4,0,5,1,0.07,0.23,0.30,0.79
734,Dilane Bakwa,Nott'm Forest,7,1,13,0,0,0,0,0,2.6,13.2,4.0,2.0,0,0,0,0,0,0.00,0.03,0.03,1.85
734,Dilane Bakwa,Nott'm Forest,8,0,0,0,0,0,0,0,0.0,0.0,0.0,0.0,0,0,0,0,0,0.00,0.00,0.00,0.00
734,Dilane Bakwa,Nott'm Forest,9,0,0,0,0,0,0,0,0.0,0.0,0.0,0.0,0,0,0,0,0,0.00,0.00,0.00,0.00
528,Anthony Patterson,Sunderland,1,0,0,0,0,0,0,0,0.0,0.0,0.0,0.0,0,0,0,0,0,0.00,0.00,0.00,0.00
528,Anthony Patterson,Sunderland,2,0,0,0,0,0,0,0,0.0,0.0,0.0,0.0,0,0,0,0,0,0.00,0.00,0.00,0.00
528,Anthony Patterson,Sunderland,3,0,0,0,0,0,0,0,0.0,0.0,0.0,0.0,0,0,0,0,0,0.00,0.00,0.00,0.00
528,Anthony Patterson,Sunderland,4,0,0,0,0,0,0,0,0.0,0.0,0.0,0.0,0,0,0,0,0,0.00,0.00,0.00,0.00
528,Anthony Patterson,Sunderland,5,0,0,0,0,0,0,0,0.0,0.0,0.0,0.0,0,0,0,0,0,0.00,0.00,0.00,0.00
528,Anthony Patterson,Sunderland,6,0,0,0,0,0,0,0,0.0,0.0,0.0,0.0,0,0,0,0,0,0.00,0.00,0.00,0.00
528,Anthony Patterson,Sunderland,7,0,0,0,0,0,0,0,0.0,0.0,0.0,0.0,0,0,0,0,0,0.00,0.00,0.00,0.00
528,Anthony Patterson,Sunderland,8,0,0,0,0,0,0,0,0.0,0.0,0.0,0.0,0,0,0,0,0,0.00,0.00,0.00,0.00
528,Anthony Patterson,Sunderland,9,0,0,0,0,0,0,0,0.0,0.0,0.0,0.0,0,0,0,0,0,0.00,0.00,0.00,0.00
529,Simon Moore,Sunderland,1,0,0,0,0,0,0,0,0.0,0.0,0.0,0.0,0,0,0,0,0,0.00,0.00,0.00,0.00
529,Simon Moore,Sunderland,2,0,0,0,0,0,0,0,0.0,0.0,0.0,0.0,0,0,0,0,0,0.00,0.00,0.00,0.00
529,Simon Moore,Sunderland,3,0,0,0,0,0,0,0,0.0,0.0,0.0,0.0,0,0,0,0,0,0.00,0.00,0.00,0.00
529,Simon Moore,Sunderland,4,0,0,0,0,0,0,0,0.0,0.0,0.0,0.0,0,0,0,0,0,0.00,0.00,0.00,0.00
529,Simon Moore,Sunderland,5,0,0,0,0,0,0,0,0.0,0.0,0.0,0.0,0,0,0,0,0,0.00,0.00,0.00,0.00
529,Simon Moore,Sunderland,6,0,0,0,0,0,0,0,0.0,0.0,0.0,0.0,0,0,0,0,0,0.00,0.00,0.00,0.00
529,Simon Moore,Sunderland,7,0,0,0,0,0,0,0,0.0,0.0,0.0,0.0,0,0,0,0,0,0.00,0.00,0.00,0.00
529,Simon Moore,Sunderland,8,0,0,0,0,0,0,0,0.0,0.0,0.0,0.0,0,0,0,0,0,0.00,0.00,0.00,0.00
529,Simon Moore,Sunderland,9,0,0,0,0,0,0,0,0.0,0.0,0.0,0.0,0,0,0,0,0,0.00,0.00,0.00,0.00
530,Blondy Nna Noukeu,Sunderland,1,0,0,0,0,0,0,0,0.0,0.0,0.0,0.0,0,0,0,0,0,0.00,0.00,0.00,0.00
530,Blondy Nna Noukeu,Sunderland,2,0,0,0,0,0,0,0,0.0,0.0,0.0,0.0,0,0,0,0,0,0.00,0.00,0.00,0.00
530,Blondy Nna Noukeu,Sunderland,3,0,0,0,0,0,0,0,0.0,0.0,0.0,0.0,0,0,0,0,0,0.00,0.00,0.00,0.00
530,Blondy Nna Noukeu,Sunderland,4,0,0,0,0,0,0,0,0.0,0.0,0.0,0.0,0,0,0,0,0,0.00,0.00,0.00,0.00
530,Blondy Nna Noukeu,Sunderland,5,0,0,0,0,0,0,0,0.0,0.0,0.0,0.0,0,0,0,0,0,0.00,0.00,0.00,0.00
530,Blondy Nna Noukeu,Sunderland,6,0,0,0,0,0,0,0,0.0,0.0,0.0,0.0,0,0,0,0,0,0.00,0.00,0.00,0.00
530,Blondy Nna Noukeu,Sunderland,7,0,0,0,0,0,0,0,0.0,0.0,0.0,0.0,0,0,0,0,0,0.00,0.00,0.00,0.00
530,Blondy Nna Noukeu,Sunderland,8,0,0,0,0,0,0,0,0.0,0.0,0.0,0.0,0,0,0,0,0,0.00,0.00,0.00,0.00
530,Blondy Nna Noukeu,Sunderland,9,0,0,0,0,0,0,0,0.0,0.0,0.0,0.0,0,0,0,0,0,0.00,0.00,0.00,0.00
531,Daniel Ballard,Sunderland,1,17,90,1,0,1,0,0,69.6,0.5,64.0,13.4,13,4,1,14,1,0.18,0.01,0.19,0.56
531,Daniel Ballard,Sunderland,2,1,8,0,0,0,0,0,5.2,10.3,2.0,1.8,2,0,0,2,1,0.00,0.17,0.17,0.00
531,Daniel Ballard,Sunderland,3,0,0,0,0,0,0,0,0.0,0.0,0.0,0.0,0,0,0,0,0,0.00,0.00,0.00,0.00
531,Daniel Ballard,Sunderland,4,0,0,0,0,0,0,0,0.0,0.0,0.0,0.0,0,0,0,0,0,0.00,0.00,0.00,0.00
531,Daniel Ballard,Sunderland,5,1,53,0,0,0,0,0,12.6,10.1,1.0,2.4,5,0,1,6,0,0.01,0.00,0.01,0.46
531,Daniel Ballard,Sunderland,6,1,15,0,0,0,0,0,4.2,0.0,7.0,1.1,3,0,0,3,0,0.13,0.00,0.13,0.59
531,Daniel Ballard,Sunderland,7,3,53,0,0,0,0,0,36.8,0.5,7.0,4.4,16,2,3,19,0,0.17,0.00,0.17,0.63
531,Daniel Ballard,Sunderland,8,10,90,0,0,1,0,0,31.2,21.3,31.0,8.4,9,1,1,10,1,0.06,0.13,0.19,0.83
531,Daniel Ballard,Sunderland,9,2,90,0,0,0,0,0,18.2,0.6,19.0,3.8,7,3,2,9,1,0.05,0.01,0.06,0.90
532,Trai Hume,Sunderland,1,6,90,0,0,1,0,0,15.2,15.8,2.0,3.3,4,3,2,6,1,0.00,0.09,0.09,0.56
532,Trai Hume,Sunderland,2,1,90,0,0,0,0,0,10.6,14.0,2.0,2.7,1,3,2,3,1,0.03,0.03,0.06,1.00
532,Trai Hume,Sunderland,3,2,90,0,0,0,0,0,17.2,2.1,4.0,2.3,5,2,4,9,1,0.04,0.01,0.05,1.20
532,Trai Hume,Sunderland,4,6,90,0,0,1,0,0,21.4,25.8,0.0,4.7,4,2,3,7,1,0.00,0.05,0.05,1.77
532,Trai Hume,Sunderland,5,4,90,0,0,0,0,0,19.4,14.3,2.0,3.6,7,2,3,10,1,0.00,0.04,0.04,0.71
532,Trai Hume,Sunderland,6,6,90,0,0,1,0,0,10.6,0.9,3.0,1.5,8,7,0,8,1,0.01,0.01,0.02,1.68
532,Trai Hume,Sunderland,7,1,78,0,0,0,0,0,6.4,1.8,5.0,1.3,4,2,1,5,1,0.03,0.01,0.04,1.46
532,Trai Hume,Sunderland,8,11,90,0,1,1,0,0,26.0,20.5,9.0,5.6,4,1,0,4,1,0.24,0.12,0.36,0.83
532,Trai Hume,Sunderland,9,2,90,0,0,0,0,0,11.0,1.6,0.0,1.3,5,3,1,6,1,0.00,0.01,0.01,0.90
533,Aji Alese,Sunderland,1,0,0,0,0,0,0,0,0.0,0.0,0.0,0.0,0,0,0,0,0,0.00,0.00,0.00,0.00
533,Aji Alese,Sunderland,2,0,0,0,0,0,0,0,0.0,0.0,0.0,0.0,0,0,0,0,0,0.00,0.00,0.00,0.00
533,Aji Alese,Sunderland,3,0,0,0,0,0,0,0,0.0,0.0,0.0,0.0,0,0,0,0,0,0.00,0.00,0.00,0.00
533,Aji Alese,Sunderland,4,0,0,0,0,0,0,0,0.0,0.0,0.0,0.0,0,0,0,0,0,0.00,0.00,0.00,0.00
533,Aji Alese,Sunderland,5,0,0,0,0,0,0,0,0.0,0.0,0.0,0.0,0,0,0,0,0,0.00,0.00,0.00,0.00
533,Aji Alese,Sunderland,6,0,0,0,0,0,0,0,0.0,0.0,0.0,0.0,0,0,0,0,0,0.00,0.00,0.00,0.00
533,Aji Alese,Sunderland,7,0,0,0,0,0,0,0,0.0,0.0,0.0,0.0,0,0,0,0,0,0.00,0.00,0.00,0.00
533,Aji Alese,Sunderland,8,0,0,0,0,0,0,0,0.0,0.0,0.0,0.0,0,0,0,0,0,0.00,0.00,0.00,0.00
533,Aji Alese,Sunderland,9,0,0,0,0,0,0,0,0.0,0.0,0.0,0.0,0,0,0,0,0,0.00,0.00,0.00,0.00
534,Joe Anderson,Sunderland,1,0,0,0,0,0,0,0,0.0,0.0,0.0,0.0,0,0,0,0,0,0.00,0.00,0.00,0.00
534,Joe Anderson,Sunderland,2,0,0,0,0,0,0,0,0.0,0.0,0.0,0.0,0,0,0,0,0,0.00,0.00,0.00,0.00
534,Joe Anderson,Sunderland,3,0,0,0,0,0,0,0,0.0,0.0,0.0,0.0,0,0,0,0,0,0.00,0.00,0.00,0.00
534,Joe Anderson,Sunderland,4,0,0,0,0,0,0,0,0.0,0.0,0.0,0.0,0,0,0,0,0,0.00,0.00,0.00,0.00
534,Joe Anderson,Sunderland,5,0,0,0,0,0,0,0,0.0,0.0,0.0,0.0,0,0,0,0,0,0.00,0.00,0.00,0.00
534,Joe Anderson,Sunderland,6,0,0,0,0,0,0,0,0.0,0.0,0.0,0.0,0,0,0,0,0,0.00,0.00,0.00,0.00
534,Joe Anderson,Sunderland,7,0,0,0,0,0,0,0,0.0,0.0,0.0,0.0,0,0,0,0,0,0.00,0.00,0.00,0.00
534,Joe Anderson,Sunderland,8,0,0,0,0,0,0,0,0.0,0.0,0.0,0.0,0,0,0,0,0,0.00,0.00,0.00,0.00
534,Joe Anderson,Sunderland,9,0,0,0,0,0,0,0,0.0,0.0,0.0,0.0,0,0,0,0,0,0.00,0.00,0.00,0.00
535,Dennis Cirkin,Sunderland,1,0,0,0,0,0,0,0,0.0,0.0,0.0,0.0,0,0,0,0,0,0.00,0.00,0.00,0.00
535,Dennis Cirkin,Sunderland,2,0,0,0,0,0,0,0,0.0,0.0,0.0,0.0,0,0,0,0,0,0.00,0.00,0.00,0.00
535,Dennis Cirkin,Sunderland,3,0,0,0,0,0,0,0,0.0,0.0,0.0,0.0,0,0,0,0,0,0.00,0.00,0.00,0.00
535,Dennis Cirkin,Sunderland,4,0,0,0,0,0,0,0,0.0,0.0,0.0,0.0,0,0,0,0,0,0.00,0.00,0.00,0.00
535,Dennis Cirkin,Sunderland,5,0,0,0,0,0,0,0,0.0,0.0,0.0,0.0,0,0,0,0,0,0.00,0.00,0.00,0.00
535,Dennis Cirkin,Sunderland,6,0,0,0,0,0,0,0,0.0,0.0,0.0,0.0,0,0,0,0,0,0.00,0.00,0.00,0.00
535,Dennis Cirkin,Sunderland,7,0,0,0,0,0,0,0,0.0,0.0,0.0,0.0,0,0,0,0,0,0.00,0.00,0.00,0.00
535,Dennis Cirkin,Sunderland,8,0,0,0,0,0,0,0,0.0,0.0,0.0,0.0,0,0,0,0,0,0.00,0.00,0.00,0.00
535,Dennis Cirkin,Sunderland,9,0,0,0,0,0,0,0,0.0,0.0,0.0,0.0,0,0,0,0,0,0.00,0.00,0.00,0.00
536,Leo Fuhr Hjelde,Sunderland,1,0,0,0,0,0,0,0,0.0,0.0,0.0,0.0,0,0,0,0,0,0.00,0.00,0.00,0.00
536,Leo Fuhr Hjelde,Sunderland,2,0,0,0,0,0,0,0,0.0,0.0,0.0,0.0,0,0,0,0,0,0.00,0.00,0.00,0.00
536,Leo Fuhr Hjelde,Sunderland,3,0,0,0,0,0,0,0,0.0,0.0,0.0,0.0,0,0,0,0,0,0.00,0.00,0.00,0.00
536,Leo Fuhr Hjelde,Sunderland,4,0,0,0,0,0,0,0,0.0,0.0,0.0,0.0,0,0,0,0,0,0.00,0.00,0.00,0.00
536,Leo Fuhr Hjelde,Sunderland,5,0,0,0,0,0,0,0,0.0,0.0,0.0,0.0,0,0,0,0,0,0.00,0.00,0.00,0.00
536,Leo Fuhr Hjelde,Sunderland,6,0,0,0,0,0,0,0,0.0,0.0,0.0,0.0,0,0,0,0,0,0.00,0.00,0.00,0.00
536,Leo Fuhr Hjelde,Sunderland,7,0,0,0,0,0,0,0,0.0,0.0,0.0,0.0,0,0,0,0,0,0.00,0.00,0.00,0.00
536,Leo Fuhr Hjelde,Sunderland,8,0,0,0,0,0,0,0,0.0,0.0,0.0,0.0,0,0,0,0,0,0.00,0.00,0.00,0.00
536,Leo Fuhr Hjelde,Sunderland,9,0,0,0,0,0,0,0,0.0,0.0,0.0,0.0,0,0,0,0,0,0.00,0.00,0.00,0.00
537,Niall Huggins,Sunderland,1,0,0,0,0,0,0,0,0.0,0.0,0.0,0.0,0,0,0,0,0,0.00,0.00,0.00,0.00
537,Niall Huggins,Sunderland,2,0,0,0,0,0,0,0,0.0,0.0,0.0,0.0,0,0,0,0,0,0.00,0.00,0.00,0.00
537,Niall Huggins,Sunderland,3,0,0,0,0,0,0,0,0.0,0.0,0.0,0.0,0,0,0,0,0,0.00,0.00,0.00,0.00
537,Niall Huggins,Sunderland,4,0,0,0,0,0,0,0,0.0,0.0,0.0,0.0,0,0,0,0,0,0.00,0.00,0.00,0.00
537,Niall Huggins,Sunderland,5,0,0,0,0,0,0,0,0.0,0.0,0.0,0.0,0,0,0,0,0,0.00,0.00,0.00,0.00
537,Niall Huggins,Sunderland,6,0,0,0,0,0,0,0,0.0,0.0,0.0,0.0,0,0,0,0,0,0.00,0.00,0.00,0.00
537,Niall Huggins,Sunderland,7,0,0,0,0,0,0,0,0.0,0.0,0.0,0.0,0,0,0,0,0,0.00,0.00,0.00,0.00
537,Niall Huggins,Sunderland,8,0,0,0,0,0,0,0,0.0,0.0,0.0,0.0,0,0,0,0,0,0.00,0.00,0.00,0.00
537,Niall Huggins,Sunderland,9,0,0,0,0,0,0,0,0.0,0.0,0.0,0.0,0,0,0,0,0,0.00,0.00,0.00,0.00
538,Zak Johnson,Sunderland,1,0,0,0,0,0,0,0,0.0,0.0,0.0,0.0,0,0,0,0,0,0.00,0.00,0.00,0.00
538,Zak Johnson,Sunderland,2,0,0,0,0,0,0,0,0.0,0.0,0.0,0.0,0,0,0,0,0,0.00,0.00,0.00,0.00
538,Zak Johnson,Sunderland,3,0,0,0,0,0,0,0,0.0,0.0,0.0,0.0,0,0,0,0,0,0.00,0.00,0.00,0.00
538,Zak Johnson,Sunderland,4,0,0,0,0,0,0,0,0.0,0.0,0.0,0.0,0,0,0,0,0,0.00,0.00,0.00,0.00
538,Zak Johnson,Sunderland,5,0,0,0,0,0,0,0,0.0,0.0,0.0,0.0,0,0,0,0,0,0.00,0.00,0.00,0.00
538,Zak Johnson,Sunderland,6,0,0,0,0,0,0,0,0.0,0.0,0.0,0.0,0,0,0,0,0,0.00,0.00,0.00,0.00
538,Zak Johnson,Sunderland,7,0,0,0,0,0,0,0,0.0,0.0,0.0,0.0,0,0,0,0,0,0.00,0.00,0.00,0.00
538,Zak Johnson,Sunderland,8,0,0,0,0,0,0,0,0.0,0.0,0.0,0.0,0,0,0,0,0,0.00,0.00,0.00,0.00
538,Zak Johnson,Sunderland,9,0,0,0,0,0,0,0,0.0,0.0,0.0,0.0,0,0,0,0,0,0.00,0.00,0.00,0.00
539,Luke O'Nien,Sunderland,1,0,0,0,0,0,0,0,0.0,0.0,0.0,0.0,0,0,0,0,0,0.00,0.00,0.00,0.00
539,Luke O'Nien,Sunderland,2,0,0,0,0,0,0,0,0.0,0.0,0.0,0.0,0,0,0,0,0,0.00,0.00,0.00,0.00
539,Luke O'Nien,Sunderland,3,0,0,0,0,0,0,0,0.0,0.0,0.0,0.0,0,0,0,0,0,0.00,0.00,0.00,0.00
539,Luke O'Nien,Sunderland,4,0,0,0,0,0,0,0,0.0,0.0,0.0,0.0,0,0,0,0,0,0.00,0.00,0.00,0.00
539,Luke O'Nien,Sunderland,5,0,0,0,0,0,0,0,0.0,0.0,0.0,0.0,0,0,0,0,0,0.00,0.00,0.00,0.00
539,Luke O'Nien,Sunderland,6,0,0,0,0,0,0,0,0.0,0.0,0.0,0.0,0,0,0,0,0,0.00,0.00,0.00,0.00
539,Luke O'Nien,Sunderland,7,0,0,0,0,0,0,0,0.0,0.0,0.0,0.0,0,0,0,0,0,0.00,0.00,0.00,0.00
539,Luke O'Nien,Sunderland,8,0,0,0,0,0,0,0,0.0,0.0,0.0,0.0,0,0,0,0,0,0.00,0.00,0.00,0.00
539,Luke O'Nien,Sunderland,9,0,0,0,0,0,0,0,0.0,0.0,0.0,0.0,0,0,0,0,0,0.00,0.00,0.00,0.00
540,Timothée Pembélé,Sunderland,1,0,0,0,0,0,0,0,0.0,0.0,0.0,0.0,0,0,0,0,0,0.00,0.00,0.00,0.00
540,Timothée Pembélé,Sunderland,2,0,0,0,0,0,0,0,0.0,0.0,0.0,0.0,0,0,0,0,0,0.00,0.00,0.00,0.00
540,Timothée Pembélé,Sunderland,3,0,0,0,0,0,0,0,0.0,0.0,0.0,0.0,0,0,0,0,0,0.00,0.00,0.00,0.00
540,Timothée Pembélé,Sunderland,4,0,0,0,0,0,0,0,0.0,0.0,0.0,0.0,0,0,0,0,0,0.00,0.00,0.00,0.00
540,Timothée Pembélé,Sunderland,5,0,0,0,0,0,0,0,0.0,0.0,0.0,0.0,0,0,0,0,0,0.00,0.00,0.00,0.00
540,Timothée Pembélé,Sunderland,6,0,0,0,0,0,0,0,0.0,0.0,0.0,0.0,0,0,0,0,0,0.00,0.00,0.00,0.00
540,Timothée Pembélé,Sunderland,7,0,0,0,0,0,0,0,0.0,0.0,0.0,0.0,0,0,0,0,0,0.00,0.00,0.00,0.00
540,Timothée Pembélé,Sunderland,8,0,0,0,0,0,0,0,0.0,0.0,0.0,0.0,0,0,0,0,0,0.00,0.00,0.00,0.00
540,Timothée Pembélé,Sunderland,9,0,0,0,0,0,0,0,0.0,0.0,0.0,0.0,0,0,0,0,0,0.00,0.00,0.00,0.00
541,Reinildo Mandava,Sunderland,1,6,90,0,0,1,0,0,13.6,2.5,0.0,1.6,6,3,2,8,1,0.00,0.00,0.00,0.56
541,Reinildo Mandava,Sunderland,2,3,90,0,0,0,0,0,29.4,10.4,0.0,4.0,7,3,5,12,1,0.00,0.02,0.02,1.00
541,Reinildo Mandava,Sunderland,3,1,90,0,0,0,1,0,9.8,2.9,6.0,1.9,6,3,3,9,1,0.02,0.01,0.03,1.20
541,Reinildo Mandava,Sunderland,4,6,90,0,0,1,0,0,21.4,2.1,0.0,2.4,5,4,1,6,1,0.00,0.01,0.01,1.77
541,Reinildo Mandava,Sunderland,5,-2,32,0,0,0,0,1,0.0,0.4,0.0,0.0,1,0,0,1,1,0.00,0.00,0.00,0.25
541,Reinildo Mandava,Sunderland,6,0,0,0,0,0,0,0,0.0,0.0,0.0,0.0,0,0,0,0,0,0.00,0.00,0.00,0.00
541,Reinildo Mandava,Sunderland,7,0,0,0,0,0,0,0,0.0,0.0,0.0,0.0,0,0,0,0,0,0.00,0.00,0.00,0.00
541,Reinildo Mandava,Sunderland,8,0,0,0,0,0,0,0,0.0,0.0,0.0,0.0,0,0,0,0,0,0.00,0.00,0.00,0.00
541,Reinildo Mandava,Sunderland,9,2,90,0,0,0,0,0,11.0,0.6,0.0,1.2,5,2,1,6,1,0.00,0.00,0.00,0.90
542,Jenson Seelt,Sunderland,1,1,52,0,0,0,0,0,15.2,0.6,0.0,1.6,4,4,2,6,1,0.00,0.00,0.00,0.33
542,Jenson Seelt,Sunderland,2,1,81,0,0,0,0,0,18.4,1.8,0.0,2.0,4,2,2,6,0,0.00,0.01,0.01,1.00
542,Jenson Seelt,Sunderland,3,0,0,0,0,0,0,0,0.0,0.0,0.0,0.0,0,0,0,0,0,0.00,0.00,0.00,0.00
542,Jenson Seelt,Sunderland,4,0,0,0,0,0,0,0,0.0,0.0,0.0,0.0,0,0,0,0,0,0.00,0.00,0.00,0.00
542,Jenson Seelt,Sunderland,5,0,0,0,0,0,0,0,0.0,0.0,0.0,0.0,0,0,0,0,0,0.00,0.00,0.00,0.00
542,Jenson Seelt,Sunderland,6,0,0,0,0,0,0,0,0.0,0.0,0.0,0.0,0,0,0,0,0,0.00,0.00,0.00,0.00
542,Jenson Seelt,Sunderland,7,0,0,0,0,0,0,0,0.0,0.0,0.0,0.0,0,0,0,0,0,0.00,0.00,0.00,0.00
542,Jenson Seelt,Sunderland,8,0,0,0,0,0,0,0,0.0,0.0,0.0,0.0,0,0,0,0,0,0.00,0.00,0.00,0.00
542,Jenson Seelt,Sunderland,9,0,0,0,0,0,0,0,0.0,0.0,0.0,0.0,0,0,0,0,0,0.00,0.00,0.00,0.00
543,Simon Adingra,Sunderland,1,6,75,0,1,1,0,0,0.0,14.5,6.0,2.0,0,2,1,3,1,0.14,0.02,0.16,0.33
543,Simon Adingra,Sunderland,2,1,62,0,0,0,1,0,8.2,19.5,0.0,2.8,3,2,0,5,1,0.00,0.09,0.09,0.34
543,Simon Adingra,Sunderland,3,1,25,0,0,0,0,0,4.0,10.5,0.0,1.5,0,1,1,2,0,0.00,0.00,0.00,0.24
543,Simon Adingra,Sunderland,4,3,68,0,0,1,0,0,8.2,15.2,0.0,2.3,1,2,1,4,1,0.00,0.09,0.09,0.84
543,Simon Adingra,Sunderland,5,0,0,0,0,0,0,0,0.0,0.0,0.0,0.0,0,0,0,0,0,0.00,0.00,0.00,0.00
543,Simon Adingra,Sunderland,6,1,5,0,0,0,0,0,0.0,0.0,2.0,0.2,0,0,0,0,0,0.00,0.00,0.00,0.07
543,Simon Adingra,Sunderland,7,1,36,0,0,0,0,0,8.0,18.1,0.0,2.6,1,0,1,2,1,0.00,0.05,0.05,1.21
543,Simon Adingra,Sunderland,8,0,0,0,0,0,0,0,0.0,0.0,0.0,0.0,0,0,0,0,0,0.00,0.00,0.00,0.00
543,Simon Adingra,Sunderland,9,0,0,0,0,0,0,0,0.0,0.0,0.0,0.0,0,0,0,0,0,0.00,0.00,0.00,0.00
544,Habib Diarra,Sunderland,1,3,90,0,0,1,0,0,7.0,2.8,20.0,3.0,2,3,1,6,1,0.23,0.01,0.24,0.56
544,Habib Diarra,Sunderland,2,2,79,0,0,0,0,0,3.6,16.6,4.0,2.4,1,2,0,3,1,0.00,0.04,0.04,0.34
544,Habib Diarra,Sunderland,3,4,86,0,1,0,1,0,0.0,5.5,14.0,1.5,1,1,0,2,1,0.25,0.02,0.27,1.20
544,Habib Diarra,Sunderland,4,3,90,0,0,1,0,0,0.0,6.1,7.0,1.1,2,2,0,4,1,0.02,0.01,0.03,1.77
544,Habib Diarra,Sunderland,5,0,0,0,0,0,0,0,0.0,0.0,0.0,0.0,0,0,0,0,0,0.00,0.00,0.00,0.00
544,Habib Diarra,Sunderland,6,0,0,0,0,0,0,0,0.0,0.0,0.0,0.0,0,0,0,0,0,0.00,0.00,0.00,0.00
544,Habib Diarra,Sunderland,7,0,0,0,0,0,0,0,0.0,0.0,0.0,0.0,0,0,0,0,0,0.00,0.00,0.00,0.00
544,Habib Diarra,Sunderland,8,0,0,0,0,0,0,0,0.0,0.0,0.0,0.0,0,0,0,0,0,0.00,0.00,0.00,0.00
544,Habib Diarra,Sunderland,9,0,0,0,0,0,0,0,0.0,0.0,0.0,0.0,0,0,0,0,0,0.00,0.00,0.00,0.00
545,Patrick Roberts,Sunderland,1,0,0,0,0,0,0,0,0.0,0.0,0.0,0.0,0,0,0,0,0,0.00,0.00,0.00,0.00
545,Patrick Roberts,Sunderland,2,1,27,0,0,0,0,0,1.8,7.3,5.0,1.4,0,1,0,1,0,0.03,0.02,0.05,0.66
545,Patrick Roberts,Sunderland,3,0,0,0,0,0,0,0,0.0,0.0,0.0,0.0,0,0,0,0,0,0.00,0.00,0.00,0.00
545,Patrick Roberts,Sunderland,4,0,0,0,0,0,0,0,0.0,0.0,0.0,0.0,0,0,0,0,0,0.00,0.00,0.00,0.00
545,Patrick Roberts,Sunderland,5,0,0,0,0,0,0,0,0.0,0.0,0.0,0.0,0,0,0,0,0,0.00,0.00,0.00,0.00
545,Patrick Roberts,Sunderland,6,0,0,0,0,0,0,0,0.0,0.0,0.0,0.0,0,0,0,0,0,0.00,0.00,0.00,0.00
545,Patrick Roberts,Sunderland,7,0,0,0,0,0,0,0,0.0,0.0,0.0,0.0,0,0,0,0,0,0.00,0.00,0.00,0.00
545,Patrick Roberts,Sunderland,8,0,0,0,0,0,0,0,0.0,0.0,0.0,0.0,0,0,0,0,0,0.00,0.00,0.00,0.00
545,Patrick Roberts,Sunderland,9,0,0,0,0,0,0,0,0.0,0.0,0.0,0.0,0,0,0,0,0,0.00,0.00,0.00,0.00
546,Milan Aleksić,Sunderland,1,0,0,0,0,0,0,0,0.0,0.0,0.0,0.0,0,0,0,0,0,0.00,0.00,0.00,0.00
546,Milan Aleksić,Sunderland,2,0,0,0,0,0,0,0,0.0,0.0,0.0,0.0,0,0,0,0,0,0.00,0.00,0.00,0.00
546,Milan Aleksić,Sunderland,3,0,0,0,0,0,0,0,0.0,0.0,0.0,0.0,0,0,0,0,0,0.00,0.00,0.00,0.00
546,Milan Aleksić,Sunderland,4,0,0,0,0,0,0,0,0.0,0.0,0.0,0.0,0,0,0,0,0,0.00,0.00,0.00,0.00
546,Milan Aleksić,Sunderland,5,0,0,0,0,0,0,0,0.0,0.0,0.0,0.0,0,0,0,0,0,0.00,0.00,0.00,0.00
546,Milan Aleksić,Sunderland,6,0,0,0,0,0,0,0,0.0,0.0,0.0,0.0,0,0,0,0,0,0.00,0.00,0.00,0.00
546,Milan Aleksić,Sunderland,7,0,0,0,0,0,0,0,0.0,0.0,0.0,0.0,0,0,0,0,0,0.00,0.00,0.00,0.00
546,Milan Aleksić,Sunderland,8,0,0,0,0,0,0,0,0.0,0.0,0.0,0.0,0,0,0,0,0,0.00,0.00,0.00,0.00
546,Milan Aleksić,Sunderland,9,0,0,0,0,0,0,0,0.0,0.0,0.0,0.0,0,0,0,0,0,0.00,0.00,0.00,0.00
547,Enzo Le Fée,Sunderland,1,1,14,0,0,0,0,0,3.2,0.3,0.0,0.4,2,2,0,4,0,0.00,0.00,0.00,0.23
547,Enzo Le Fée,Sunderland,2,1,27,0,0,0,0,0,9.0,23.4,4.0,3.6,0,6,2,8,0,0.04,0.05,0.09,0.66
547,Enzo Le Fée,Sunderland,3,11,90,1,0,0,0,0,57.2,17.3,17.0,9.2,3,5,6,14,1,0.79,0.03,0.82,1.20
547,Enzo Le Fée,Sunderland,4,0,0,0,0,0,0,0,0.0,0.0,0.0,0.0,0,0,0,0,0,0.00,0.00,0.00,0.00
547,Enzo Le Fée,Sunderland,5,2,80,0,0,0,0,0,9.8,0.4,0.0,1.0,1,1,3,5,1,0.00,0.00,0.00,0.46
547,Enzo Le Fée,Sunderland,6,3,74,0,0,1,0,0,7.4,11.8,4.0,2.3,1,2,1,4,1,0.00,0.15,0.15,1.09
547,Enzo Le Fée,Sunderland,7,2,90,0,0,0,0,0,2.4,9.0,4.0,1.5,0,7,1,8,1,0.00,0.01,0.01,1.84
547,Enzo Le Fée,Sunderland,8,5,90,0,0,1,0,0,26.6,12.8,0.0,3.9,6,4,4,14,1,0.00,0.02,0.02,0.83
547,Enzo Le Fée,Sunderland,9,1,74,0,0,0,1,0,10.0,24.4,3.0,3.7,2,5,2,9,1,0.04,0.02,0.06,0.78
548,Romaine Mundle,Sunderland,1,0,0,0,0,0,0,0,0.0,0.0,0.0,0.0,0,0,0,0,0,0.00,0.00,0.00,0.00
548,Romaine Mundle,Sunderland,2,0,0,0,0,0,0,0,0.0,0.0,0.0,0.0,0,0,0,0,0,0.00,0.00,0.00,0.00
548,Romaine Mundle,Sunderland,3,0,0,0,0,0,0,0,0.0,0.0,0.0,0.0,0,0,0,0,0,0.00,0.00,0.00,0.00
548,Romaine Mundle,Sunderland,4,0,0,0,0,0,0,0,0.0,0.0,0.0,0.0,0,0,0,0,0,0.00,0.00,0.00,0.00
548,Romaine Mundle,Sunderland,5,0,0,0,0,0,0,0,0.0,0.0,0.0,0.0,0,0,0,0,0,0.00,0.00,0.00,0.00
548,Romaine Mundle,Sunderland,6,0,0,0,0,0,0,0,0.0,0.0,0.0,0.0,0,0,0,0,0,0.00,0.00,0.00,0.00
548,Romaine Mundle,Sunderland,7,0,0,0,0,0,0,0,0.0,0.0,0.0,0.0,0,0,0,0,0,0.00,0.00,0.00,0.00
548,Romaine Mundle,Sunderland,8,0,0,0,0,0,0,0,0.0,0.0,0.0,0.0,0,0,0,0,0,0.00,0.00,0.00,0.00
548,Romaine Mundle,Sunderland,9,0,0,0,0,0,0,0,0.0,0.0,0.0,0.0,0,0,0,0,0,0.00,0.00,0.00,0.00
549,Dan Neil,Sunderland,1,0,0,0,0,0,0,0,0.0,0.0,0.0,0.0,0,0,0,0,0,0.00,0.00,0.00,0.00
549,Dan Neil,Sunderland,2,0,0,0,0,0,0,0,0.0,0.0,0.0,0.0,0,0,0,0,0,0.00,0.00,0.00,0.00
549,Dan Neil,Sunderland,3,0,0,0,0,0,0,0,0.0,0.0,0.0,0.0,0,0,0,0,0,0.00,0.00,0.00,0.00
549,Dan Neil,Sunderland,4,0,0,0,0,0,0,0,0.0,0.0,0.0,0.0,0,0,0,0,0,0.00,0.00,0.00,0.00
549,Dan Neil,Sunderland,5,1,1,0,0,0,0,0,1.0,0.0,0.0,0.1,1,0,0,1,0,0.00,0.00,0.00,0.10
549,Dan Neil,Sunderland,6,0,0,0,0,0,0,0,0.0,0.0,0.0,0.0,0,0,0,0,0,0.00,0.00,0.00,0.00
549,Dan Neil,Sunderland,7,0,0,0,0,0,0,0,0.0,0.0,0.0,0.0,0,0,0,0,0,0.00,0.00,0.00,0.00
549,Dan Neil,Sunderland,8,1,1,0,0,0,0,0,1.0,0.0,0.0,0.1,1,0,0,1,0,0.00,0.00,0.00,0.10
549,Dan Neil,Sunderland,9,0,0,0,0,0,0,0,0.0,0.0,0.0,0.0,0,0,0,0,0,0.00,0.00,0.00,0.00
550,Ian Poveda-Ocampo,Sunderland,1,0,0,0,0,0,0,0,0.0,0.0,0.0,0.0,0,0,0,0,0,0.00,0.00,0.00,0.00
550,Ian Poveda-Ocampo,Sunderland,2,0,0,0,0,0,0,0,0.0,0.0,0.0,0.0,0,0,0,0,0,0.00,0.00,0.00,0.00
550,Ian Poveda-Ocampo,Sunderland,3,0,0,0,0,0,0,0,0.0,0.0,0.0,0.0,0,0,0,0,0,0.00,0.00,0.00,0.00
550,Ian Poveda-Ocampo,Sunderland,4,0,0,0,0,0,0,0,0.0,0.0,0.0,0.0,0,0,0,0,0,0.00,0.00,0.00,0.00
550,Ian Poveda-Ocampo,Sunderland,5,0,0,0,0,0,0,0,0.0,0.0,0.0,0.0,0,0,0,0,0,0.00,0.00,0.00,0.00
550,Ian Poveda-Ocampo,Sunderland,6,0,0,0,0,0,0,0,0.0,0.0,0.0,0.0,0,0,0,0,0,0.00,0.00,0.00,0.00
550,Ian Poveda-Ocampo,Sunderland,7,0,0,0,0,0,0,0,0.0,0.0,0.0,0.0,0,0,0,0,0,0.00,0.00,0.00,0.00
550,Ian Poveda-Ocampo,Sunderland,8,0,0,0,0,0,0,0,0.0,0.0,0.0,0.0,0,0,0,0,0,0.00,0.00,0.00,0.00
550,Ian Poveda-Ocampo,Sunderland,9,0,0,0,0,0,0,0,0.0,0.0,0.0,0.0,0,0,0,0,0,0.00,0.00,0.00,0.00
551,Chris Rigg,Sunderland,1,1,1,0,0,0,0,0,0.0,0.0,0.0,0.0,0,0,0,0,0,0.00,0.00,0.00,0.03
551,Chris Rigg,Sunderland,2,0,0,0,0,0,0,0,0.0,0.0,0.0,0.0,0,0,0,0,0,0.00,0.00,0.00,0.00
551,Chris Rigg,Sunderland,3,0,0,0,0,0,0,0,0.0,0.0,0.0,0.0,0,0,0,0,0,0.00,0.00,0.00,0.00
551,Chris Rigg,Sunderland,4,1,1,0,0,0,0,0,0.0,0.0,0.0,0.0,0,0,0,0,0,0.00,0.00,0.00,0.10
551,Chris Rigg,Sunderland,5,1,36,0,0,0,0,0,1.4,12.1,4.0,1.8,0,0,1,1,1,0.06,0.03,0.09,0.25
551,Chris Rigg,Sunderland,6,1,58,0,0,0,0,0,3.6,2.1,1.0,0.7,1,3,1,5,1,0.06,0.01,0.07,0.45
551,Chris Rigg,Sunderland,7,0,0,0,0,0,0,0,0.0,0.0,0.0,0.0,0,0,0,0,0,0.00,0.00,0.00,0.00
551,Chris Rigg,Sunderland,8,3,75,0,0,1,0,0,2.8,10.8,2.0,1.6,0,2,2,4,1,0.00,0.01,0.01,0.34
551,Chris Rigg,Sunderland,9,1,15,0,0,0,0,0,1.2,0.6,0.0,0.2,1,1,0,2,0,0.00,0.01,0.01,0.12
552,Noah Sadiki,Sunderland,1,3,90,0,0,1,0,0,11.0,3.8,0.0,1.5,5,2,2,9,1,0.00,0.01,0.01,0.56
552,Noah Sadiki,Sunderland,2,2,90,0,0,0,0,0,9.4,9.5,4.0,2.3,2,0,2,4,1,0.00,0.08,0.08,1.00
552,Noah Sadiki,Sunderland,3,2,90,0,0,0,0,0,7.8,28.7,0.0,3.7,0,2,2,4,1,0.00,0.19,0.19,1.20
552,Noah Sadiki,Sunderland,4,3,83,0,0,1,0,0,8.4,6.7,4.0,1.9,3,3,1,7,1,0.02,0.01,0.03,1.39
552,Noah Sadiki,Sunderland,5,1,90,0,0,0,1,0,9.2,12.3,2.0,2.4,2,2,1,5,1,0.00,0.00,0.00,0.61
552,Noah Sadiki,Sunderland,6,2,90,0,0,1,1,0,5.0,6.1,2.0,1.3,2,4,0,6,1,0.03,0.02,0.05,1.68
552,Noah Sadiki,Sunderland,7,1,90,0,0,0,1,0,10.0,5.9,0.0,1.6,4,3,3,10,1,0.00,0.02,0.02,1.84
552,Noah Sadiki,Sunderland,8,3,90,0,0,1,0,0,5.8,1.6,5.0,1.2,3,5,0,8,1,0.03,0.01,0.04,0.73
552,Noah Sadiki,Sunderland,9,2,90,0,0,0,0,0,15.6,11.3,0.0,2.7,5,4,2,11,1,0.00,0.01,0.01,0.90
553,Chemsdine Talbi,Sunderland,1,6,90,0,1,1,0,0,20.8,18.4,2.0,4.1,0,1,1,2,1,0.00,0.01,0.01,0.53
553,Chemsdine Talbi,Sunderland,2,2,62,0,0,0,0,0,1.8,16.3,4.0,2.2,0,2,0,2,1,0.23,0.01,0.24,0.34
553,Chemsdine Talbi,Sunderland,3,3,64,0,0,1,0,0,5.8,8.3,6.0,2.0,2,2,2,6,1,0.08,0.02,0.10,0.96
553,Chemsdine Talbi,Sunderland,4,3,90,0,0,1,0,0,7.2,16.4,15.0,3.9,2,2,0,4,1,0.21,0.16,0.37,1.77
553,Chemsdine Talbi,Sunderland,5,2,79,0,0,0,0,0,2.2,14.8,6.0,2.3,2,6,0,8,1,0.07,0.05,0.12,0.46
553,Chemsdine Talbi,Sunderland,6,3,84,0,0,1,0,0,3.4,1.9,6.0,1.1,1,4,2,7,1,0.05,0.03,0.07,1.61
553,Chemsdine Talbi,Sunderland,7,1,32,0,0,0,0,0,6.4,12.8,22.0,4.1,1,0,0,1,0,0.26,0.01,0.27,0.45
553,Chemsdine Talbi,Sunderland,8,4,27,0,1,0,0,0,1.2,0.1,0.0,0.1,0,1,0,1,0,0.00,0.00,0.00,0.59
553,Chemsdine Talbi,Sunderland,9,8,25,1,0,0,0,0,33.4,0.3,17.0,5.1,0,1,0,1,0,0.12,0.00,0.12,0.23
554,Abdoullah Ba,Sunderland,1,0,0,0,0,0,0,0,0.0,0.0,0.0,0.0,0,0,0,0,0,0.00,0.00,0.00,0.00
554,Abdoullah Ba,Sunderland,2,0,0,0,0,0,0,0,0.0,0.0,0.0,0.0,0,0,0,0,0,0.00,0.00,0.00,0.00
554,Abdoullah Ba,Sunderland,3,0,0,0,0,0,0,0,0.0,0.0,0.0,0.0,0,0,0,0,0,0.00,0.00,0.00,0.00
554,Abdoullah Ba,Sunderland,4,0,0,0,0,0,0,0,0.0,0.0,0.0,0.0,0,0,0,0,0,0.00,0.00,0.00,0.00
554,Abdoullah Ba,Sunderland,5,0,0,0,0,0,0,0,0.0,0.0,0.0,0.0,0,0,0,0,0,0.00,0.00,0.00,0.00
554,Abdoullah Ba,Sunderland,6,0,0,0,0,0,0,0,0.0,0.0,0.0,0.0,0,0,0,0,0,0.00,0.00,0.00,0.00
554,Abdoullah Ba,Sunderland,7,0,0,0,0,0,0,0,0.0,0.0,0.0,0.0,0,0,0,0,0,0.00,0.00,0.00,0.00
554,Abdoullah Ba,Sunderland,8,0,0,0,0,0,0,0,0.0,0.0,0.0,0.0,0,0,0,0,0,0.00,0.00,0.00,0.00
554,Abdoullah Ba,Sunderland,9,0,0,0,0,0,0,0,0.0,0.0,0.0,0.0,0,0,0,0,0,0.00,0.00,0.00,0.00
555,Alan Browne,Sunderland,1,0,0,0,0,0,0,0,0.0,0.0,0.0,0.0,0,0,0,0,0,0.00,0.00,0.00,0.00
555,Alan Browne,Sunderland,2,0,0,0,0,0,0,0,0.0,0.0,0.0,0.0,0,0,0,0,0,0.00,0.00,0.00,0.00
555,Alan Browne,Sunderland,3,0,0,0,0,0,0,0,0.0,0.0,0.0,0.0,0,0,0,0,0,0.00,0.00,0.00,0.00
555,Alan Browne,Sunderland,4,0,0,0,0,0,0,0,0.0,0.0,0.0,0.0,0,0,0,0,0,0.00,0.00,0.00,0.00
555,Alan Browne,Sunderland,5,0,0,0,0,0,0,0,0.0,0.0,0.0,0.0,0,0,0,0,0,0.00,0.00,0.00,0.00
555,Alan Browne,Sunderland,6,0,0,0,0,0,0,0,0.0,0.0,0.0,0.0,0,0,0,0,0,0.00,0.00,0.00,0.00
555,Alan Browne,Sunderland,7,0,0,0,0,0,0,0,0.0,0.0,0.0,0.0,0,0,0,0,0,0.00,0.00,0.00,0.00
555,Alan Browne,Sunderland,8,0,0,0,0,0,0,0,0.0,0.0,0.0,0.0,0,0,0,0,0,0.00,0.00,0.00,0.00
555,Alan Browne,Sunderland,9,0,0,0,0,0,0,0,0.0,0.0,0.0,0.0,0,0,0,0,0,0.00,0.00,0.00,0.00
556,Pierre Ekwah Elimby,Sunderland,1,0,0,0,0,0,0,0,0.0,0.0,0.0,0.0,0,0,0,0,0,0.00,0.00,0.00,0.00
556,Pierre Ekwah Elimby,Sunderland,2,0,0,0,0,0,0,0,0.0,0.0,0.0,0.0,0,0,0,0,0,0.00,0.00,0.00,0.00
556,Pierre Ekwah Elimby,Sunderland,3,0,0,0,0,0,0,0,0.0,0.0,0.0,0.0,0,0,0,0,0,0.00,0.00,0.00,0.00
556,Pierre Ekwah Elimby,Sunderland,4,0,0,0,0,0,0,0,0.0,0.0,0.0,0.0,0,0,0,0,0,0.00,0.00,0.00,0.00
556,Pierre Ekwah Elimby,Sunderland,5,0,0,0,0,0,0,0,0.0,0.0,0.0,0.0,0,0,0,0,0,0.00,0.00,0.00,0.00
556,Pierre Ekwah Elimby,Sunderland,6,0,0,0,0,0,0,0,0.0,0.0,0.0,0.0,0,0,0,0,0,0.00,0.00,0.00,0.00
556,Pierre Ekwah Elimby,Sunderland,7,0,0,0,0,0,0,0,0.0,0.0,0.0,0.0,0,0,0,0,0,0.00,0.00,0.00,0.00
556,Pierre Ekwah Elimby,Sunderland,8,0,0,0,0,0,0,0,0.0,0.0,0.0,0.0,0,0,0,0,0,0.00,0.00,0.00,0.00
556,Pierre Ekwah Elimby,Sunderland,9,0,0,0,0,0,0,0,0.0,0.0,0.0,0.0,0,0,0,0,0,0.00,0.00,0.00,0.00
557,Harrison Jones,Sunderland,1,0,0,0,0,0,0,0,0.0,0.0,0.0,0.0,0,0,0,0,0,0.00,0.00,0.00,0.00
557,Harrison Jones,Sunderland,2,0,0,0,0,0,0,0,0.0,0.0,0.0,0.0,0,0,0,0,0,0.00,0.00,0.00,0.00
557,Harrison Jones,Sunderland,3,0,0,0,0,0,0,0,0.0,0.0,0.0,0.0,0,0,0,0,0,0.00,0.00,0.00,0.00
557,Harrison Jones,Sunderland,4,0,0,0,0,0,0,0,0.0,0.0,0.0,0.0,0,0,0,0,0,0.00,0.00,0.00,0.00
557,Harrison Jones,Sunderland,5,0,0,0,0,0,0,0,0.0,0.0,0.0,0.0,0,0,0,0,0,0.00,0.00,0.00,0.00
557,Harrison Jones,Sunderland,6,0,0,0,0,0,0,0,0.0,0.0,0.0,0.0,0,0,0,0,0,0.00,0.00,0.00,0.00
557,Harrison Jones,Sunderland,7,0,0,0,0,0,0,0,0.0,0.0,0.0,0.0,0,0,0,0,0,0.00,0.00,0.00,0.00
557,Harrison Jones,Sunderland,8,0,0,0,0,0,0,0,0.0,0.0,0.0,0.0,0,0,0,0,0,0.00,0.00,0.00,0.00
557,Harrison Jones,Sunderland,9,0,0,0,0,0,0,0,0.0,0.0,0.0,0.0,0,0,0,0,0,0.00,0.00,0.00,0.00
558,Jay Matete,Sunderland,1,0,0,0,0,0,0,0,0.0,0.0,0.0,0.0,0,0,0,0,0,0.00,0.00,0.00,0.00
558,Jay Matete,Sunderland,2,0,0,0,0,0,0,0,0.0,0.0,0.0,0.0,0,0,0,0,0,0.00,0.00,0.00,0.00
558,Jay Matete,Sunderland,3,0,0,0,0,0,0,0,0.0,0.0,0.0,0.0,0,0,0,0,0,0.00,0.00,0.00,0.00
558,Jay Matete,Sunderland,4,0,0,0,0,0,0,0,0.0,0.0,0.0,0.0,0,0,0,0,0,0.00,0.00,0.00,0.00
558,Jay Matete,Sunderland,5,0,0,0,0,0,0,0,0.0,0.0,0.0,0.0,0,0,0,0,0,0.00,0.00,0.00,0.00
558,Jay Matete,Sunderland,6,0,0,0,0,0,0,0,0.0,0.0,0.0,0.0,0,0,0,0,0,0.00,0.00,0.00,0.00
558,Jay Matete,Sunderland,7,0,0,0,0,0,0,0,0.0,0.0,0.0,0.0,0,0,0,0,0,0.00,0.00,0.00,0.00
558,Jay Matete,Sunderland,8,0,0,0,0,0,0,0,0.0,0.0,0.0,0.0,0,0,0,0,0,0.00,0.00,0.00,0.00
558,Jay Matete,Sunderland,9,0,0,0,0,0,0,0,0.0,0.0,0.0,0.0,0,0,0,0,0,0.00,0.00,0.00,0.00
559,Nectarios Triantis,Sunderland,1,0,0,0,0,0,0,0,0.0,0.0,0.0,0.0,0,0,0,0,0,0.00,0.00,0.00,0.00
559,Nectarios Triantis,Sunderland,2,0,0,0,0,0,0,0,0.0,0.0,0.0,0.0,0,0,0,0,0,0.00,0.00,0.00,0.00
559,Nectarios Triantis,Sunderland,3,0,0,0,0,0,0,0,0.0,0.0,0.0,0.0,0,0,0,0,0,0.00,0.00,0.00,0.00
559,Nectarios Triantis,Sunderland,4,0,0,0,0,0,0,0,0.0,0.0,0.0,0.0,0,0,0,0,0,0.00,0.00,0.00,0.00
559,Nectarios Triantis,Sunderland,5,0,0,0,0,0,0,0,0.0,0.0,0.0,0.0,0,0,0,0,0,0.00,0.00,0.00,0.00
559,Nectarios Triantis,Sunderland,6,0,0,0,0,0,0,0,0.0,0.0,0.0,0.0,0,0,0,0,0,0.00,0.00,0.00,0.00
559,Nectarios Triantis,Sunderland,7,0,0,0,0,0,0,0,0.0,0.0,0.0,0.0,0,0,0,0,0,0.00,0.00,0.00,0.00
559,Nectarios Triantis,Sunderland,8,0,0,0,0,0,0,0,0.0,0.0,0.0,0.0,0,0,0,0,0,0.00,0.00,0.00,0.00
559,Nectarios Triantis,Sunderland,9,0,0,0,0,0,0,0,0.0,0.0,0.0,0.0,0,0,0,0,0,0.00,0.00,0.00,0.00
560,Wilson Isidor,Sunderland,1,5,14,1,0,0,0,0,34.2,0.1,17.0,5.1,1,1,0,2,0,0.04,0.00,0.04,0.23
560,Wilson Isidor,Sunderland,2,1,27,0,0,0,0,0,0.0,0.0,4.0,0.4,0,0,0,0,0,0.00,0.00,0.00,0.66
560,Wilson Isidor,Sunderland,3,8,25,1,0,0,0,0,38.6,0.6,35.0,7.4,0,0,2,2,0,0.24,0.00,0.24,0.24
560,Wilson Isidor,Sunderland,4,2,90,0,0,1,0,0,0.6,0.6,17.0,1.8,1,1,1,3,1,0.11,0.00,0.11,1.67
560,Wilson Isidor,Sunderland,5,9,79,1,0,0,0,0,34.0,1.0,45.0,8.0,0,2,1,3,1,0.62,0.00,0.62,0.46
560,Wilson Isidor,Sunderland,6,2,84,0,0,1,0,0,1.0,2.8,19.0,2.3,2,1,0,3,1,0.22,0.03,0.25,1.61
560,Wilson Isidor,Sunderland,7,1,58,0,0,0,0,0,0.2,0.3,2.0,0.3,0,0,0,0,1,0.00,0.00,0.00,1.39
560,Wilson Isidor,Sunderland,8,2,75,0,0,1,0,0,0.0,1.2,6.0,0.6,0,1,1,2,1,0.04,0.00,0.04,0.34
560,Wilson Isidor,Sunderland,9,7,74,1,0,0,0,0,28.0,1.6,44.0,7.4,1,0,0,1,1,0.80,0.00,0.80,0.78
561,Eliezer Mayenda Dossou,Sunderland,1,8,75,1,0,1,0,0,34.0,11.3,26.0,7.1,0,0,0,0,1,0.09,0.00,0.09,0.33
561,Eliezer Mayenda Dossou,Sunderland,2,2,62,0,0,0,0,0,11.2,0.3,19.0,3.1,2,2,1,5,1,0.30,0.00,0.30,0.34
561,Eliezer Mayenda Dossou,Sunderland,3,2,64,0,0,1,0,0,0.0,1.5,0.0,0.0,0,0,0,0,1,0.00,0.00,0.00,0.96
561,Eliezer Mayenda Dossou,Sunderland,4,0,0,0,0,0,0,0,0.0,0.0,0.0,0.0,0,0,0,0,0,0.00,0.00,0.00,0.00
561,Eliezer Mayenda Dossou,Sunderland,5,1,10,0,0,0,0,0,1.2,0.0,0.0,0.1,0,1,0,1,0,0.00,0.00,0.00,0.25
561,Eliezer Mayenda Dossou,Sunderland,6,0,0,0,0,0,0,0,0.0,0.0,0.0,0.0,0,0,0,0,0,0.00,0.00,0.00,0.00
561,Eliezer Mayenda Dossou,Sunderland,7,1,32,0,0,0,0,0,1.6,11.5,5.0,1.8,0,0,0,0,0,0.08,0.06,0.14,0.45
561,Eliezer Mayenda Dossou,Sunderland,8,1,14,0,0,0,0,0,0.2,0.0,2.0,0.2,0,1,0,1,0,0.00,0.00,0.00,0.48
561,Eliezer Mayenda Dossou,Sunderland,9,0,0,0,0,0,0,0,0.0,0.0,0.0,0.0,0,0,0,0,0,0.00,0.00,0.00,0.00
562,Ahmed Abdullahi,Sunderland,1,0,0,0,0,0,0,0,0.0,0.0,0.0,0.0,0,0,0,0,0,0.00,0.00,0.00,0.00
562,Ahmed Abdullahi,Sunderland,2,0,0,0,0,0,0,0,0.0,0.0,0.0,0.0,0,0,0,0,0,0.00,0.00,0.00,0.00
562,Ahmed Abdullahi,Sunderland,3,0,0,0,0,0,0,0,0.0,0.0,0.0,0.0,0,0,0,0,0,0.00,0.00,0.00,0.00
562,Ahmed Abdullahi,Sunderland,4,0,0,0,0,0,0,0,0.0,0.0,0.0,0.0,0,0,0,0,0,0.00,0.00,0.00,0.00
562,Ahmed Abdullahi,Sunderland,5,0,0,0,0,0,0,0,0.0,0.0,0.0,0.0,0,0,0,0,0,0.00,0.00,0.00,0.00
562,Ahmed Abdullahi,Sunderland,6,0,0,0,0,0,0,0,0.0,0.0,0.0,0.0,0,0,0,0,0,0.00,0.00,0.00,0.00
562,Ahmed Abdullahi,Sunderland,7,0,0,0,0,0,0,0,0.0,0.0,0.0,0.0,0,0,0,0,0,0.00,0.00,0.00,0.00
562,Ahmed Abdullahi,Sunderland,8,0,0,0,0,0,0,0,0.0,0.0,0.0,0.0,0,0,0,0,0,0.00,0.00,0.00,0.00
562,Ahmed Abdullahi,Sunderland,9,0,0,0,0,0,0,0,0.0,0.0,0.0,0.0,0,0,0,0,0,0.00,0.00,0.00,0.00
563,Luís Hemir Silva Semedo,Sunderland,1,0,0,0,0,0,0,0,0.0,0.0,0.0,0.0,0,0,0,0,0,0.00,0.00,0.00,0.00
563,Luís Hemir Silva Semedo,Sunderland,2,0,0,0,0,0,0,0,0.0,0.0,0.0,0.0,0,0,0,0,0,0.00,0.00,0.00,0.00
563,Luís Hemir Silva Semedo,Sunderland,3,0,0,0,0,0,0,0,0.0,0.0,0.0,0.0,0,0,0,0,0,0.00,0.00,0.00,0.00
563,Luís Hemir Silva Semedo,Sunderland,4,0,0,0,0,0,0,0,0.0,0.0,0.0,0.0,0,0,0,0,0,0.00,0.00,0.00,0.00
563,Luís Hemir Silva Semedo,Sunderland,5,0,0,0,0,0,0,0,0.0,0.0,0.0,0.0,0,0,0,0,0,0.00,0.00,0.00,0.00
563,Luís Hemir Silva Semedo,Sunderland,6,0,0,0,0,0,0,0,0.0,0.0,0.0,0.0,0,0,0,0,0,0.00,0.00,0.00,0.00
563,Luís Hemir Silva Semedo,Sunderland,7,0,0,0,0,0,0,0,0.0,0.0,0.0,0.0,0,0,0,0,0,0.00,0.00,0.00,0.00
563,Luís Hemir Silva Semedo,Sunderland,8,0,0,0,0,0,0,0,0.0,0.0,0.0,0.0,0,0,0,0,0,0.00,0.00,0.00,0.00
563,Luís Hemir Silva Semedo,Sunderland,9,0,0,0,0,0,0,0,0.0,0.0,0.0,0.0,0,0,0,0,0,0.00,0.00,0.00,0.00
564,Nazarii Rusyn,Sunderland,1,0,0,0,0,0,0,0,0.0,0.0,0.0,0.0,0,0,0,0,0,0.00,0.00,0.00,0.00
564,Nazarii Rusyn,Sunderland,2,0,0,0,0,0,0,0,0.0,0.0,0.0,0.0,0,0,0,0,0,0.00,0.00,0.00,0.00
564,Nazarii Rusyn,Sunderland,3,0,0,0,0,0,0,0,0.0,0.0,0.0,0.0,0,0,0,0,0,0.00,0.00,0.00,0.00
564,Nazarii Rusyn,Sunderland,4,0,0,0,0,0,0,0,0.0,0.0,0.0,0.0,0,0,0,0,0,0.00,0.00,0.00,0.00
564,Nazarii Rusyn,Sunderland,5,0,0,0,0,0,0,0,0.0,0.0,0.0,0.0,0,0,0,0,0,0.00,0.00,0.00,0.00
564,Nazarii Rusyn,Sunderland,6,0,0,0,0,0,0,0,0.0,0.0,0.0,0.0,0,0,0,0,0,0.00,0.00,0.00,0.00
564,Nazarii Rusyn,Sunderland,7,0,0,0,0,0,0,0,0.0,0.0,0.0,0.0,0,0,0,0,0,0.00,0.00,0.00,0.00
564,Nazarii Rusyn,Sunderland,8,0,0,0,0,0,0,0,0.0,0.0,0.0,0.0,0,0,0,0,0,0.00,0.00,0.00,0.00
564,Nazarii Rusyn,Sunderland,9,0,0,0,0,0,0,0,0.0,0.0,0.0,0.0,0,0,0,0,0,0.00,0.00,0.00,0.00
668,Granit Xhaka,Sunderland,1,3,90,0,0,1,0,0,15.4,31.8,0.0,4.7,3,2,1,6,1,0.00,0.04,0.04,0.56
668,Granit Xhaka,Sunderland,2,4,90,0,0,0,0,0,19.6,22.1,3.0,4.5,5,6,2,13,1,0.05,0.06,0.11,1.00
668,Granit Xhaka,Sunderland,3,4,90,0,1,0,1,0,34.6,16.7,0.0,5.1,6,4,1,11,1,0.00,0.10,0.10,1.20
668,Granit Xhaka,Sunderland,4,5,90,0,0,1,0,0,25.2,15.8,2.0,4.3,10,6,2,18,1,0.00,0.11,0.11,1.77
668,Granit Xhaka,Sunderland,5,4,90,0,1,0,1,0,24.8,21.6,9.0,5.5,1,3,4,8,1,0.07,0.09,0.16,0.71
668,Granit Xhaka,Sunderland,6,9,90,0,1,1,0,0,47.8,16.3,0.0,6.4,11,7,2,20,1,0.00,0.23,0.23,1.68
668,Granit Xhaka,Sunderland,7,3,90,0,0,0,1,0,19.0,20.3,7.0,4.6,5,8,0,13,1,0.02,0.09,0.11,1.84
668,Granit Xhaka,Sunderland,8,5,90,0,0,1,0,0,16.2,19.7,2.0,3.8,6,5,1,12,1,0.03,0.06,0.09,0.83
668,Granit Xhaka,Sunderland,9,2,90,0,0,0,0,0,17.8,12.5,7.0,3.7,3,2,4,9,1,0.15,0.02,0.17,0.90
670,Robin Roefs,Sunderland,1,8,90,0,0,1,0,0,30.0,0.0,0.0,3.0,3,10,0,0,1,0.00,0.00,0.00,0.56
670,Robin Roefs,Sunderland,2,1,90,0,0,0,0,0,4.2,0.0,0.0,0.4,1,8,0,0,1,0.00,0.00,0.00,1.00
670,Robin Roefs,Sunderland,3,8,90,0,0,0,0,0,47.4,0.0,0.0,4.7,0,9,0,0,1,0.00,0.00,0.00,1.20
670,Robin Roefs,Sunderland,4,10,90,0,0,1,1,0,43.2,0.0,0.0,4.3,1,15,0,0,1,0.00,0.00,0.00,1.77
670,Robin Roefs,Sunderland,5,2,90,0,0,0,0,0,6.2,0.0,0.0,0.6,1,5,0,0,1,0.00,0.00,0.00,0.71
670,Robin Roefs,Sunderland,6,10,90,0,0,1,0,0,48.6,20.0,0.0,6.9,1,11,0,0,1,0.00,0.01,0.01,1.68
670,Robin Roefs,Sunderland,7,2,90,0,0,0,0,0,28.4,0.0,0.0,2.8,0,14,0,0,1,0.00,0.00,0.00,1.84
670,Robin Roefs,Sunderland,8,7,90,0,0,1,0,0,23.4,0.0,0.0,2.3,0,6,0,0,1,0.00,0.00,0.00,0.83
670,Robin Roefs,Sunderland,9,4,90,0,0,0,0,0,43.8,0.0,0.0,4.4,2,11,0,0,1,0.00,0.00,0.00,0.90
678,Arthur Masuaku,Sunderland,1,0,0,0,0,0,0,0,0.0,0.0,0.0,0.0,0,0,0,0,0,0.00,0.00,0.00,0.00
678,Arthur Masuaku,Sunderland,2,0,0,0,0,0,0,0,0.0,0.0,0.0,0.0,0,0,0,0,0,0.00,0.00,0.00,0.00
678,Arthur Masuaku,Sunderland,3,0,0,0,0,0,0,0,0.0,0.0,0.0,0.0,0,0,0,0,0,0.00,0.00,0.00,0.00
678,Arthur Masuaku,Sunderland,4,0,0,0,0,0,0,0,0.0,0.0,0.0,0.0,0,0,0,0,0,0.00,0.00,0.00,0.00
678,Arthur Masuaku,Sunderland,5,1,10,0,0,0,0,0,2.0,0.1,0.0,0.2,2,0,0,2,0,0.00,0.00,0.00,0.25
678,Arthur Masuaku,Sunderland,6,0,58,0,0,0,1,0,8.8,4.8,7.0,2.1,2,1,2,4,1,0.07,0.01,0.08,0.45
678,Arthur Masuaku,Sunderland,7,0,57,0,0,0,0,0,11.0,15.2,0.0,2.6,2,2,2,4,1,0.00,0.07,0.07,1.39
678,Arthur Masuaku,Sunderland,8,0,0,0,0,0,0,0,0.0,0.0,0.0,0.0,0,0,0,0,0,0.00,0.00,0.00,0.00
678,Arthur Masuaku,Sunderland,9,0,0,0,0,0,0,0,0.0,0.0,0.0,0.0,0,0,0,0,0,0.00,0.00,0.00,0.00
683,Omar Alderete,Sunderland,1,4,37,0,1,0,0,0,30.0,14.4,0.0,4.4,4,1,1,5,0,0.00,0.12,0.12,0.23
683,Omar Alderete,Sunderland,2,1,90,0,0,0,0,0,25.0,5.7,10.0,4.1,7,6,2,9,1,0.06,0.02,0.08,1.00
683,Omar Alderete,Sunderland,3,4,90,0,0,0,0,0,20.0,1.2,7.0,2.8,9,4,2,11,1,0.05,0.01,0.06,1.20
683,Omar Alderete,Sunderland,4,9,90,0,0,1,0,0,30.2,0.5,2.0,3.3,8,5,2,10,1,0.00,0.02,0.02,1.77
683,Omar Alderete,Sunderland,5,4,90,0,0,0,0,0,28.6,0.2,23.0,5.2,10,5,3,13,1,0.16,0.00,0.16,0.71
683,Omar Alderete,Sunderland,6,17,90,1,0,1,0,0,62.0,3.3,35.0,10.0,11,0,0,11,1,0.31,0.16,0.47,1.68
683,Omar Alderete,Sunderland,7,0,90,0,0,0,1,0,15.0,2.3,0.0,1.7,4,2,1,5,1,0.00,0.01,0.01,1.84
683,Omar Alderete,Sunderland,8,6,90,0,0,1,0,0,17.6,11.0,0.0,2.9,7,1,1,8,1,0.00,0.01,0.01,0.83
683,Omar Alderete,Sunderland,9,0,0,0,0,0,0,0,0.0,0.0,0.0,0.0,0,0,0,0,0,0.00,0.00,0.00,0.00
694,Nordi Mukiele,Sunderland,2,0,0,0,0,0,0,0,0.0,0.0,0.0,0.0,0,0,0,0,0,0.00,0.00,0.00,0.00
694,Nordi Mukiele,Sunderland,3,4,90,0,0,0,0,0,26.4,0.6,6.0,3.3,9,1,5,14,1,0.07,0.00,0.07,1.20
694,Nordi Mukiele,Sunderland,4,10,90,0,0,1,0,0,24.4,10.9,0.0,3.5,10,2,2,12,1,0.00,0.05,0.05,1.77
694,Nordi Mukiele,Sunderland,5,4,90,0,0,0,0,0,36.0,30.6,12.0,7.9,13,3,3,16,1,0.07,0.18,0.25,0.71
694,Nordi Mukiele,Sunderland,6,6,90,0,0,1,0,0,19.6,1.1,0.0,2.1,8,2,1,9,1,0.00,0.00,0.00,1.68
694,Nordi Mukiele,Sunderland,7,3,90,0,0,0,0,0,23.2,1.6,2.0,2.7,6,6,6,12,1,0.00,0.01,0.01,1.84
694,Nordi Mukiele,Sunderland,8,17,90,1,0,1,0,0,56.2,2.2,22.0,8.0,9,7,3,12,1,0.24,0.06,0.30,0.83
694,Nordi Mukiele,Sunderland,9,2,90,0,0,0,0,0,12.4,0.8,2.0,1.5,5,5,1,6,1,0.00,0.01,0.01,0.90
724,Lutsharel Geertruida,Sunderland,4,1,6,0,0,0,0,0,1.0,0.0,0.0,0.1,0,1,0,0,0,0.00,0.00,0.00,0.38
724,Lutsharel Geertruida,Sunderland,5,1,9,0,0,0,0,0,6.0,0.0,0.0,0.6,2,0,0,2,0,0.00,0.00,0.00,0.25
724,Lutsharel Geertruida,Sunderland,6,1,31,0,0,0,0,0,4.0,0.6,19.0,2.4,0,3,0,0,0,0.27,0.05,0.32,1.23
724,Lutsharel Geertruida,Sunderland,7,1,11,0,0,0,0,0,4.2,0.0,0.0,0.4,0,0,2,2,0,0.00,0.00,0.00,0.39
724,Lutsharel Geertruida,Sunderland,8,1,14,0,0,0,0,0,3.2,0.3,0.0,0.4,1,1,1,2,0,0.00,0.00,0.00,0.48
724,Lutsharel Geertruida,Sunderland,9,2,90,0,0,0,0,0,15.6,3.8,2.0,2.1,5,4,0,5,1,0.03,0.18,0.21,0.90
730,Brian Brobbey,Sunderland,4,1,21,0,0,0,0,0,1.0,0.1,0.0,0.1,1,1,0,2,0,0.00,0.00,0.00,0.93
730,Brian Brobbey,Sunderland,5,0,0,0,0,0,0,0,0.0,0.0,0.0,0.0,0,0,0,0,0,0.00,0.00,0.00,0.00
730,Brian Brobbey,Sunderland,6,1,5,0,0,0,0,0,2.4,0.2,0.0,0.3,1,2,0,3,0,0.00,0.00,0.00,0.07
730,Brian Brobbey,Sunderland,7,1,31,0,0,0,0,0,0.0,0.0,0.0,0.0,0,1,0,1,0,0.00,0.00,0.00,0.45
730,Brian Brobbey,Sunderland,8,0,0,0,0,0,0,0,0.0,0.0,0.0,0.0,0,0,0,0,0,0.00,0.00,0.00,0.00
730,Brian Brobbey,Sunderland,9,4,15,0,1,0,0,0,23.2,10.3,6.0,4.0,1,1,1,3,0,0.00,0.04,0.04,0.12
735,Bertrand Traoré,Sunderland,4,0,0,0,0,0,0,0,0.0,0.0,0.0,0.0,0,0,0,0,0,0.00,0.00,0.00,0.00
735,Bertrand Traoré,Sunderland,5,0,0,0,0,0,0,0,0.0,0.0,0.0,0.0,0,0,0,0,0,0.00,0.00,0.00,0.00
735,Bertrand Traoré,Sunderland,6,1,31,0,0,0,0,0,10.2,10.7,17.0,3.8,2,2,1,5,0,0.05,0.01,0.06,1.23
735,Bertrand Traoré,Sunderland,7,0,57,0,0,0,1,0,4.8,16.8,23.0,4.5,0,0,1,1,1,0.16,0.02,0.18,1.39
735,Bertrand Traoré,Sunderland,8,3,62,0,0,1,0,0,2.0,0.7,0.0,0.3,1,3,0,4,1,0.00,0.00,0.00,0.24
735,Bertrand Traoré,Sunderland,9,5,64,0,1,0,0,0,13.2,15.7,16.0,4.5,3,1,0,4,1,0.12,0.09,0.21,0.66
565,Guglielmo Vicario,Spurs,1,9,90,0,0,1,0,0,30.0,0.0,0.0,3.0,1,7,0,0,1,0.00,0.00,0.00,0.94
565,Guglielmo Vicario,Spurs,2,9,90,0,0,1,0,0,28.4,0.0,0.0,2.8,1,6,0,0,1,0.00,0.01,0.01,1.55
565,Guglielmo Vicario,Spurs,3,3,90,0,0,0,0,0,40.0,0.1,0.0,4.0,0,13,0,0,1,0.00,0.00,0.00,1.59
565,Guglielmo Vicario,Spurs,4,8,90,0,0,1,0,0,38.6,0.0,0.0,3.9,2,9,0,0,1,0.00,0.00,0.00,0.60
565,Guglielmo Vicario,Spurs,5,1,90,0,0,0,0,0,13.0,0.0,0.0,1.3,1,15,0,0,1,0.00,0.00,0.00,1.32
565,Guglielmo Vicario,Spurs,6,2,90,0,0,0,0,0,19.0,0.0,0.0,1.9,0,6,0,0,1,0.00,0.00,0.00,1.15
565,Guglielmo Vicario,Spurs,7,3,90,0,0,0,0,0,26.8,0.0,0.0,2.7,0,5,0,0,1,0.00,0.00,0.00,1.68
565,Guglielmo Vicario,Spurs,8,1,90,0,0,0,0,0,5.0,0.0,0.0,0.5,2,7,0,0,1,0.00,0.00,0.00,0.32
565,Guglielmo Vicario,Spurs,9,6,90,0,0,1,0,0,16.0,0.0,0.0,1.6,2,10,0,0,1,0.00,0.00,0.00,1.53
566,Brandon Austin,Spurs,1,0,0,0,0,0,0,0,0.0,0.0,0.0,0.0,0,0,0,0,0,0.00,0.00,0.00,0.00
566,Brandon Austin,Spurs,2,0,0,0,0,0,0,0,0.0,0.0,0.0,0.0,0,0,0,0,0,0.00,0.00,0.00,0.00
566,Brandon Austin,Spurs,3,0,0,0,0,0,0,0,0.0,0.0,0.0,0.0,0,0,0,0,0,0.00,0.00,0.00,0.00
566,Brandon Austin,Spurs,4,0,0,0,0,0,0,0,0.0,0.0,0.0,0.0,0,0,0,0,0,0.00,0.00,0.00,0.00
566,Brandon Austin,Spurs,5,0,0,0,0,0,0,0,0.0,0.0,0.0,0.0,0,0,0,0,0,0.00,0.00,0.00,0.00
566,Brandon Austin,Spurs,6,0,0,0,0,0,0,0,0.0,0.0,0.0,0.0,0,0,0,0,0,0.00,0.00,0.00,0.00
566,Brandon Austin,Spurs,7,0,0,0,0,0,0,0,0.0,0.0,0.0,0.0,0,0,0,0,0,0.00,0.00,0.00,0.00
566,Brandon Austin,Spurs,8,0,0,0,0,0,0,0,0.0,0.0,0.0,0.0,0,0,0,0,0,0.00,0.00,0.00,0.00
566,Brandon Austin,Spurs,9,0,0,0,0,0,0,0,0.0,0.0,0.0,0.0,0,0,0,0,0,0.00,0.00,0.00,0.00
567,Antonín Kinský,Spurs,1,0,0,0,0,0,0,0,0.0,0.0,0.0,0.0,0,0,0,0,0,0.00,0.00,0.00,0.00
567,Antonín Kinský,Spurs,2,0,0,0,0,0,0,0,0.0,0.0,0.0,0.0,0,0,0,0,0,0.00,0.00,0.00,0.00
567,Antonín Kinský,Spurs,3,0,0,0,0,0,0,0,0.0,0.0,0.0,0.0,0,0,0,0,0,0.00,0.00,0.00,0.00
567,Antonín Kinský,Spurs,4,0,0,0,0,0,0,0,0.0,0.0,0.0,0.0,0,0,0,0,0,0.00,0.00,0.00,0.00
567,Antonín Kinský,Spurs,5,0,0,0,0,0,0,0,0.0,0.0,0.0,0.0,0,0,0,0,0,0.00,0.00,0.00,0.00
567,Antonín Kinský,Spurs,6,0,0,0,0,0,0,0,0.0,0.0,0.0,0.0,0,0,0,0,0,0.00,0.00,0.00,0.00
567,Antonín Kinský,Spurs,7,0,0,0,0,0,0,0,0.0,0.0,0.0,0.0,0,0,0,0,0,0.00,0.00,0.00,0.00
567,Antonín Kinský,Spurs,8,0,0,0,0,0,0,0,0.0,0.0,0.0,0.0,0,0,0,0,0,0.00,0.00,0.00,0.00
567,Antonín Kinský,Spurs,9,0,0,0,0,0,0,0,0.0,0.0,0.0,0.0,0,0,0,0,0,0.00,0.00,0.00,0.00
568,Pedro Porro Sauceda,Spurs,1,6,90,0,0,1,0,0,21.2,42.8,1.0,6.5,2,4,2,4,1,0.02,0.26,0.28,0.94
568,Pedro Porro Sauceda,Spurs,2,5,90,0,0,1,1,0,15.2,33.4,8.0,5.7,5,4,1,6,1,0.08,0.13,0.21,1.55
568,Pedro Porro Sauceda,Spurs,3,4,70,0,0,0,0,0,20.6,5.0,2.0,2.8,10,3,2,12,1,0.01,0.02,0.03,1.56
568,Pedro Porro Sauceda,Spurs,4,6,90,0,0,1,0,0,18.6,31.9,6.0,5.7,2,5,3,5,1,0.00,0.37,0.37,0.60
568,Pedro Porro Sauceda,Spurs,5,1,88,0,0,0,0,0,21.8,27.2,2.0,5.1,5,3,2,7,1,0.00,0.06,0.06,1.32
568,Pedro Porro Sauceda,Spurs,6,1,27,0,0,0,0,0,8.8,15.7,0.0,2.5,2,1,0,2,0,0.00,0.03,0.03,0.15
568,Pedro Porro Sauceda,Spurs,7,7,90,0,1,0,0,0,15.2,2.9,4.0,2.2,8,4,2,10,1,0.00,0.02,0.02,1.68
568,Pedro Porro Sauceda,Spurs,8,1,90,0,0,0,0,0,14.6,24.1,2.0,4.1,2,6,1,3,1,0.00,0.02,0.02,0.32
568,Pedro Porro Sauceda,Spurs,9,11,90,0,1,1,0,0,32.8,15.8,0.0,4.9,6,3,2,8,1,0.00,0.29,0.29,1.53
569,Cristian Romero,Spurs,1,6,90,0,0,1,0,0,18.0,1.4,6.0,2.5,5,3,0,5,1,0.00,0.02,0.02,0.94
569,Cristian Romero,Spurs,2,7,90,0,0,1,1,0,20.6,0.3,2.0,2.3,7,6,3,10,1,0.00,0.00,0.00,1.55
569,Cristian Romero,Spurs,3,2,90,0,0,0,0,0,21.4,0.8,0.0,2.2,5,5,2,7,1,0.00,0.01,0.01,1.59
569,Cristian Romero,Spurs,4,12,90,0,1,1,0,0,34.2,21.8,35.0,9.1,2,4,1,3,1,0.07,0.14,0.21,0.60
569,Cristian Romero,Spurs,5,2,90,0,0,0,1,0,31.8,2.2,0.0,3.4,12,4,6,18,1,0.00,0.02,0.02,1.32
569,Cristian Romero,Spurs,6,2,90,0,0,0,0,0,9.2,1.9,5.0,1.6,2,0,2,4,1,0.03,0.05,0.08,1.15
569,Cristian Romero,Spurs,7,1,90,0,0,0,1,0,15.6,0.8,2.0,1.8,7,3,1,8,1,0.00,0.01,0.01,1.68
569,Cristian Romero,Spurs,8,0,0,0,0,0,0,0,0.0,0.0,0.0,0.0,0,0,0,0,0,0.00,0.00,0.00,0.00
569,Cristian Romero,Spurs,9,0,0,0,0,0,0,0,0.0,0.0,0.0,0.0,0,0,0,0,0,0.00,0.00,0.00,0.00
570,Kevin Danso,Spurs,1,0,0,0,0,0,0,0,0.0,0.0,0.0,0.0,0,0,0,0,0,0.00,0.00,0.00,0.00
570,Kevin Danso,Spurs,2,1,1,0,0,0,0,0,4.2,0.0,0.0,0.4,2,0,0,2,0,0.00,0.00,0.00,0.00
570,Kevin Danso,Spurs,3,0,0,0,0,0,0,0,0.0,0.0,0.0,0.0,0,0,0,0,0,0.00,0.00,0.00,0.00
570,Kevin Danso,Spurs,4,1,10,0,0,0,0,0,2.0,0.8,0.0,0.3,0,0,0,0,0,0.00,0.00,0.00,0.00
570,Kevin Danso,Spurs,5,0,0,0,0,0,0,0,0.0,0.0,0.0,0.0,0,0,0,0,0,0.00,0.00,0.00,0.00
570,Kevin Danso,Spurs,6,0,0,0,0,0,0,0,0.0,0.0,0.0,0.0,0,0,0,0,0,0.00,0.00,0.00,0.00
570,Kevin Danso,Spurs,7,1,5,0,0,0,0,0,2.2,0.0,0.0,0.2,1,0,0,1,0,0.00,0.00,0.00,0.24
570,Kevin Danso,Spurs,8,0,90,0,0,0,1,0,18.8,1.8,0.0,2.1,9,3,0,9,1,0.00,0.02,0.02,0.32
570,Kevin Danso,Spurs,9,9,90,0,0,1,0,0,30.6,0.4,0.0,3.1,20,3,1,21,1,0.00,0.00,0.00,1.53
571,Ben Davies,Spurs,1,0,0,0,0,0,0,0,0.0,0.0,0.0,0.0,0,0,0,0,0,0.00,0.00,0.00,0.00
571,Ben Davies,Spurs,2,0,0,0,0,0,0,0,0.0,0.0,0.0,0.0,0,0,0,0,0,0.00,0.00,0.00,0.00
571,Ben Davies,Spurs,3,0,0,0,0,0,0,0,0.0,0.0,0.0,0.0,0,0,0,0,0,0.00,0.00,0.00,0.00
571,Ben Davies,Spurs,4,0,0,0,0,0,0,0,0.0,0.0,0.0,0.0,0,0,0,0,0,0.00,0.00,0.00,0.00
571,Ben Davies,Spurs,5,0,0,0,0,0,0,0,0.0,0.0,0.0,0.0,0,0,0,0,0,0.00,0.00,0.00,0.00
571,Ben Davies,Spurs,6,0,0,0,0,0,0,0,0.0,0.0,0.0,0.0,0,0,0,0,0,0.00,0.00,0.00,0.00
571,Ben Davies,Spurs,7,0,0,0,0,0,0,0,0.0,0.0,0.0,0.0,0,0,0,0,0,0.00,0.00,0.00,0.00
571,Ben Davies,Spurs,8,0,0,0,0,0,0,0,0.0,0.0,0.0,0.0,0,0,0,0,0,0.00,0.00,0.00,0.00
571,Ben Davies,Spurs,9,0,0,0,0,0,0,0,0.0,0.0,0.0,0.0,0,0,0,0,0,0.00,0.00,0.00,0.00
572,Radu Drăgușin,Spurs,1,0,0,0,0,0,0,0,0.0,0.0,0.0,0.0,0,0,0,0,0,0.00,0.00,0.00,0.00
572,Radu Drăgușin,Spurs,2,0,0,0,0,0,0,0,0.0,0.0,0.0,0.0,0,0,0,0,0,0.00,0.00,0.00,0.00
572,Radu Drăgușin,Spurs,3,0,0,0,0,0,0,0,0.0,0.0,0.0,0.0,0,0,0,0,0,0.00,0.00,0.00,0.00
572,Radu Drăgușin,Spurs,4,0,0,0,0,0,0,0,0.0,0.0,0.0,0.0,0,0,0,0,0,0.00,0.00,0.00,0.00
572,Radu Drăgușin,Spurs,5,0,0,0,0,0,0,0,0.0,0.0,0.0,0.0,0,0,0,0,0,0.00,0.00,0.00,0.00
572,Radu Drăgușin,Spurs,6,0,0,0,0,0,0,0,0.0,0.0,0.0,0.0,0,0,0,0,0,0.00,0.00,0.00,0.00
572,Radu Drăgușin,Spurs,7,0,0,0,0,0,0,0,0.0,0.0,0.0,0.0,0,0,0,0,0,0.00,0.00,0.00,0.00
572,Radu Drăgușin,Spurs,8,0,0,0,0,0,0,0,0.0,0.0,0.0,0.0,0,0,0,0,0,0.00,0.00,0.00,0.00
572,Radu Drăgușin,Spurs,9,0,0,0,0,0,0,0,0.0,0.0,0.0,0.0,0,0,0,0,0,0.00,0.00,0.00,0.00
573,Djed Spence,Spurs,1,6,90,0,0,1,0,0,10.0,5.8,22.0,3.8,3,2,0,3,1,0.18,0.07,0.25,0.94
573,Djed Spence,Spurs,2,6,90,0,0,1,0,0,10.4,2.6,2.0,1.5,4,4,2,6,1,0.00,0.02,0.02,1.55
573,Djed Spence,Spurs,3,1,90,0,0,0,1,0,16.2,21.0,0.0,3.7,4,5,0,4,1,0.00,0.02,0.02,1.59
573,Djed Spence,Spurs,4,5,70,0,0,1,1,0,2.8,2.4,2.0,0.7,0,3,0,0,1,0.00,0.01,0.01,0.60
573,Djed Spence,Spurs,5,1,1,0,0,0,0,0,2.4,0.0,0.0,0.2,0,0,1,1,0,0.00,0.00,0.00,0.00
573,Djed Spence,Spurs,6,2,62,0,0,0,0,0,8.4,16.7,0.0,2.5,2,1,0,2,1,0.00,0.05,0.05,1.00
573,Djed Spence,Spurs,7,0,0,0,0,0,0,0,0.0,0.0,0.0,0.0,0,0,0,0,0,0.00,0.00,0.00,0.00
573,Djed Spence,Spurs,8,1,85,0,0,0,0,0,10.0,2.8,2.0,1.5,3,2,2,5,1,0.00,0.02,0.02,0.19
573,Djed Spence,Spurs,9,6,90,0,0,1,0,0,8.4,1.0,0.0,0.9,5,3,1,6,1,0.00,0.00,0.00,1.53
574,Destiny Udogie,Spurs,1,0,0,0,0,0,0,0,0.0,0.0,0.0,0.0,0,0,0,0,0,0.00,0.00,0.00,0.00
574,Destiny Udogie,Spurs,2,0,0,0,0,0,0,0,0.0,0.0,0.0,0.0,0,0,0,0,0,0.00,0.00,0.00,0.00
574,Destiny Udogie,Spurs,3,1,19,0,0,0,0,0,3.2,2.0,6.0,1.1,1,0,1,2,0,0.02,0.06,0.08,0.03
574,Destiny Udogie,Spurs,4,1,19,0,0,0,0,0,4.2,11.5,6.0,2.2,0,1,1,1,0,0.00,0.01,0.01,0.00
574,Destiny Udogie,Spurs,5,1,90,0,0,0,0,0,14.0,15.7,16.0,4.6,2,10,1,3,1,0.00,0.08,0.08,1.32
574,Destiny Udogie,Spurs,6,2,83,0,0,0,0,0,12.6,4.3,4.0,2.1,3,4,1,4,1,0.00,0.02,0.02,1.15
574,Destiny Udogie,Spurs,7,2,90,0,0,0,0,0,16.0,13.0,8.0,3.7,3,5,1,4,1,0.00,0.07,0.07,1.68
574,Destiny Udogie,Spurs,8,0,0,0,0,0,0,0,0.0,0.0,0.0,0.0,0,0,0,0,0,0.00,0.00,0.00,0.00
574,Destiny Udogie,Spurs,9,0,0,0,0,0,0,0,0.0,0.0,0.0,0.0,0,0,0,0,0,0.00,0.00,0.00,0.00
575,Micky van de Ven,Spurs,1,6,90,0,0,1,0,0,11.6,1.0,14.0,2.7,5,4,1,6,1,0.59,0.01,0.60,0.94
575,Micky van de Ven,Spurs,2,6,90,0,0,1,0,0,12.6,0.7,0.0,1.3,3,3,1,4,1,0.00,0.00,0.00,1.55
575,Micky van de Ven,Spurs,3,1,90,0,0,0,1,0,24.0,2.2,0.0,2.6,9,6,0,9,1,0.00,0.01,0.01,1.59
575,Micky van de Ven,Spurs,4,14,79,1,0,1,0,0,46.0,10.9,23.0,8.0,4,2,1,5,1,0.09,0.00,0.09,0.60
575,Micky van de Ven,Spurs,5,1,90,0,0,0,0,0,12.6,2.3,2.0,1.7,1,3,2,3,1,0.00,0.01,0.01,1.32
575,Micky van de Ven,Spurs,6,2,90,0,0,0,0,0,16.6,12.2,11.0,4.0,5,5,1,6,1,0.01,0.13,0.14,1.15
575,Micky van de Ven,Spurs,7,2,90,0,0,0,0,0,14.8,0.3,0.0,1.5,4,4,2,6,1,0.00,0.00,0.00,1.68
575,Micky van de Ven,Spurs,8,0,90,0,0,0,1,0,11.0,1.3,4.0,1.6,4,5,0,4,1,0.10,0.01,0.11,0.32
575,Micky van de Ven,Spurs,9,23,90,2,0,1,0,0,82.0,1.6,66.0,15.0,10,2,0,10,1,1.07,0.07,1.14,1.53
576,Ashley Phillips,Spurs,1,0,0,0,0,0,0,0,0.0,0.0,0.0,0.0,0,0,0,0,0,0.00,0.00,0.00,0.00
576,Ashley Phillips,Spurs,2,0,0,0,0,0,0,0,0.0,0.0,0.0,0.0,0,0,0,0,0,0.00,0.00,0.00,0.00
576,Ashley Phillips,Spurs,3,0,0,0,0,0,0,0,0.0,0.0,0.0,0.0,0,0,0,0,0,0.00,0.00,0.00,0.00
576,Ashley Phillips,Spurs,4,0,0,0,0,0,0,0,0.0,0.0,0.0,0.0,0,0,0,0,0,0.00,0.00,0.00,0.00
576,Ashley Phillips,Spurs,5,0,0,0,0,0,0,0,0.0,0.0,0.0,0.0,0,0,0,0,0,0.00,0.00,0.00,0.00
576,Ashley Phillips,Spurs,6,0,0,0,0,0,0,0,0.0,0.0,0.0,0.0,0,0,0,0,0,0.00,0.00,0.00,0.00
576,Ashley Phillips,Spurs,7,0,0,0,0,0,0,0,0.0,0.0,0.0,0.0,0,0,0,0,0,0.00,0.00,0.00,0.00
576,Ashley Phillips,Spurs,8,0,0,0,0,0,0,0,0.0,0.0,0.0,0.0,0,0,0,0,0,0.00,0.00,0.00,0.00
576,Ashley Phillips,Spurs,9,0,0,0,0,0,0,0,0.0,0.0,0.0,0.0,0,0,0,0,0,0.00,0.00,0.00,0.00
577,Takai Kōta,Spurs,1,0,0,0,0,0,0,0,0.0,0.0,0.0,0.0,0,0,0,0,0,0.00,0.00,0.00,0.00
577,Takai Kōta,Spurs,2,0,0,0,0,0,0,0,0.0,0.0,0.0,0.0,0,0,0,0,0,0.00,0.00,0.00,0.00
577,Takai Kōta,Spurs,3,0,0,0,0,0,0,0,0.0,0.0,0.0,0.0,0,0,0,0,0,0.00,0.00,0.00,0.00
577,Takai Kōta,Spurs,4,0,0,0,0,0,0,0,0.0,0.0,0.0,0.0,0,0,0,0,0,0.00,0.00,0.00,0.00
577,Takai Kōta,Spurs,5,0,0,0,0,0,0,0,0.0,0.0,0.0,0.0,0,0,0,0,0,0.00,0.00,0.00,0.00
577,Takai Kōta,Spurs,6,0,0,0,0,0,0,0,0.0,0.0,0.0,0.0,0,0,0,0,0,0.00,0.00,0.00,0.00
577,Takai Kōta,Spurs,7,0,0,0,0,0,0,0,0.0,0.0,0.0,0.0,0,0,0,0,0,0.00,0.00,0.00,0.00
577,Takai Kōta,Spurs,8,0,0,0,0,0,0,0,0.0,0.0,0.0,0.0,0,0,0,0,0,0.00,0.00,0.00,0.00
577,Takai Kōta,Spurs,9,0,0,0,0,0,0,0,0.0,0.0,0.0,0.0,0,0,0,0,0,0.00,0.00,0.00,0.00
578,Luka Vušković,Spurs,1,0,0,0,0,0,0,0,0.0,0.0,0.0,0.0,0,0,0,0,0,0.00,0.00,0.00,0.00
578,Luka Vušković,Spurs,2,0,0,0,0,0,0,0,0.0,0.0,0.0,0.0,0,0,0,0,0,0.00,0.00,0.00,0.00
578,Luka Vušković,Spurs,3,0,0,0,0,0,0,0,0.0,0.0,0.0,0.0,0,0,0,0,0,0.00,0.00,0.00,0.00
578,Luka Vušković,Spurs,4,0,0,0,0,0,0,0,0.0,0.0,0.0,0.0,0,0,0,0,0,0.00,0.00,0.00,0.00
578,Luka Vušković,Spurs,5,0,0,0,0,0,0,0,0.0,0.0,0.0,0.0,0,0,0,0,0,0.00,0.00,0.00,0.00
578,Luka Vušković,Spurs,6,0,0,0,0,0,0,0,0.0,0.0,0.0,0.0,0,0,0,0,0,0.00,0.00,0.00,0.00
578,Luka Vušković,Spurs,7,0,0,0,0,0,0,0,0.0,0.0,0.0,0.0,0,0,0,0,0,0.00,0.00,0.00,0.00
578,Luka Vušković,Spurs,8,0,0,0,0,0,0,0,0.0,0.0,0.0,0.0,0,0,0,0,0,0.00,0.00,0.00,0.00
578,Luka Vušković,Spurs,9,0,0,0,0,0,0,0,0.0,0.0,0.0,0.0,0,0,0,0,0,0.00,0.00,0.00,0.00
579,Son Heung-min,Spurs,1,0,0,0,0,0,0,0,0.0,0.0,0.0,0.0,0,0,0,0,0,0.00,0.00,0.00,0.00
579,Son Heung-min,Spurs,2,0,0,0,0,0,0,0,0.0,0.0,0.0,0.0,0,0,0,0,0,0.00,0.00,0.00,0.00
579,Son Heung-min,Spurs,3,0,0,0,0,0,0,0,0.0,0.0,0.0,0.0,0,0,0,0,0,0.00,0.00,0.00,0.00
579,Son Heung-min,Spurs,4,0,0,0,0,0,0,0,0.0,0.0,0.0,0.0,0,0,0,0,0,0.00,0.00,0.00,0.00
579,Son Heung-min,Spurs,5,0,0,0,0,0,0,0,0.0,0.0,0.0,0.0,0,0,0,0,0,0.00,0.00,0.00,0.00
579,Son Heung-min,Spurs,6,0,0,0,0,0,0,0,0.0,0.0,0.0,0.0,0,0,0,0,0,0.00,0.00,0.00,0.00
579,Son Heung-min,Spurs,7,0,0,0,0,0,0,0,0.0,0.0,0.0,0.0,0,0,0,0,0,0.00,0.00,0.00,0.00
579,Son Heung-min,Spurs,8,0,0,0,0,0,0,0,0.0,0.0,0.0,0.0,0,0,0,0,0,0.00,0.00,0.00,0.00
579,Son Heung-min,Spurs,9,0,0,0,0,0,0,0,0.0,0.0,0.0,0.0,0,0,0,0,0,0.00,0.00,0.00,0.00
580,Brennan Johnson,Spurs,1,8,79,1,0,1,0,0,40.4,27.1,20.0,8.8,1,1,1,3,1,0.50,0.06,0.56,0.94
580,Brennan Johnson,Spurs,2,9,77,1,0,1,1,0,42.6,15.8,22.0,8.0,0,2,4,6,1,0.40,0.03,0.43,1.37
580,Brennan Johnson,Spurs,3,1,53,0,0,0,0,0,2.8,0.8,2.0,0.6,2,2,0,4,1,0.00,0.01,0.01,1.28
580,Brennan Johnson,Spurs,4,1,10,0,0,0,0,0,1.0,0.6,4.0,0.6,1,1,0,2,0,0.00,0.05,0.05,0.00
580,Brennan Johnson,Spurs,5,1,18,0,0,0,0,0,0.2,0.5,2.0,0.3,0,0,0,0,0,0.00,0.00,0.00,0.34
580,Brennan Johnson,Spurs,6,1,28,0,0,0,0,0,2.0,0.1,0.0,0.2,1,0,0,1,0,0.00,0.00,0.00,0.15
580,Brennan Johnson,Spurs,7,1,1,0,0,0,0,0,2.0,0.0,0.0,0.2,1,0,0,1,0,0.00,0.00,0.00,0.24
580,Brennan Johnson,Spurs,8,1,4,0,0,0,0,0,0.0,0.1,4.0,0.4,1,0,0,1,0,0.06,0.00,0.06,0.12
580,Brennan Johnson,Spurs,9,3,90,0,0,1,0,0,12.4,6.9,8.0,2.7,5,1,3,9,1,0.00,0.01,0.01,1.53
581,James Maddison,Spurs,1,0,0,0,0,0,0,0,0.0,0.0,0.0,0.0,0,0,0,0,0,0.00,0.00,0.00,0.00
581,James Maddison,Spurs,2,0,0,0,0,0,0,0,0.0,0.0,0.0,0.0,0,0,0,0,0,0.00,0.00,0.00,0.00
581,James Maddison,Spurs,3,0,0,0,0,0,0,0,0.0,0.0,0.0,0.0,0,0,0,0,0,0.00,0.00,0.00,0.00
581,James Maddison,Spurs,4,0,0,0,0,0,0,0,0.0,0.0,0.0,0.0,0,0,0,0,0,0.00,0.00,0.00,0.00
581,James Maddison,Spurs,5,0,0,0,0,0,0,0,0.0,0.0,0.0,0.0,0,0,0,0,0,0.00,0.00,0.00,0.00
581,James Maddison,Spurs,6,0,0,0,0,0,0,0,0.0,0.0,0.0,0.0,0,0,0,0,0,0.00,0.00,0.00,0.00
581,James Maddison,Spurs,7,0,0,0,0,0,0,0,0.0,0.0,0.0,0.0,0,0,0,0,0,0.00,0.00,0.00,0.00
581,James Maddison,Spurs,8,0,0,0,0,0,0,0,0.0,0.0,0.0,0.0,0,0,0,0,0,0.00,0.00,0.00,0.00
581,James Maddison,Spurs,9,0,0,0,0,0,0,0,0.0,0.0,0.0,0.0,0,0,0,0,0,0.00,0.00,0.00,0.00
582,Mohammed Kudus,Spurs,1,10,84,0,2,1,0,0,45.4,74.0,11.0,13.0,0,3,1,4,1,0.06,0.58,0.64,0.94
582,Mohammed Kudus,Spurs,2,3,85,0,0,1,0,0,11.4,18.9,2.0,3.2,0,6,3,9,1,0.00,0.09,0.09,1.55
582,Mohammed Kudus,Spurs,3,2,90,0,0,0,0,0,14.8,20.4,8.0,4.3,0,2,4,6,1,0.00,0.08,0.08,1.59
582,Mohammed Kudus,Spurs,4,3,90,0,0,1,0,0,10.2,31.8,36.0,7.8,0,3,0,3,1,0.47,0.11,0.58,0.60
582,Mohammed Kudus,Spurs,5,7,90,0,2,0,1,0,25.0,33.8,20.0,7.9,0,5,2,7,1,0.11,0.16,0.27,1.32
582,Mohammed Kudus,Spurs,6,2,90,0,0,0,0,0,22.2,23.4,52.0,9.8,0,6,3,9,1,0.38,0.08,0.46,1.15
582,Mohammed Kudus,Spurs,7,12,89,1,1,0,1,0,58.0,12.8,24.0,9.5,0,4,2,6,1,0.27,0.04,0.31,1.43
582,Mohammed Kudus,Spurs,8,2,90,0,0,0,0,0,11.2,40.1,8.0,5.9,1,6,2,9,1,0.00,0.07,0.07,0.32
582,Mohammed Kudus,Spurs,9,3,77,0,0,1,0,0,1.8,5.6,2.0,0.9,0,6,0,6,1,0.09,0.06,0.15,1.31
583,Dejan Kulusevski,Spurs,1,0,0,0,0,0,0,0,0.0,0.0,0.0,0.0,0,0,0,0,0,0.00,0.00,0.00,0.00
583,Dejan Kulusevski,Spurs,2,0,0,0,0,0,0,0,0.0,0.0,0.0,0.0,0,0,0,0,0,0.00,0.00,0.00,0.00
583,Dejan Kulusevski,Spurs,3,0,0,0,0,0,0,0,0.0,0.0,0.0,0.0,0,0,0,0,0,0.00,0.00,0.00,0.00
583,Dejan Kulusevski,Spurs,4,0,0,0,0,0,0,0,0.0,0.0,0.0,0.0,0,0,0,0,0,0.00,0.00,0.00,0.00
583,Dejan Kulusevski,Spurs,5,0,0,0,0,0,0,0,0.0,0.0,0.0,0.0,0,0,0,0,0,0.00,0.00,0.00,0.00
583,Dejan Kulusevski,Spurs,6,0,0,0,0,0,0,0,0.0,0.0,0.0,0.0,0,0,0,0,0,0.00,0.00,0.00,0.00
583,Dejan Kulusevski,Spurs,7,0,0,0,0,0,0,0,0.0,0.0,0.0,0.0,0,0,0,0,0,0.00,0.00,0.00,0.00
583,Dejan Kulusevski,Spurs,8,0,0,0,0,0,0,0,0.0,0.0,0.0,0.0,0,0,0,0,0,0.00,0.00,0.00,0.00
583,Dejan Kulusevski,Spurs,9,0,0,0,0,0,0,0,0.0,0.0,0.0,0.0,0,0,0,0,0,0.00,0.00,0.00,0.00
584,Mathys Tel,Spurs,1,1,5,0,0,0,0,0,0.0,0.1,0.0,0.0,0,0,0,0,0,0.00,0.00,0.00,0.00
584,Mathys Tel,Spurs,2,0,0,0,0,0,0,0,0.0,0.0,0.0,0.0,0,0,0,0,0,0.00,0.00,0.00,0.00
584,Mathys Tel,Spurs,3,1,14,0,0,0,0,0,4.6,0.3,1.0,0.6,0,2,3,5,0,0.05,0.00,0.05,0.00
584,Mathys Tel,Spurs,4,3,78,0,0,1,0,0,0.8,3.0,8.0,1.2,0,1,0,1,1,0.02,0.00,0.02,0.60
584,Mathys Tel,Spurs,5,0,0,0,0,0,0,0,0.0,0.0,0.0,0.0,0,0,0,0,0,0.00,0.00,0.00,0.00
584,Mathys Tel,Spurs,6,1,6,0,0,0,0,0,5.2,4.3,0.0,1.0,0,0,1,1,0,0.00,0.03,0.03,0.00
584,Mathys Tel,Spurs,7,9,72,1,0,0,0,0,33.2,1.3,21.0,5.6,2,3,0,5,1,0.12,0.01,0.13,1.41
584,Mathys Tel,Spurs,8,1,59,0,0,0,0,0,0.0,0.8,8.0,0.8,0,4,1,5,1,0.00,0.01,0.01,0.12
584,Mathys Tel,Spurs,9,1,1,0,0,0,0,0,0.0,0.0,0.0,0.0,0,0,0,0,0,0.00,0.00,0.00,0.00
585,Rodrigo Bentancur,Spurs,1,1,19,0,0,0,0,0,4.8,0.8,0.0,0.6,1,1,1,3,0,0.00,0.00,0.00,0.04
585,Rodrigo Bentancur,Spurs,2,3,90,0,0,1,0,0,11.4,12.2,2.0,2.6,3,6,2,11,1,0.00,0.00,0.00,1.55
585,Rodrigo Bentancur,Spurs,3,2,90,0,0,0,0,0,8.0,5.0,0.0,1.3,0,9,1,10,1,0.00,0.02,0.02,1.59
585,Rodrigo Bentancur,Spurs,4,0,0,0,0,0,0,0,0.0,0.0,0.0,0.0,0,0,0,0,0,0.00,0.00,0.00,0.00
585,Rodrigo Bentancur,Spurs,5,2,60,0,0,0,0,0,10.0,27.3,8.0,4.5,1,5,1,7,1,0.00,0.31,0.31,0.90
585,Rodrigo Bentancur,Spurs,6,2,61,0,0,0,0,0,12.8,3.5,9.0,2.5,3,5,3,11,1,0.06,0.03,0.09,1.00
585,Rodrigo Bentancur,Spurs,7,4,90,0,0,0,0,0,12.2,1.7,1.0,1.5,7,3,2,12,1,0.02,0.01,0.03,1.68
585,Rodrigo Bentancur,Spurs,8,12,85,1,0,0,0,0,55.2,12.6,19.0,8.7,6,3,3,12,1,0.12,0.01,0.13,0.19
585,Rodrigo Bentancur,Spurs,9,8,90,0,1,1,0,0,20.8,11.1,16.0,4.8,4,7,1,12,1,0.14,0.01,0.15,1.53
586,Lucas Bergvall,Spurs,1,3,79,0,0,1,0,0,10.4,3.3,33.0,4.7,1,1,2,4,1,0.12,0.01,0.13,0.94
586,Lucas Bergvall,Spurs,2,1,4,0,0,0,0,0,8.0,10.5,2.0,2.1,3,0,0,3,0,0.00,0.05,0.05,0.00
586,Lucas Bergvall,Spurs,3,1,36,0,0,0,0,0,5.2,1.8,19.0,2.6,0,1,1,2,0,0.06,0.01,0.07,0.30
586,Lucas Bergvall,Spurs,4,11,79,1,1,1,0,0,55.2,13.8,23.0,9.2,0,3,2,5,1,0.12,0.06,0.18,0.60
586,Lucas Bergvall,Spurs,5,4,88,0,0,0,0,0,7.6,4.8,4.0,1.6,2,8,3,13,1,0.00,0.01,0.01,1.32
586,Lucas Bergvall,Spurs,6,1,77,0,0,0,1,0,0.2,5.8,12.0,1.8,3,3,1,7,1,0.29,0.09,0.38,1.15
586,Lucas Bergvall,Spurs,7,0,0,0,0,0,0,0,0.0,0.0,0.0,0.0,0,0,0,0,0,0.00,0.00,0.00,0.00
586,Lucas Bergvall,Spurs,8,1,11,0,0,0,0,0,4.2,1.4,0.0,0.6,1,0,2,3,0,0.00,0.00,0.00,0.12
586,Lucas Bergvall,Spurs,9,1,29,0,0,0,0,0,1.4,0.2,0.0,0.2,0,1,2,3,0,0.00,0.00,0.00,0.45
587,Yves Bissouma,Spurs,1,0,0,0,0,0,0,0,0.0,0.0,0.0,0.0,0,0,0,0,0,0.00,0.00,0.00,0.00
587,Yves Bissouma,Spurs,2,0,0,0,0,0,0,0,0.0,0.0,0.0,0.0,0,0,0,0,0,0.00,0.00,0.00,0.00
587,Yves Bissouma,Spurs,3,0,0,0,0,0,0,0,0.0,0.0,0.0,0.0,0,0,0,0,0,0.00,0.00,0.00,0.00
587,Yves Bissouma,Spurs,4,0,0,0,0,0,0,0,0.0,0.0,0.0,0.0,0,0,0,0,0,0.00,0.00,0.00,0.00
587,Yves Bissouma,Spurs,5,0,0,0,0,0,0,0,0.0,0.0,0.0,0.0,0,0,0,0,0,0.00,0.00,0.00,0.00
587,Yves Bissouma,Spurs,6,0,0,0,0,0,0,0,0.0,0.0,0.0,0.0,0,0,0,0,0,0.00,0.00,0.00,0.00
587,Yves Bissouma,Spurs,7,0,0,0,0,0,0,0,0.0,0.0,0.0,0.0,0,0,0,0,0,0.00,0.00,0.00,0.00
587,Yves Bissouma,Spurs,8,0,0,0,0,0,0,0,0.0,0.0,0.0,0.0,0,0,0,0,0,0.00,0.00,0.00,0.00
587,Yves Bissouma,Spurs,9,0,0,0,0,0,0,0,0.0,0.0,0.0,0.0,0,0,0,0,0,0.00,0.00,0.00,0.00
588,Wilson Odobert,Spurs,1,1,10,0,0,0,0,0,2.2,10.5,0.0,1.3,0,1,0,1,0,0.00,0.01,0.01,0.00
588,Wilson Odobert,Spurs,2,1,12,0,0,0,0,0,2.4,0.3,21.0,2.4,0,2,0,2,0,0.25,0.00,0.25,0.18
588,Wilson Odobert,Spurs,3,1,36,0,0,0,0,0,1.8,2.0,8.0,1.2,1,1,0,2,0,0.05,0.02,0.07,0.30
588,Wilson Odobert,Spurs,4,1,11,0,0,0,0,0,2.4,2.6,0.0,0.5,0,0,1,1,0,0.00,0.01,0.01,0.00
588,Wilson Odobert,Spurs,5,2,71,0,0,0,0,0,0.0,7.8,12.0,1.8,0,4,0,4,1,0.11,0.10,0.21,0.98
588,Wilson Odobert,Spurs,6,1,12,0,0,0,0,0,4.6,1.1,0.0,0.6,0,0,1,1,0,0.00,0.01,0.01,0.00
588,Wilson Odobert,Spurs,7,2,84,0,0,0,0,0,8.2,16.5,4.0,2.9,1,3,1,5,1,0.00,0.12,0.12,1.43
588,Wilson Odobert,Spurs,8,2,78,0,0,0,0,0,8.0,16.5,41.0,6.6,1,3,0,4,1,0.26,0.16,0.42,0.19
588,Wilson Odobert,Spurs,9,0,0,0,0,0,0,0,0.0,0.0,0.0,0.0,0,0,0,0,0,0.00,0.00,0.00,0.00
589,Manor Solomon,Spurs,1,0,0,0,0,0,0,0,0.0,0.0,0.0,0.0,0,0,0,0,0,0.00,0.00,0.00,0.00
589,Manor Solomon,Spurs,2,0,0,0,0,0,0,0,0.0,0.0,0.0,0.0,0,0,0,0,0,0.00,0.00,0.00,0.00
589,Manor Solomon,Spurs,3,0,0,0,0,0,0,0,0.0,0.0,0.0,0.0,0,0,0,0,0,0.00,0.00,0.00,0.00
589,Manor Solomon,Spurs,4,0,0,0,0,0,0,0,0.0,0.0,0.0,0.0,0,0,0,0,0,0.00,0.00,0.00,0.00
589,Manor Solomon,Spurs,5,0,0,0,0,0,0,0,0.0,0.0,0.0,0.0,0,0,0,0,0,0.00,0.00,0.00,0.00
589,Manor Solomon,Spurs,6,0,0,0,0,0,0,0,0.0,0.0,0.0,0.0,0,0,0,0,0,0.00,0.00,0.00,0.00
589,Manor Solomon,Spurs,7,0,0,0,0,0,0,0,0.0,0.0,0.0,0.0,0,0,0,0,0,0.00,0.00,0.00,0.00
589,Manor Solomon,Spurs,8,0,0,0,0,0,0,0,0.0,0.0,0.0,0.0,0,0,0,0,0,0.00,0.00,0.00,0.00
589,Manor Solomon,Spurs,9,0,0,0,0,0,0,0,0.0,0.0,0.0,0.0,0,0,0,0,0,0.00,0.00,0.00,0.00
590,Bryan Gil Salvatierra,Spurs,1,0,0,0,0,0,0,0,0.0,0.0,0.0,0.0,0,0,0,0,0,0.00,0.00,0.00,0.00
590,Bryan Gil Salvatierra,Spurs,2,0,0,0,0,0,0,0,0.0,0.0,0.0,0.0,0,0,0,0,0,0.00,0.00,0.00,0.00
590,Bryan Gil Salvatierra,Spurs,3,0,0,0,0,0,0,0,0.0,0.0,0.0,0.0,0,0,0,0,0,0.00,0.00,0.00,0.00
590,Bryan Gil Salvatierra,Spurs,4,0,0,0,0,0,0,0,0.0,0.0,0.0,0.0,0,0,0,0,0,0.00,0.00,0.00,0.00
590,Bryan Gil Salvatierra,Spurs,5,0,0,0,0,0,0,0,0.0,0.0,0.0,0.0,0,0,0,0,0,0.00,0.00,0.00,0.00
590,Bryan Gil Salvatierra,Spurs,6,0,0,0,0,0,0,0,0.0,0.0,0.0,0.0,0,0,0,0,0,0.00,0.00,0.00,0.00
590,Bryan Gil Salvatierra,Spurs,7,0,0,0,0,0,0,0,0.0,0.0,0.0,0.0,0,0,0,0,0,0.00,0.00,0.00,0.00
590,Bryan Gil Salvatierra,Spurs,8,0,0,0,0,0,0,0,0.0,0.0,0.0,0.0,0,0,0,0,0,0.00,0.00,0.00,0.00
590,Bryan Gil Salvatierra,Spurs,9,0,0,0,0,0,0,0,0.0,0.0,0.0,0.0,0,0,0,0,0,0.00,0.00,0.00,0.00
591,Archie Gray,Spurs,1,3,70,0,0,1,0,0,3.6,3.0,2.0,0.9,2,5,1,8,1,0.00,0.05,0.05,0.89
591,Archie Gray,Spurs,2,0,0,0,0,0,0,0,0.0,0.0,0.0,0.0,0,0,0,0,0,0.00,0.00,0.00,0.00
591,Archie Gray,Spurs,3,0,0,0,0,0,0,0,0.0,0.0,0.0,0.0,0,0,0,0,0,0.00,0.00,0.00,0.00
591,Archie Gray,Spurs,4,0,0,0,0,0,0,0,0.0,0.0,0.0,0.0,0,0,0,0,0,0.00,0.00,0.00,0.00
591,Archie Gray,Spurs,5,1,1,0,0,0,0,0,2.4,10.2,0.0,1.3,0,0,0,0,0,0.00,0.00,0.00,0.00
591,Archie Gray,Spurs,6,0,0,0,0,0,0,0,0.0,0.0,0.0,0.0,0,0,0,0,0,0.00,0.00,0.00,0.00
591,Archie Gray,Spurs,7,0,0,0,0,0,0,0,0.0,0.0,0.0,0.0,0,0,0,0,0,0.00,0.00,0.00,0.00
591,Archie Gray,Spurs,8,0,0,0,0,0,0,0,0.0,0.0,0.0,0.0,0,0,0,0,0,0.00,0.00,0.00,0.00
591,Archie Gray,Spurs,9,0,0,0,0,0,0,0,0.0,0.0,0.0,0.0,0,0,0,0,0,0.00,0.00,0.00,0.00
592,Mikey Moore,Spurs,1,0,0,0,0,0,0,0,0.0,0.0,0.0,0.0,0,0,0,0,0,0.00,0.00,0.00,0.00
592,Mikey Moore,Spurs,2,0,0,0,0,0,0,0,0.0,0.0,0.0,0.0,0,0,0,0,0,0.00,0.00,0.00,0.00
592,Mikey Moore,Spurs,3,0,0,0,0,0,0,0,0.0,0.0,0.0,0.0,0,0,0,0,0,0.00,0.00,0.00,0.00
592,Mikey Moore,Spurs,4,0,0,0,0,0,0,0,0.0,0.0,0.0,0.0,0,0,0,0,0,0.00,0.00,0.00,0.00
592,Mikey Moore,Spurs,5,0,0,0,0,0,0,0,0.0,0.0,0.0,0.0,0,0,0,0,0,0.00,0.00,0.00,0.00
592,Mikey Moore,Spurs,6,0,0,0,0,0,0,0,0.0,0.0,0.0,0.0,0,0,0,0,0,0.00,0.00,0.00,0.00
592,Mikey Moore,Spurs,7,0,0,0,0,0,0,0,0.0,0.0,0.0,0.0,0,0,0,0,0,0.00,0.00,0.00,0.00
592,Mikey Moore,Spurs,8,0,0,0,0,0,0,0,0.0,0.0,0.0,0.0,0,0,0,0,0,0.00,0.00,0.00,0.00
592,Mikey Moore,Spurs,9,0,0,0,0,0,0,0,0.0,0.0,0.0,0.0,0,0,0,0,0,0.00,0.00,0.00,0.00
593,Pape Matar Sarr,Spurs,1,6,90,0,1,1,0,0,33.2,18.7,2.0,5.4,4,4,2,10,1,0.00,0.22,0.22,0.94
593,Pape Matar Sarr,Spurs,2,3,90,0,0,1,0,0,6.2,1.5,19.0,2.7,1,6,2,9,1,0.03,0.01,0.04,1.55
593,Pape Matar Sarr,Spurs,3,2,75,0,0,0,0,0,4.2,1.0,2.0,0.7,4,2,0,6,1,0.00,0.00,0.00,1.59
593,Pape Matar Sarr,Spurs,4,8,90,1,0,1,0,0,37.6,4.3,45.0,8.7,2,5,0,7,1,0.28,0.03,0.31,0.60
593,Pape Matar Sarr,Spurs,5,0,0,0,0,0,0,0,0.0,0.0,0.0,0.0,0,0,0,0,0,0.00,0.00,0.00,0.00
593,Pape Matar Sarr,Spurs,6,4,12,0,1,0,0,0,17.6,12.2,2.0,3.2,1,2,0,3,0,0.00,0.03,0.03,0.00
593,Pape Matar Sarr,Spurs,7,1,17,0,0,0,0,0,6.4,0.7,0.0,0.7,1,1,2,4,0,0.00,0.00,0.00,0.27
593,Pape Matar Sarr,Spurs,8,1,4,0,0,0,0,0,0.0,0.0,0.0,0.0,0,1,0,1,0,0.00,0.00,0.00,0.12
593,Pape Matar Sarr,Spurs,9,6,12,1,0,0,0,0,0.0,0.0,0.0,0.0,1,1,0,2,0,0.42,0.00,0.42,0.22
594,Yang Min-hyeok,Spurs,1,0,0,0,0,0,0,0,0.0,0.0,0.0,0.0,0,0,0,0,0,0.00,0.00,0.00,0.00
594,Yang Min-hyeok,Spurs,2,0,0,0,0,0,0,0,0.0,0.0,0.0,0.0,0,0,0,0,0,0.00,0.00,0.00,0.00
594,Yang Min-hyeok,Spurs,3,0,0,0,0,0,0,0,0.0,0.0,0.0,0.0,0,0,0,0,0,0.00,0.00,0.00,0.00
594,Yang Min-hyeok,Spurs,4,0,0,0,0,0,0,0,0.0,0.0,0.0,0.0,0,0,0,0,0,0.00,0.00,0.00,0.00
594,Yang Min-hyeok,Spurs,5,0,0,0,0,0,0,0,0.0,0.0,0.0,0.0,0,0,0,0,0,0.00,0.00,0.00,0.00
594,Yang Min-hyeok,Spurs,6,0,0,0,0,0,0,0,0.0,0.0,0.0,0.0,0,0,0,0,0,0.00,0.00,0.00,0.00
594,Yang Min-hyeok,Spurs,7,0,0,0,0,0,0,0,0.0,0.0,0.0,0.0,0,0,0,0,0,0.00,0.00,0.00,0.00
594,Yang Min-hyeok,Spurs,8,0,0,0,0,0,0,0,0.0,0.0,0.0,0.0,0,0,0,0,0,0.00,0.00,0.00,0.00
594,Yang Min-hyeok,Spurs,9,0,0,0,0,0,0,0,0.0,0.0,0.0,0.0,0,0,0,0,0,0.00,0.00,0.00,0.00
595,Callum Olusesi,Spurs,1,0,0,0,0,0,0,0,0.0,0.0,0.0,0.0,0,0,0,0,0,0.00,0.00,0.00,0.00
595,Callum Olusesi,Spurs,2,0,0,0,0,0,0,0,0.0,0.0,0.0,0.0,0,0,0,0,0,0.00,0.00,0.00,0.00
595,Callum Olusesi,Spurs,3,0,0,0,0,0,0,0,0.0,0.0,0.0,0.0,0,0,0,0,0,0.00,0.00,0.00,0.00
595,Callum Olusesi,Spurs,4,0,0,0,0,0,0,0,0.0,0.0,0.0,0.0,0,0,0,0,0,0.00,0.00,0.00,0.00
595,Callum Olusesi,Spurs,5,0,0,0,0,0,0,0,0.0,0.0,0.0,0.0,0,0,0,0,0,0.00,0.00,0.00,0.00
595,Callum Olusesi,Spurs,6,0,0,0,0,0,0,0,0.0,0.0,0.0,0.0,0,0,0,0,0,0.00,0.00,0.00,0.00
595,Callum Olusesi,Spurs,7,0,0,0,0,0,0,0,0.0,0.0,0.0,0.0,0,0,0,0,0,0.00,0.00,0.00,0.00
595,Callum Olusesi,Spurs,8,0,0,0,0,0,0,0,0.0,0.0,0.0,0.0,0,0,0,0,0,0.00,0.00,0.00,0.00
595,Callum Olusesi,Spurs,9,0,0,0,0,0,0,0,0.0,0.0,0.0,0.0,0,0,0,0,0,0.00,0.00,0.00,0.00
596,Dominic Solanke-Mitchell,Spurs,1,1,19,0,0,0,0,0,2.0,0.3,6.0,0.8,1,0,1,2,0,0.08,0.00,0.08,0.04
596,Dominic Solanke-Mitchell,Spurs,2,1,12,0,0,0,0,0,4.0,0.0,19.0,2.3,1,0,0,1,0,0.12,0.00,0.12,0.18
596,Dominic Solanke-Mitchell,Spurs,3,0,0,0,0,0,0,0,0.0,0.0,0.0,0.0,0,0,0,0,0,0.00,0.00,0.00,0.00
596,Dominic Solanke-Mitchell,Spurs,4,0,0,0,0,0,0,0,0.0,0.0,0.0,0.0,0,0,0,0,0,0.00,0.00,0.00,0.00
596,Dominic Solanke-Mitchell,Spurs,5,0,0,0,0,0,0,0,0.0,0.0,0.0,0.0,0,0,0,0,0,0.00,0.00,0.00,0.00
596,Dominic Solanke-Mitchell,Spurs,6,0,0,0,0,0,0,0,0.0,0.0,0.0,0.0,0,0,0,0,0,0.00,0.00,0.00,0.00
596,Dominic Solanke-Mitchell,Spurs,7,0,0,0,0,0,0,0,0.0,0.0,0.0,0.0,0,0,0,0,0,0.00,0.00,0.00,0.00
596,Dominic Solanke-Mitchell,Spurs,8,0,0,0,0,0,0,0,0.0,0.0,0.0,0.0,0,0,0,0,0,0.00,0.00,0.00,0.00
596,Dominic Solanke-Mitchell,Spurs,9,0,0,0,0,0,0,0,0.0,0.0,0.0,0.0,0,0,0,0,0,0.00,0.00,0.00,0.00
597,Richarlison de Andrade,Spurs,1,13,71,2,0,1,0,0,73.6,0.5,80.0,15.4,3,2,0,5,1,0.78,0.01,0.79,0.89
597,Richarlison de Andrade,Spurs,2,4,77,0,1,1,1,0,17.0,10.8,23.0,5.1,2,4,2,8,1,0.10,0.11,0.21,1.37
597,Richarlison de Andrade,Spurs,3,2,90,0,0,0,0,0,12.2,11.8,10.0,3.4,4,0,0,4,1,0.00,0.01,0.01,1.59
597,Richarlison de Andrade,Spurs,4,1,19,0,0,0,0,0,2.0,10.3,2.0,1.4,0,0,0,0,0,0.00,0.00,0.00,0.00
597,Richarlison de Andrade,Spurs,5,9,90,1,0,0,0,0,36.6,14.9,75.0,12.7,0,2,1,3,1,0.76,0.05,0.81,1.32
597,Richarlison de Andrade,Spurs,6,2,90,0,0,0,0,0,2.4,0.8,6.0,0.9,2,2,0,4,1,0.02,0.01,0.03,1.15
597,Richarlison de Andrade,Spurs,7,1,16,0,0,0,0,0,0.2,0.1,5.0,0.5,3,3,0,6,0,0.03,0.00,0.03,0.27
597,Richarlison de Andrade,Spurs,8,1,30,0,0,0,0,0,4.2,10.6,4.0,1.9,1,1,0,2,0,0.00,0.11,0.11,0.19
597,Richarlison de Andrade,Spurs,9,4,28,0,1,0,0,0,7.2,0.3,17.0,2.5,4,1,1,6,0,0.36,0.27,0.63,0.45
598,Will Lankshear,Spurs,1,0,0,0,0,0,0,0,0.0,0.0,0.0,0.0,0,0,0,0,0,0.00,0.00,0.00,0.00
598,Will Lankshear,Spurs,2,0,0,0,0,0,0,0,0.0,0.0,0.0,0.0,0,0,0,0,0,0.00,0.00,0.00,0.00
598,Will Lankshear,Spurs,3,0,0,0,0,0,0,0,0.0,0.0,0.0,0.0,0,0,0,0,0,0.00,0.00,0.00,0.00
598,Will Lankshear,Spurs,4,0,0,0,0,0,0,0,0.0,0.0,0.0,0.0,0,0,0,0,0,0.00,0.00,0.00,0.00
598,Will Lankshear,Spurs,5,0,0,0,0,0,0,0,0.0,0.0,0.0,0.0,0,0,0,0,0,0.00,0.00,0.00,0.00
598,Will Lankshear,Spurs,6,0,0,0,0,0,0,0,0.0,0.0,0.0,0.0,0,0,0,0,0,0.00,0.00,0.00,0.00
598,Will Lankshear,Spurs,7,0,0,0,0,0,0,0,0.0,0.0,0.0,0.0,0,0,0,0,0,0.00,0.00,0.00,0.00
598,Will Lankshear,Spurs,8,0,0,0,0,0,0,0,0.0,0.0,0.0,0.0,0,0,0,0,0,0.00,0.00,0.00,0.00
598,Will Lankshear,Spurs,9,0,0,0,0,0,0,0,0.0,0.0,0.0,0.0,0,0,0,0,0,0.00,0.00,0.00,0.00
599,Dane Scarlett,Spurs,1,0,0,0,0,0,0,0,0.0,0.0,0.0,0.0,0,0,0,0,0,0.00,0.00,0.00,0.00
599,Dane Scarlett,Spurs,2,0,0,0,0,0,0,0,0.0,0.0,0.0,0.0,0,0,0,0,0,0.00,0.00,0.00,0.00
599,Dane Scarlett,Spurs,3,0,0,0,0,0,0,0,0.0,0.0,0.0,0.0,0,0,0,0,0,0.00,0.00,0.00,0.00
599,Dane Scarlett,Spurs,4,0,0,0,0,0,0,0,0.0,0.0,0.0,0.0,0,0,0,0,0,0.00,0.00,0.00,0.00
599,Dane Scarlett,Spurs,5,0,0,0,0,0,0,0,0.0,0.0,0.0,0.0,0,0,0,0,0,0.00,0.00,0.00,0.00
599,Dane Scarlett,Spurs,6,0,0,0,0,0,0,0,0.0,0.0,0.0,0.0,0,0,0,0,0,0.00,0.00,0.00,0.00
599,Dane Scarlett,Spurs,7,0,0,0,0,0,0,0,0.0,0.0,0.0,0.0,0,0,0,0,0,0.00,0.00,0.00,0.00
599,Dane Scarlett,Spurs,8,0,0,0,0,0,0,0,0.0,0.0,0.0,0.0,0,0,0,0,0,0.00,0.00,0.00,0.00
599,Dane Scarlett,Spurs,9,0,0,0,0,0,0,0,0.0,0.0,0.0,0.0,0,0,0,0,0,0.00,0.00,0.00,0.00
673,João Maria Lobo Alves Palhares Costa Palhinha Gonçalves,Spurs,1,1,10,0,0,0,0,0,0.2,0.6,0.0,0.1,0,0,0,0,0,0.00,0.00,0.00,0.00
673,João Maria Lobo Alves Palhares Costa Palhinha Gonçalves,Spurs,2,11,90,1,0,1,0,0,49.8,0.7,19.0,7.0,3,2,4,9,1,0.14,0.00,0.14,1.55
673,João Maria Lobo Alves Palhares Costa Palhinha Gonçalves,Spurs,3,1,53,0,0,0,0,0,6.8,3.2,2.0,1.2,2,2,2,6,1,0.00,0.01,0.01,1.28
673,João Maria Lobo Alves Palhares Costa Palhinha Gonçalves,Spurs,4,3,90,0,0,1,0,0,14.2,4.2,18.0,3.6,0,1,6,7,1,0.22,0.03,0.25,0.60
673,João Maria Lobo Alves Palhares Costa Palhinha Gonçalves,Spurs,5,4,90,0,0,0,0,0,21.8,5.1,0.0,2.7,3,4,7,14,1,0.00,0.02,0.02,1.32
673,João Maria Lobo Alves Palhares Costa Palhinha Gonçalves,Spurs,6,9,90,1,0,0,1,0,45.6,11.0,12.0,6.9,3,4,4,11,1,0.08,0.01,0.09,1.15
673,João Maria Lobo Alves Palhares Costa Palhinha Gonçalves,Spurs,7,1,90,0,0,0,1,0,7.6,2.8,5.0,1.5,4,1,2,7,1,0.10,0.01,0.11,1.68
673,João Maria Lobo Alves Palhares Costa Palhinha Gonçalves,Spurs,8,9,90,0,1,0,0,0,43.8,11.8,14.0,7.0,3,3,10,16,1,0.07,0.22,0.29,0.32
673,João Maria Lobo Alves Palhares Costa Palhinha Gonçalves,Spurs,9,5,90,0,0,1,0,0,21.0,3.6,0.0,2.5,6,4,4,14,1,0.00,0.01,0.01,1.53
717,Xavi Simons,Spurs,4,6,70,0,1,1,0,0,18.4,19.7,1.0,3.9,0,2,1,3,1,0.03,0.08,0.11,0.60
717,Xavi Simons,Spurs,5,1,29,0,0,0,0,0,3.2,12.3,24.0,4.0,0,1,0,1,0,0.25,0.06,0.31,0.42
717,Xavi Simons,Spurs,6,1,77,0,0,0,1,0,12.4,25.8,2.0,4.0,3,7,0,10,1,0.00,0.24,0.24,1.15
717,Xavi Simons,Spurs,7,2,73,0,0,0,0,0,5.0,25.3,2.0,3.2,0,3,0,3,1,0.00,0.17,0.17,1.41
717,Xavi Simons,Spurs,8,2,78,0,0,0,0,0,11.8,14.3,0.0,2.6,3,3,4,10,1,0.00,0.03,0.03,0.19
717,Xavi Simons,Spurs,9,3,60,0,0,1,0,0,4.6,2.3,4.0,1.1,0,4,2,6,1,0.00,0.02,0.02,1.08
726,Randal Kolo Muani,Spurs,4,0,0,0,0,0,0,0,0.0,0.0,0.0,0.0,0,0,0,0,0,0.00,0.00,0.00,0.00
726,Randal Kolo Muani,Spurs,5,0,0,0,0,0,0,0,0.0,0.0,0.0,0.0,0,0,0,0,0,0.00,0.00,0.00,0.00
726,Randal Kolo Muani,Spurs,6,0,0,0,0,0,0,0,0.0,0.0,0.0,0.0,0,0,0,0,0,0.00,0.00,0.00,0.00
726,Randal Kolo Muani,Spurs,7,0,0,0,0,0,0,0,0.0,0.0,0.0,0.0,0,0,0,0,0,0.00,0.00,0.00,0.00
726,Randal Kolo Muani,Spurs,8,1,11,0,0,0,0,0,0.0,0.0,4.0,0.1,0,0,0,0,0,0.13,0.00,0.13,0.12
726,Randal Kolo Muani,Spurs,9,2,61,0,0,1,0,0,2.6,10.8,2.0,1.5,1,4,1,6,1,0.00,0.02,0.02,1.08
745,Jun'ai Byfield,Spurs,8,0,0,0,0,0,0,0,0.0,0.0,0.0,0.0,0,0,0,0,0,0.00,0.00,0.00,0.00
745,Jun'ai Byfield,Spurs,9,0,0,0,0,0,0,0,0.0,0.0,0.0,0.0,0,0,0,0,0,0.00,0.00,0.00,0.00
149,Igor Julio dos Santos de Paulo,West Ham,1,0,0,0,0,0,0,0,0.0,0.0,0.0,0.0,0,0,0,0,0,0.00,0.00,0.00,0.00
149,Igor Julio dos Santos de Paulo,West Ham,2,0,0,0,0,0,0,0,0.0,0.0,0.0,0.0,0,0,0,0,0,0.00,0.00,0.00,0.00
149,Igor Julio dos Santos de Paulo,West Ham,3,0,0,0,0,0,0,0,0.0,0.0,0.0,0.0,0,0,0,0,0,0.00,0.00,0.00,0.00
149,Igor Julio dos Santos de Paulo,West Ham,4,0,0,0,0,0,0,0,0.0,0.0,0.0,0.0,0,0,0,0,0,0.00,0.00,0.00,0.00
149,Igor Julio dos Santos de Paulo,West Ham,5,0,0,0,0,0,0,0,0.0,0.0,0.0,0.0,0,0,0,0,0,0.00,0.00,0.00,0.00
149,Igor Julio dos Santos de Paulo,West Ham,6,1,1,0,0,0,0,0,0.0,0.0,0.0,0.0,0,0,0,0,0,0.00,0.00,0.00,0.00
149,Igor Julio dos Santos de Paulo,West Ham,7,0,0,0,0,0,0,0,0.0,0.0,0.0,0.0,0,0,0,0,0,0.00,0.00,0.00,0.00
149,Igor Julio dos Santos de Paulo,West Ham,8,0,0,0,0,0,0,0,0.0,0.0,0.0,0.0,0,0,0,0,0,0.00,0.00,0.00,0.00
149,Igor Julio dos Santos de Paulo,West Ham,9,0,0,0,0,0,0,0,0.0,0.0,0.0,0.0,0,0,0,0,0,0.00,0.00,0.00,0.00
600,Alphonse Areola,West Ham,1,0,0,0,0,0,0,0,0.0,0.0,0.0,0.0,0,0,0,0,0,0.00,0.00,0.00,0.00
600,Alphonse Areola,West Ham,2,0,0,0,0,0,0,0,0.0,0.0,0.0,0.0,0,0,0,0,0,0.00,0.00,0.00,0.00
600,Alphonse Areola,West Ham,3,0,0,0,0,0,0,0,0.0,0.0,0.0,0.0,0,0,0,0,0,0.00,0.00,0.00,0.00
600,Alphonse Areola,West Ham,4,0,0,0,0,0,0,0,0.0,0.0,0.0,0.0,0,0,0,0,0,0.00,0.00,0.00,0.00
600,Alphonse Areola,West Ham,5,1,90,0,0,0,0,0,13.2,0.0,0.0,1.3,2,7,0,0,1,0.00,0.00,0.00,2.31
600,Alphonse Areola,West Ham,6,3,90,0,0,0,0,0,40.0,0.0,0.0,4.0,2,9,0,0,1,0.00,0.00,0.00,0.73
600,Alphonse Areola,West Ham,7,2,90,0,0,0,0,0,25.8,0.0,0.0,2.6,2,3,0,0,1,0.00,0.00,0.00,2.77
600,Alphonse Areola,West Ham,8,2,90,0,0,0,0,0,34.6,0.0,0.0,3.5,0,12,0,0,1,0.00,0.00,0.00,2.31
600,Alphonse Areola,West Ham,9,2,90,0,0,0,0,0,22.0,0.0,0.0,2.2,0,8,0,0,1,0.00,0.00,0.00,1.49
601,Wes Foderingham,West Ham,1,0,0,0,0,0,0,0,0.0,0.0,0.0,0.0,0,0,0,0,0,0.00,0.00,0.00,0.00
601,Wes Foderingham,West Ham,2,0,0,0,0,0,0,0,0.0,0.0,0.0,0.0,0,0,0,0,0,0.00,0.00,0.00,0.00
601,Wes Foderingham,West Ham,3,0,0,0,0,0,0,0,0.0,0.0,0.0,0.0,0,0,0,0,0,0.00,0.00,0.00,0.00
601,Wes Foderingham,West Ham,4,0,0,0,0,0,0,0,0.0,0.0,0.0,0.0,0,0,0,0,0,0.00,0.00,0.00,0.00
601,Wes Foderingham,West Ham,5,0,0,0,0,0,0,0,0.0,0.0,0.0,0.0,0,0,0,0,0,0.00,0.00,0.00,0.00
601,Wes Foderingham,West Ham,6,0,0,0,0,0,0,0,0.0,0.0,0.0,0.0,0,0,0,0,0,0.00,0.00,0.00,0.00
601,Wes Foderingham,West Ham,7,0,0,0,0,0,0,0,0.0,0.0,0.0,0.0,0,0,0,0,0,0.00,0.00,0.00,0.00
601,Wes Foderingham,West Ham,8,0,0,0,0,0,0,0,0.0,0.0,0.0,0.0,0,0,0,0,0,0.00,0.00,0.00,0.00
601,Wes Foderingham,West Ham,9,0,0,0,0,0,0,0,0.0,0.0,0.0,0.0,0,0,0,0,0,0.00,0.00,0.00,0.00
602,Krisztián Hegyi,West Ham,1,0,0,0,0,0,0,0,0.0,0.0,0.0,0.0,0,0,0,0,0,0.00,0.00,0.00,0.00
602,Krisztián Hegyi,West Ham,2,0,0,0,0,0,0,0,0.0,0.0,0.0,0.0,0,0,0,0,0,0.00,0.00,0.00,0.00
602,Krisztián Hegyi,West Ham,3,0,0,0,0,0,0,0,0.0,0.0,0.0,0.0,0,0,0,0,0,0.00,0.00,0.00,0.00
602,Krisztián Hegyi,West Ham,4,0,0,0,0,0,0,0,0.0,0.0,0.0,0.0,0,0,0,0,0,0.00,0.00,0.00,0.00
602,Krisztián Hegyi,West Ham,5,0,0,0,0,0,0,0,0.0,0.0,0.0,0.0,0,0,0,0,0,0.00,0.00,0.00,0.00
602,Krisztián Hegyi,West Ham,6,0,0,0,0,0,0,0,0.0,0.0,0.0,0.0,0,0,0,0,0,0.00,0.00,0.00,0.00
602,Krisztián Hegyi,West Ham,7,0,0,0,0,0,0,0,0.0,0.0,0.0,0.0,0,0,0,0,0,0.00,0.00,0.00,0.00
602,Krisztián Hegyi,West Ham,8,0,0,0,0,0,0,0,0.0,0.0,0.0,0.0,0,0,0,0,0,0.00,0.00,0.00,0.00
602,Krisztián Hegyi,West Ham,9,0,0,0,0,0,0,0,0.0,0.0,0.0,0.0,0,0,0,0,0,0.00,0.00,0.00,0.00
603,El Hadji Malick Diouf,West Ham,1,1,90,0,0,0,0,0,10.8,30.7,10.0,5.2,3,3,0,3,1,0.16,0.07,0.23,0.68
603,El Hadji Malick Diouf,West Ham,2,3,90,0,1,0,0,0,20.6,12.7,2.0,3.5,3,5,1,4,1,0.00,0.01,0.01,2.74
603,El Hadji Malick Diouf,West Ham,3,10,90,0,1,1,0,0,41.4,15.5,2.0,5.9,9,0,0,9,1,0.00,0.12,0.12,0.73
603,El Hadji Malick Diouf,West Ham,4,1,90,0,0,0,0,0,20.6,5.4,17.0,4.3,5,4,3,8,1,0.01,0.04,0.05,1.29
603,El Hadji Malick Diouf,West Ham,5,3,90,0,1,0,1,0,32.2,38.6,6.0,7.7,5,7,1,6,1,0.00,0.41,0.41,2.31
603,El Hadji Malick Diouf,West Ham,6,5,90,0,1,0,0,0,5.6,5.9,3.0,1.5,4,4,1,5,1,0.01,0.07,0.08,0.73
603,El Hadji Malick Diouf,West Ham,7,3,90,0,0,0,0,0,21.8,11.5,0.0,3.3,13,2,0,13,1,0.00,0.03,0.03,2.77
603,El Hadji Malick Diouf,West Ham,8,1,45,0,0,0,0,0,6.6,1.8,0.0,0.8,2,0,2,4,0,0.00,0.01,0.01,0.84
603,El Hadji Malick Diouf,West Ham,9,1,90,0,0,0,0,0,9.6,3.2,3.0,1.6,2,2,1,3,1,0.04,0.01,0.05,1.49
604,Emerson Palmieri dos Santos,West Ham,1,0,0,0,0,0,0,0,0.0,0.0,0.0,0.0,0,0,0,0,0,0.00,0.00,0.00,0.00
604,Emerson Palmieri dos Santos,West Ham,2,0,0,0,0,0,0,0,0.0,0.0,0.0,0.0,0,0,0,0,0,0.00,0.00,0.00,0.00
604,Emerson Palmieri dos Santos,West Ham,3,0,0,0,0,0,0,0,0.0,0.0,0.0,0.0,0,0,0,0,0,0.00,0.00,0.00,0.00
604,Emerson Palmieri dos Santos,West Ham,4,0,0,0,0,0,0,0,0.0,0.0,0.0,0.0,0,0,0,0,0,0.00,0.00,0.00,0.00
604,Emerson Palmieri dos Santos,West Ham,5,0,0,0,0,0,0,0,0.0,0.0,0.0,0.0,0,0,0,0,0,0.00,0.00,0.00,0.00
604,Emerson Palmieri dos Santos,West Ham,6,0,0,0,0,0,0,0,0.0,0.0,0.0,0.0,0,0,0,0,0,0.00,0.00,0.00,0.00
604,Emerson Palmieri dos Santos,West Ham,7,0,0,0,0,0,0,0,0.0,0.0,0.0,0.0,0,0,0,0,0,0.00,0.00,0.00,0.00
604,Emerson Palmieri dos Santos,West Ham,8,0,0,0,0,0,0,0,0.0,0.0,0.0,0.0,0,0,0,0,0,0.00,0.00,0.00,0.00
604,Emerson Palmieri dos Santos,West Ham,9,0,0,0,0,0,0,0,0.0,0.0,0.0,0.0,0,0,0,0,0,0.00,0.00,0.00,0.00
605,Maximilian Kilman,West Ham,1,0,90,0,0,0,1,0,27.2,16.2,0.0,4.3,6,2,3,9,1,0.00,0.03,0.03,0.68
605,Maximilian Kilman,West Ham,2,0,90,0,0,0,0,0,4.0,0.3,7.0,1.1,5,1,0,5,1,0.19,0.00,0.19,2.74
605,Maximilian Kilman,West Ham,3,6,90,0,0,1,0,0,17.4,0.2,0.0,1.8,7,3,1,8,1,0.00,0.00,0.00,0.73
605,Maximilian Kilman,West Ham,4,1,90,0,0,0,0,0,21.0,0.3,7.0,2.8,9,5,0,9,1,0.20,0.00,0.20,1.29
605,Maximilian Kilman,West Ham,5,2,90,0,0,0,1,0,30.2,1.1,0.0,3.1,9,6,2,11,1,0.00,0.00,0.00,2.31
605,Maximilian Kilman,West Ham,6,3,90,0,0,0,1,0,29.2,10.8,2.0,4.2,10,2,3,13,1,0.00,0.15,0.15,0.73
605,Maximilian Kilman,West Ham,7,1,90,0,0,0,0,0,21.0,0.5,0.0,2.2,9,3,0,9,1,0.00,0.00,0.00,2.77
605,Maximilian Kilman,West Ham,8,3,90,0,0,0,0,0,34.0,0.7,0.0,3.5,14,2,0,14,1,0.00,0.00,0.00,2.31
605,Maximilian Kilman,West Ham,9,1,90,0,0,0,0,0,15.6,1.1,0.0,1.7,5,6,0,5,1,0.00,0.01,0.01,1.49
606,Konstantinos Mavropanos,West Ham,1,0,0,0,0,0,0,0,0.0,0.0,0.0,0.0,0,0,0,0,0,0.00,0.00,0.00,0.00
606,Konstantinos Mavropanos,West Ham,2,0,0,0,0,0,0,0,0.0,0.0,0.0,0.0,0,0,0,0,0,0.00,0.00,0.00,0.00
606,Konstantinos Mavropanos,West Ham,3,6,90,0,0,1,0,0,10.2,0.4,4.0,1.5,6,1,0,6,1,0.06,0.01,0.07,0.73
606,Konstantinos Mavropanos,West Ham,4,3,90,0,0,0,0,0,26.8,0.6,0.0,2.7,11,3,0,11,1,0.00,0.01,0.01,1.29
606,Konstantinos Mavropanos,West Ham,5,3,90,0,0,0,0,0,31.6,0.6,35.0,6.7,10,5,1,11,1,0.22,0.01,0.23,2.31
606,Konstantinos Mavropanos,West Ham,6,1,90,0,0,0,1,0,11.4,0.8,16.0,2.8,6,3,1,7,1,0.14,0.01,0.15,0.73
606,Konstantinos Mavropanos,West Ham,7,3,90,0,0,0,0,0,38.0,0.3,0.0,3.8,20,4,0,20,1,0.00,0.01,0.01,2.77
606,Konstantinos Mavropanos,West Ham,8,1,45,0,0,0,0,0,10.8,0.0,0.0,1.1,4,4,0,4,0,0.00,0.00,0.00,0.50
606,Konstantinos Mavropanos,West Ham,9,0,0,0,0,0,0,0,0.0,0.0,0.0,0.0,0,0,0,0,0,0.00,0.00,0.00,0.00
607,Nayef Aguerd,West Ham,1,1,90,0,0,0,0,0,14.6,3.0,0.0,1.8,2,4,0,2,1,0.00,0.02,0.02,0.68
607,Nayef Aguerd,West Ham,2,2,90,0,0,0,0,0,24.4,0.9,8.0,3.3,12,4,1,13,1,0.10,0.01,0.11,2.74
607,Nayef Aguerd,West Ham,3,0,0,0,0,0,0,0,0.0,0.0,0.0,0.0,0,0,0,0,0,0.00,0.00,0.00,0.00
607,Nayef Aguerd,West Ham,4,0,0,0,0,0,0,0,0.0,0.0,0.0,0.0,0,0,0,0,0,0.00,0.00,0.00,0.00
607,Nayef Aguerd,West Ham,5,0,0,0,0,0,0,0,0.0,0.0,0.0,0.0,0,0,0,0,0,0.00,0.00,0.00,0.00
607,Nayef Aguerd,West Ham,6,0,0,0,0,0,0,0,0.0,0.0,0.0,0.0,0,0,0,0,0,0.00,0.00,0.00,0.00
607,Nayef Aguerd,West Ham,7,0,0,0,0,0,0,0,0.0,0.0,0.0,0.0,0,0,0,0,0,0.00,0.00,0.00,0.00
607,Nayef Aguerd,West Ham,8,0,0,0,0,0,0,0,0.0,0.0,0.0,0.0,0,0,0,0,0,0.00,0.00,0.00,0.00
607,Nayef Aguerd,West Ham,9,0,0,0,0,0,0,0,0.0,0.0,0.0,0.0,0,0,0,0,0,0.00,0.00,0.00,0.00
608,Ollie Scarles,West Ham,1,0,0,0,0,0,0,0,0.0,0.0,0.0,0.0,0,0,0,0,0,0.00,0.00,0.00,0.00
608,Ollie Scarles,West Ham,2,0,0,0,0,0,0,0,0.0,0.0,0.0,0.0,0,0,0,0,0,0.00,0.00,0.00,0.00
608,Ollie Scarles,West Ham,3,0,0,0,0,0,0,0,0.0,0.0,0.0,0.0,0,0,0,0,0,0.00,0.00,0.00,0.00
608,Ollie Scarles,West Ham,4,0,0,0,0,0,0,0,0.0,0.0,0.0,0.0,0,0,0,0,0,0.00,0.00,0.00,0.00
608,Ollie Scarles,West Ham,5,0,0,0,0,0,0,0,0.0,0.0,0.0,0.0,0,0,0,0,0,0.00,0.00,0.00,0.00
608,Ollie Scarles,West Ham,6,0,0,0,0,0,0,0,0.0,0.0,0.0,0.0,0,0,0,0,0,0.00,0.00,0.00,0.00
608,Ollie Scarles,West Ham,7,0,0,0,0,0,0,0,0.0,0.0,0.0,0.0,0,0,0,0,0,0.00,0.00,0.00,0.00
608,Ollie Scarles,West Ham,8,1,45,0,0,0,0,0,8.0,1.0,0.0,0.9,4,0,1,5,1,0.00,0.01,0.01,1.46
608,Ollie Scarles,West Ham,9,0,24,0,0,0,0,0,0.0,0.2,0.0,0.0,0,1,0,0,1,0.00,0.00,0.00,0.68
609,Jean-Clair Todibo,West Ham,1,1,81,0,0,0,0,0,19.8,3.1,0.0,2.3,5,2,3,8,1,0.00,0.01,0.01,0.64
609,Jean-Clair Todibo,West Ham,2,0,45,0,0,0,0,0,5.4,0.3,0.0,0.6,3,0,0,3,1,0.00,0.00,0.00,1.62
609,Jean-Clair Todibo,West Ham,3,0,0,0,0,0,0,0,0.0,0.0,0.0,0.0,0,0,0,0,0,0.00,0.00,0.00,0.00
609,Jean-Clair Todibo,West Ham,4,0,0,0,0,0,0,0,0.0,0.0,0.0,0.0,0,0,0,0,0,0.00,0.00,0.00,0.00
609,Jean-Clair Todibo,West Ham,5,0,0,0,0,0,0,0,0.0,0.0,0.0,0.0,0,0,0,0,0,0.00,0.00,0.00,0.00
609,Jean-Clair Todibo,West Ham,6,0,0,0,0,0,0,0,0.0,0.0,0.0,0.0,0,0,0,0,0,0.00,0.00,0.00,0.00
609,Jean-Clair Todibo,West Ham,7,0,0,0,0,0,0,0,0.0,0.0,0.0,0.0,0,0,0,0,0,0.00,0.00,0.00,0.00
609,Jean-Clair Todibo,West Ham,8,1,90,0,0,0,0,0,18.4,0.7,2.0,2.1,5,4,3,8,1,0.00,0.00,0.00,2.31
609,Jean-Clair Todibo,West Ham,9,0,90,0,0,0,1,0,16.4,1.3,0.0,1.8,4,6,2,6,1,0.00,0.01,0.01,1.49
610,Aaron Wan-Bissaka,West Ham,1,1,90,0,0,0,0,0,17.8,24.7,8.0,5.1,2,6,1,3,1,0.00,0.07,0.07,0.68
610,Aaron Wan-Bissaka,West Ham,2,0,90,0,0,0,0,0,17.0,19.8,0.0,3.7,5,2,0,5,1,0.00,0.06,0.06,2.74
610,Aaron Wan-Bissaka,West Ham,3,0,0,0,0,0,0,0,0.0,0.0,0.0,0.0,0,0,0,0,0,0.00,0.00,0.00,0.00
610,Aaron Wan-Bissaka,West Ham,4,0,0,0,0,0,0,0,0.0,0.0,0.0,0.0,0,0,0,0,0,0.00,0.00,0.00,0.00
610,Aaron Wan-Bissaka,West Ham,5,0,0,0,0,0,0,0,0.0,0.0,0.0,0.0,0,0,0,0,0,0.00,0.00,0.00,0.00
610,Aaron Wan-Bissaka,West Ham,6,0,0,0,0,0,0,0,0.0,0.0,0.0,0.0,0,0,0,0,0,0.00,0.00,0.00,0.00
610,Aaron Wan-Bissaka,West Ham,7,1,78,0,0,0,0,0,7.2,1.4,2.0,1.1,6,0,0,6,1,0.00,0.01,0.01,2.60
610,Aaron Wan-Bissaka,West Ham,8,1,45,0,0,0,0,0,7.6,5.6,2.0,1.5,2,2,2,4,0,0.00,0.01,0.01,0.84
610,Aaron Wan-Bissaka,West Ham,9,1,78,0,0,0,0,0,12.4,17.7,0.0,3.0,4,1,1,5,1,0.00,0.07,0.07,1.49
611,Kaelan Casey,West Ham,1,0,0,0,0,0,0,0,0.0,0.0,0.0,0.0,0,0,0,0,0,0.00,0.00,0.00,0.00
611,Kaelan Casey,West Ham,2,0,0,0,0,0,0,0,0.0,0.0,0.0,0.0,0,0,0,0,0,0.00,0.00,0.00,0.00
611,Kaelan Casey,West Ham,3,0,0,0,0,0,0,0,0.0,0.0,0.0,0.0,0,0,0,0,0,0.00,0.00,0.00,0.00
611,Kaelan Casey,West Ham,4,0,0,0,0,0,0,0,0.0,0.0,0.0,0.0,0,0,0,0,0,0.00,0.00,0.00,0.00
611,Kaelan Casey,West Ham,5,0,0,0,0,0,0,0,0.0,0.0,0.0,0.0,0,0,0,0,0,0.00,0.00,0.00,0.00
611,Kaelan Casey,West Ham,6,0,0,0,0,0,0,0,0.0,0.0,0.0,0.0,0,0,0,0,0,0.00,0.00,0.00,0.00
611,Kaelan Casey,West Ham,7,0,0,0,0,0,0,0,0.0,0.0,0.0,0.0,0,0,0,0,0,0.00,0.00,0.00,0.00
611,Kaelan Casey,West Ham,8,0,0,0,0,0,0,0,0.0,0.0,0.0,0.0,0,0,0,0,0,0.00,0.00,0.00,0.00
611,Kaelan Casey,West Ham,9,0,0,0,0,0,0,0,0.0,0.0,0.0,0.0,0,0,0,0,0,0.00,0.00,0.00,0.00
612,Lucas Tolentino Coelho de Lima,West Ham,1,2,90,0,0,0,0,0,5.8,14.2,4.0,2.4,0,5,1,6,1,0.00,0.08,0.08,0.68
612,Lucas Tolentino Coelho de Lima,West Ham,2,9,90,1,0,0,0,0,54.4,18.3,14.0,8.7,1,5,5,11,1,0.07,0.09,0.16,2.74
612,Lucas Tolentino Coelho de Lima,West Ham,3,10,90,1,0,1,0,0,62.2,27.4,40.0,13.0,5,8,2,15,1,1.11,0.05,1.16,0.73
612,Lucas Tolentino Coelho de Lima,West Ham,4,2,67,0,0,0,0,0,0.0,14.7,4.0,1.9,1,1,0,2,1,0.25,0.01,0.26,0.78
612,Lucas Tolentino Coelho de Lima,West Ham,5,1,90,0,0,0,1,0,11.2,34.4,13.0,5.9,0,5,2,7,1,0.03,0.08,0.11,2.31
612,Lucas Tolentino Coelho de Lima,West Ham,6,4,90,0,0,0,0,0,19.6,48.4,6.0,7.4,3,7,3,13,1,0.09,0.21,0.30,0.73
612,Lucas Tolentino Coelho de Lima,West Ham,7,1,90,0,0,0,1,0,21.6,31.8,4.0,5.7,3,3,5,11,1,0.01,0.34,0.35,2.77
612,Lucas Tolentino Coelho de Lima,West Ham,8,2,90,0,0,0,0,0,8.0,6.6,3.0,1.8,3,4,2,9,1,0.04,0.08,0.12,2.31
612,Lucas Tolentino Coelho de Lima,West Ham,9,1,90,0,0,0,1,0,7.4,25.9,8.0,4.1,0,6,1,7,1,0.09,0.10,0.19,1.49
613,Tomáš Souček,West Ham,1,1,19,0,0,0,0,0,4.2,1.3,19.0,2.5,1,0,0,1,0,0.07,0.00,0.07,0.08
613,Tomáš Souček,West Ham,2,2,69,0,0,0,0,0,6.0,0.7,22.0,2.9,1,4,1,6,1,0.09,0.00,0.09,2.43
613,Tomáš Souček,West Ham,3,3,90,0,0,1,0,0,13.2,0.8,0.0,1.4,5,2,2,9,1,0.00,0.00,0.00,0.73
613,Tomáš Souček,West Ham,4,-2,53,0,0,0,0,1,14.6,0.9,17.0,3.3,9,1,1,11,1,0.01,0.00,0.01,0.42
613,Tomáš Souček,West Ham,5,0,0,0,0,0,0,0,0.0,0.0,0.0,0.0,0,0,0,0,0,0.00,0.00,0.00,0.00
613,Tomáš Souček,West Ham,6,0,0,0,0,0,0,0,0.0,0.0,0.0,0.0,0,0,0,0,0,0.00,0.00,0.00,0.00
613,Tomáš Souček,West Ham,7,0,0,0,0,0,0,0,0.0,0.0,0.0,0.0,0,0,0,0,0,0.00,0.00,0.00,0.00
613,Tomáš Souček,West Ham,8,2,70,0,0,0,0,0,15.2,10.9,5.0,3.1,7,2,1,10,1,0.11,0.01,0.12,1.93
613,Tomáš Souček,West Ham,9,2,64,0,0,0,0,0,5.2,3.9,7.0,1.6,2,1,0,3,1,0.24,0.01,0.25,1.49
614,James Ward-Prowse,West Ham,1,2,70,0,0,0,0,0,5.8,15.2,2.0,2.3,0,2,1,3,1,0.00,0.02,0.02,0.60
614,James Ward-Prowse,West Ham,2,2,90,0,0,0,0,0,17.6,58.6,2.0,7.8,3,1,2,6,1,0.11,0.31,0.42,2.74
614,James Ward-Prowse,West Ham,3,3,74,0,0,1,0,0,9.4,45.2,0.0,5.5,2,4,0,6,1,0.00,0.11,0.11,0.70
614,James Ward-Prowse,West Ham,4,2,90,0,0,0,0,0,13.6,30.7,0.0,4.4,2,1,0,3,1,0.00,0.24,0.24,0.92
614,James Ward-Prowse,West Ham,5,2,90,0,0,0,0,0,10.2,26.6,2.0,3.9,2,1,1,4,1,0.02,0.23,0.25,2.31
614,James Ward-Prowse,West Ham,6,0,0,0,0,0,0,0,0.0,0.0,0.0,0.0,0,0,0,0,0,0.00,0.00,0.00,0.00
614,James Ward-Prowse,West Ham,7,0,0,0,0,0,0,0,0.0,0.0,0.0,0.0,0,0,0,0,0,0.00,0.00,0.00,0.00
614,James Ward-Prowse,West Ham,8,0,0,0,0,0,0,0,0.0,0.0,0.0,0.0,0,0,0,0,0,0.00,0.00,0.00,0.00
614,James Ward-Prowse,West Ham,9,0,0,0,0,0,0,0,0.0,0.0,0.0,0.0,0,0,0,0,0,0.00,0.00,0.00,0.00
615,Crysencio Summerville,West Ham,1,0,0,0,0,0,0,0,0.0,0.0,0.0,0.0,0,0,0,0,0,0.00,0.00,0.00,0.00
615,Crysencio Summerville,West Ham,2,0,0,0,0,0,0,0,0.0,0.0,0.0,0.0,0,0,0,0,0,0.00,0.00,0.00,0.00
615,Crysencio Summerville,West Ham,3,7,8,0,2,0,0,0,22.6,10.7,4.0,3.7,1,3,0,4,0,0.00,0.02,0.02,0.04
615,Crysencio Summerville,West Ham,4,2,60,0,0,0,0,0,9.8,2.1,0.0,1.2,2,1,2,5,1,0.00,0.01,0.01,0.63
615,Crysencio Summerville,West Ham,5,2,77,0,0,0,0,0,1.0,12.2,6.0,1.9,0,3,0,3,1,0.00,0.20,0.20,2.18
615,Crysencio Summerville,West Ham,6,2,76,0,0,0,0,0,17.4,21.6,34.0,7.3,4,5,0,9,1,0.42,0.12,0.54,0.64
615,Crysencio Summerville,West Ham,7,1,90,0,0,0,1,0,8.8,3.9,5.0,1.8,5,4,2,11,1,0.02,0.01,0.03,2.77
615,Crysencio Summerville,West Ham,8,1,90,0,0,0,1,0,2.4,13.3,11.0,2.7,0,3,1,4,1,0.06,0.04,0.10,2.31
615,Crysencio Summerville,West Ham,9,1,78,0,0,0,1,0,2.8,3.3,0.0,0.6,0,7,2,9,1,0.00,0.01,0.01,1.49
616,Edson Álvarez Velázquez,West Ham,1,0,0,0,0,0,0,0,0.0,0.0,0.0,0.0,0,0,0,0,0,0.00,0.00,0.00,0.00
616,Edson Álvarez Velázquez,West Ham,2,0,0,0,0,0,0,0,0.0,0.0,0.0,0.0,0,0,0,0,0,0.00,0.00,0.00,0.00
616,Edson Álvarez Velázquez,West Ham,3,0,0,0,0,0,0,0,0.0,0.0,0.0,0.0,0,0,0,0,0,0.00,0.00,0.00,0.00
616,Edson Álvarez Velázquez,West Ham,4,0,0,0,0,0,0,0,0.0,0.0,0.0,0.0,0,0,0,0,0,0.00,0.00,0.00,0.00
616,Edson Álvarez Velázquez,West Ham,5,0,0,0,0,0,0,0,0.0,0.0,0.0,0.0,0,0,0,0,0,0.00,0.00,0.00,0.00
616,Edson Álvarez Velázquez,West Ham,6,0,0,0,0,0,0,0,0.0,0.0,0.0,0.0,0,0,0,0,0,0.00,0.00,0.00,0.00
616,Edson Álvarez Velázquez,West Ham,7,0,0,0,0,0,0,0,0.0,0.0,0.0,0.0,0,0,0,0,0,0.00,0.00,0.00,0.00
616,Edson Álvarez Velázquez,West Ham,8,0,0,0,0,0,0,0,0.0,0.0,0.0,0.0,0,0,0,0,0,0.00,0.00,0.00,0.00
616,Edson Álvarez Velázquez,West Ham,9,0,0,0,0,0,0,0,0.0,0.0,0.0,0.0,0,0,0,0,0,0.00,0.00,0.00,0.00
617,Maxwel Cornet,West Ham,1,0,0,0,0,0,0,0,0.0,0.0,0.0,0.0,0,0,0,0,0,0.00,0.00,0.00,0.00
617,Maxwel Cornet,West Ham,2,0,0,0,0,0,0,0,0.0,0.0,0.0,0.0,0,0,0,0,0,0.00,0.00,0.00,0.00
617,Maxwel Cornet,West Ham,3,0,0,0,0,0,0,0,0.0,0.0,0.0,0.0,0,0,0,0,0,0.00,0.00,0.00,0.00
617,Maxwel Cornet,West Ham,4,0,0,0,0,0,0,0,0.0,0.0,0.0,0.0,0,0,0,0,0,0.00,0.00,0.00,0.00
617,Maxwel Cornet,West Ham,5,0,0,0,0,0,0,0,0.0,0.0,0.0,0.0,0,0,0,0,0,0.00,0.00,0.00,0.00
617,Maxwel Cornet,West Ham,6,0,0,0,0,0,0,0,0.0,0.0,0.0,0.0,0,0,0,0,0,0.00,0.00,0.00,0.00
617,Maxwel Cornet,West Ham,7,0,0,0,0,0,0,0,0.0,0.0,0.0,0.0,0,0,0,0,0,0.00,0.00,0.00,0.00
617,Maxwel Cornet,West Ham,8,0,0,0,0,0,0,0,0.0,0.0,0.0,0.0,0,0,0,0,0,0.00,0.00,0.00,0.00
617,Maxwel Cornet,West Ham,9,0,0,0,0,0,0,0,0.0,0.0,0.0,0.0,0,0,0,0,0,0.00,0.00,0.00,0.00
618,Guido Rodríguez,West Ham,1,2,70,0,0,0,0,0,2.2,2.3,2.0,0.7,0,4,0,4,1,0.03,0.03,0.06,0.60
618,Guido Rodríguez,West Ham,2,0,0,0,0,0,0,0,0.0,0.0,0.0,0.0,0,0,0,0,0,0.00,0.00,0.00,0.00
618,Guido Rodríguez,West Ham,3,0,0,0,0,0,0,0,0.0,0.0,0.0,0.0,0,0,0,0,0,0.00,0.00,0.00,0.00
618,Guido Rodríguez,West Ham,4,0,0,0,0,0,0,0,0.0,0.0,0.0,0.0,0,0,0,0,0,0.00,0.00,0.00,0.00
618,Guido Rodríguez,West Ham,5,0,0,0,0,0,0,0,0.0,0.0,0.0,0.0,0,0,0,0,0,0.00,0.00,0.00,0.00
618,Guido Rodríguez,West Ham,6,0,0,0,0,0,0,0,0.0,0.0,0.0,0.0,0,0,0,0,0,0.00,0.00,0.00,0.00
618,Guido Rodríguez,West Ham,7,0,0,0,0,0,0,0,0.0,0.0,0.0,0.0,0,0,0,0,0,0.00,0.00,0.00,0.00
618,Guido Rodríguez,West Ham,8,1,19,0,0,0,0,0,1.2,0.2,0.0,0.1,1,0,0,1,0,0.00,0.00,0.00,0.37
618,Guido Rodríguez,West Ham,9,0,0,0,0,0,0,0,0.0,0.0,0.0,0.0,0,0,0,0,0,0.00,0.00,0.00,0.00
619,Luis Guilherme Lira dos Santos,West Ham,1,0,0,0,0,0,0,0,0.0,0.0,0.0,0.0,0,0,0,0,0,0.00,0.00,0.00,0.00
619,Luis Guilherme Lira dos Santos,West Ham,2,0,0,0,0,0,0,0,0.0,0.0,0.0,0.0,0,0,0,0,0,0.00,0.00,0.00,0.00
619,Luis Guilherme Lira dos Santos,West Ham,3,0,0,0,0,0,0,0,0.0,0.0,0.0,0.0,0,0,0,0,0,0.00,0.00,0.00,0.00
619,Luis Guilherme Lira dos Santos,West Ham,4,1,29,0,0,0,0,0,1.4,0.0,0.0,0.1,1,2,0,3,0,0.00,0.00,0.00,0.65
619,Luis Guilherme Lira dos Santos,West Ham,5,1,12,0,0,0,0,0,0.0,0.0,4.0,0.2,0,0,0,0,0,0.07,0.00,0.07,0.14
619,Luis Guilherme Lira dos Santos,West Ham,6,1,13,0,0,0,0,0,0.2,0.6,0.0,0.1,0,2,0,2,0,0.00,0.00,0.00,0.09
619,Luis Guilherme Lira dos Santos,West Ham,7,0,0,0,0,0,0,0,0.0,0.0,0.0,0.0,0,0,0,0,0,0.00,0.00,0.00,0.00
619,Luis Guilherme Lira dos Santos,West Ham,8,0,0,0,0,0,0,0,0.0,0.0,0.0,0.0,0,0,0,0,0,0.00,0.00,0.00,0.00
619,Luis Guilherme Lira dos Santos,West Ham,9,0,0,0,0,0,0,0,0.0,0.0,0.0,0.0,0,0,0,0,0,0.00,0.00,0.00,0.00
620,George Earthy,West Ham,1,0,0,0,0,0,0,0,0.0,0.0,0.0,0.0,0,0,0,0,0,0.00,0.00,0.00,0.00
620,George Earthy,West Ham,2,0,0,0,0,0,0,0,0.0,0.0,0.0,0.0,0,0,0,0,0,0.00,0.00,0.00,0.00
620,George Earthy,West Ham,3,0,0,0,0,0,0,0,0.0,0.0,0.0,0.0,0,0,0,0,0,0.00,0.00,0.00,0.00
620,George Earthy,West Ham,4,0,0,0,0,0,0,0,0.0,0.0,0.0,0.0,0,0,0,0,0,0.00,0.00,0.00,0.00
620,George Earthy,West Ham,5,0,0,0,0,0,0,0,0.0,0.0,0.0,0.0,0,0,0,0,0,0.00,0.00,0.00,0.00
620,George Earthy,West Ham,6,0,0,0,0,0,0,0,0.0,0.0,0.0,0.0,0,0,0,0,0,0.00,0.00,0.00,0.00
620,George Earthy,West Ham,7,0,0,0,0,0,0,0,0.0,0.0,0.0,0.0,0,0,0,0,0,0.00,0.00,0.00,0.00
620,George Earthy,West Ham,8,0,0,0,0,0,0,0,0.0,0.0,0.0,0.0,0,0,0,0,0,0.00,0.00,0.00,0.00
620,George Earthy,West Ham,9,0,0,0,0,0,0,0,0.0,0.0,0.0,0.0,0,0,0,0,0,0.00,0.00,0.00,0.00
621,Andy Irving,West Ham,1,1,8,0,0,0,0,0,4.4,14.8,0.0,1.9,0,1,1,2,0,0.00,0.06,0.06,0.04
621,Andy Irving,West Ham,2,0,0,0,0,0,0,0,0.0,0.0,0.0,0.0,0,0,0,0,0,0.00,0.00,0.00,0.00
621,Andy Irving,West Ham,3,1,15,0,0,0,0,0,5.4,2.4,0.0,0.8,0,1,2,3,0,0.00,0.00,0.00,0.04
621,Andy Irving,West Ham,4,1,1,0,0,0,0,0,5.0,0.0,0.0,0.5,1,0,0,1,0,0.00,0.00,0.00,0.37
621,Andy Irving,West Ham,5,0,0,0,0,0,0,0,0.0,0.0,0.0,0.0,0,0,0,0,0,0.00,0.00,0.00,0.00
621,Andy Irving,West Ham,6,1,1,0,0,0,0,0,0.0,0.0,0.0,0.0,0,0,0,0,0,0.00,0.00,0.00,0.00
621,Andy Irving,West Ham,7,0,0,0,0,0,0,0,0.0,0.0,0.0,0.0,0,0,0,0,0,0.00,0.00,0.00,0.00
621,Andy Irving,West Ham,8,2,60,0,0,0,0,0,10.6,16.8,2.0,2.9,0,7,2,9,1,0.00,0.02,0.02,1.71
621,Andy Irving,West Ham,9,2,64,0,0,0,0,0,4.2,4.3,0.0,0.9,1,4,1,6,1,0.00,0.01,0.01,1.49
622,Lewis Orford,West Ham,1,0,0,0,0,0,0,0,0.0,0.0,0.0,0.0,0,0,0,0,0,0.00,0.00,0.00,0.00
622,Lewis Orford,West Ham,2,0,0,0,0,0,0,0,0.0,0.0,0.0,0.0,0,0,0,0,0,0.00,0.00,0.00,0.00
622,Lewis Orford,West Ham,3,0,0,0,0,0,0,0,0.0,0.0,0.0,0.0,0,0,0,0,0,0.00,0.00,0.00,0.00
622,Lewis Orford,West Ham,4,0,0,0,0,0,0,0,0.0,0.0,0.0,0.0,0,0,0,0,0,0.00,0.00,0.00,0.00
622,Lewis Orford,West Ham,5,0,0,0,0,0,0,0,0.0,0.0,0.0,0.0,0,0,0,0,0,0.00,0.00,0.00,0.00
622,Lewis Orford,West Ham,6,0,0,0,0,0,0,0,0.0,0.0,0.0,0.0,0,0,0,0,0,0.00,0.00,0.00,0.00
622,Lewis Orford,West Ham,7,0,0,0,0,0,0,0,0.0,0.0,0.0,0.0,0,0,0,0,0,0.00,0.00,0.00,0.00
622,Lewis Orford,West Ham,8,0,0,0,0,0,0,0,0.0,0.0,0.0,0.0,0,0,0,0,0,0.00,0.00,0.00,0.00
622,Lewis Orford,West Ham,9,0,0,0,0,0,0,0,0.0,0.0,0.0,0.0,0,0,0,0,0,0.00,0.00,0.00,0.00
623,Freddie Potts,West Ham,1,0,0,0,0,0,0,0,0.0,0.0,0.0,0.0,0,0,0,0,0,0.00,0.00,0.00,0.00
623,Freddie Potts,West Ham,2,1,45,0,0,0,0,0,6.2,2.2,2.0,1.0,1,2,1,4,0,0.00,0.00,0.00,1.12
623,Freddie Potts,West Ham,3,0,0,0,0,0,0,0,0.0,0.0,0.0,0.0,0,0,0,0,0,0.00,0.00,0.00,0.00
623,Freddie Potts,West Ham,4,0,0,0,0,0,0,0,0.0,0.0,0.0,0.0,0,0,0,0,0,0.00,0.00,0.00,0.00
623,Freddie Potts,West Ham,5,0,0,0,0,0,0,0,0.0,0.0,0.0,0.0,0,0,0,0,0,0.00,0.00,0.00,0.00
623,Freddie Potts,West Ham,6,1,31,0,0,0,0,0,7.6,1.3,0.0,0.9,2,1,2,5,0,0.00,0.01,0.01,0.09
623,Freddie Potts,West Ham,7,1,29,0,0,0,0,0,1.6,0.2,0.0,0.2,1,0,0,1,0,0.00,0.00,0.00,0.96
623,Freddie Potts,West Ham,8,0,0,0,0,0,0,0,0.0,0.0,0.0,0.0,0,0,0,0,0,0.00,0.00,0.00,0.00
623,Freddie Potts,West Ham,9,1,26,0,0,0,0,0,3.2,2.9,0.0,0.6,0,4,0,4,0,0.00,0.03,0.03,0.00
624,Jarrod Bowen,West Ham,1,2,90,0,0,0,0,0,10.6,4.3,34.0,4.9,0,6,2,8,1,0.15,0.05,0.20,0.68
624,Jarrod Bowen,West Ham,2,2,90,0,0,0,0,0,9.8,21.2,30.0,6.1,0,1,0,1,1,0.09,0.11,0.20,2.74
624,Jarrod Bowen,West Ham,3,9,90,1,0,1,0,0,50.2,33.6,9.0,9.3,2,4,2,8,1,0.07,0.04,0.11,0.73
624,Jarrod Bowen,West Ham,4,2,90,0,0,0,0,0,12.4,4.4,39.0,5.6,4,4,1,9,1,0.12,0.02,0.14,1.29
624,Jarrod Bowen,West Ham,5,9,90,1,0,0,0,0,40.8,20.4,23.0,8.4,1,1,1,3,1,0.24,0.23,0.47,2.31
624,Jarrod Bowen,West Ham,6,9,90,1,0,0,0,0,35.2,3.3,35.0,7.4,2,3,0,5,1,0.16,0.05,0.21,0.73
624,Jarrod Bowen,West Ham,7,2,90,0,0,0,0,0,5.8,10.8,4.0,2.1,4,3,0,7,1,0.00,0.01,0.01,2.77
624,Jarrod Bowen,West Ham,8,2,90,0,0,0,0,0,14.0,15.3,19.0,4.8,3,3,1,7,1,0.08,0.01,0.09,2.31
624,Jarrod Bowen,West Ham,9,5,90,0,1,0,0,0,26.8,48.3,22.0,9.7,0,2,0,2,1,0.10,0.63,0.73,1.49
625,Niclas Füllkrug,West Ham,1,2,90,0,0,0,0,0,0.8,14.5,34.0,4.9,0,0,0,0,1,0.14,0.08,0.22,0.68
625,Niclas Füllkrug,West Ham,2,1,45,0,0,0,0,0,1.2,10.5,2.0,1.4,0,1,0,1,1,0.00,0.02,0.02,1.62
625,Niclas Füllkrug,West Ham,3,2,63,0,0,1,0,0,6.0,1.3,31.0,3.8,1,1,1,3,1,0.15,0.00,0.15,0.54
625,Niclas Füllkrug,West Ham,4,0,0,0,0,0,0,0,0.0,0.0,0.0,0.0,0,0,0,0,0,0.00,0.00,0.00,0.00
625,Niclas Füllkrug,West Ham,5,1,31,0,0,0,0,0,0.0,10.6,2.0,1.2,0,0,0,0,0,0.00,0.03,0.03,0.55
625,Niclas Füllkrug,West Ham,6,2,90,0,0,0,0,0,16.8,35.0,47.0,9.9,5,4,1,10,1,0.24,0.05,0.29,0.73
625,Niclas Füllkrug,West Ham,7,2,60,0,0,0,0,0,0.0,0.4,9.0,0.7,1,2,0,3,1,0.33,0.00,0.33,1.81
625,Niclas Füllkrug,West Ham,8,0,0,0,0,0,0,0,0.0,0.0,0.0,0.0,0,0,0,0,0,0.00,0.00,0.00,0.00
625,Niclas Füllkrug,West Ham,9,0,0,0,0,0,0,0,0.0,0.0,0.0,0.0,0,0,0,0,0,0.00,0.00,0.00,0.00
626,Callum Marshall,West Ham,1,0,0,0,0,0,0,0,0.0,0.0,0.0,0.0,0,0,0,0,0,0.00,0.00,0.00,0.00
626,Callum Marshall,West Ham,2,0,0,0,0,0,0,0,0.0,0.0,0.0,0.0,0,0,0,0,0,0.00,0.00,0.00,0.00
626,Callum Marshall,West Ham,3,0,0,0,0,0,0,0,0.0,0.0,0.0,0.0,0,0,0,0,0,0.00,0.00,0.00,0.00
626,Callum Marshall,West Ham,4,0,0,0,0,0,0,0,0.0,0.0,0.0,0.0,0,0,0,0,0,0.00,0.00,0.00,0.00
626,Callum Marshall,West Ham,5,0,0,0,0,0,0,0,0.0,0.0,0.0,0.0,0,0,0,0,0,0.00,0.00,0.00,0.00
626,Callum Marshall,West Ham,6,0,0,0,0,0,0,0,0.0,0.0,0.0,0.0,0,0,0,0,0,0.00,0.00,0.00,0.00
626,Callum Marshall,West Ham,7,1,29,0,0,0,0,0,1.2,0.0,7.0,0.8,2,1,0,3,0,0.13,0.00,0.13,0.96
626,Callum Marshall,West Ham,8,1,29,0,0,0,0,0,0.0,0.1,0.0,0.0,0,0,0,0,0,0.00,0.00,0.00,0.59
626,Callum Marshall,West Ham,9,0,0,0,0,0,0,0,0.0,0.0,0.0,0.0,0,0,0,0,0,0.00,0.00,0.00,0.00
659,Kyle Walker-Peters,West Ham,1,0,0,0,0,0,0,0,0.0,0.0,0.0,0.0,0,0,0,0,0,0.00,0.00,0.00,0.00
659,Kyle Walker-Peters,West Ham,2,1,20,0,0,0,0,0,0.0,1.6,6.0,0.7,0,1,0,0,0,0.04,0.00,0.04,0.31
659,Kyle Walker-Peters,West Ham,3,6,90,0,0,1,0,0,13.8,1.5,0.0,1.5,3,4,3,6,1,0.00,0.01,0.01,0.73
659,Kyle Walker-Peters,West Ham,4,1,90,0,0,0,0,0,14.6,13.0,0.0,2.8,3,6,2,5,1,0.00,0.01,0.01,1.29
659,Kyle Walker-Peters,West Ham,5,1,90,0,0,0,0,0,17.4,6.4,26.0,5.0,2,4,1,3,1,0.10,0.02,0.12,2.31
659,Kyle Walker-Peters,West Ham,6,1,90,0,0,0,1,0,11.8,23.9,0.0,3.6,3,3,2,5,1,0.00,0.02,0.02,0.73
659,Kyle Walker-Peters,West Ham,7,1,11,0,0,0,0,0,5.2,0.3,0.0,0.6,0,1,2,2,0,0.00,0.00,0.00,0.18
659,Kyle Walker-Peters,West Ham,8,1,45,0,0,0,0,0,4.0,0.8,0.0,0.5,4,1,0,4,1,0.00,0.00,0.00,1.46
659,Kyle Walker-Peters,West Ham,9,1,11,0,0,0,0,0,3.0,1.3,0.0,0.4,1,2,0,1,0,0.00,0.01,0.01,0.00
671,Callum Wilson,West Ham,1,1,19,0,0,0,0,0,0.0,0.0,8.0,0.5,0,1,0,1,0,0.02,0.00,0.02,0.08
671,Callum Wilson,West Ham,2,1,45,0,0,0,0,0,2.4,11.8,8.0,2.2,1,0,0,1,0,0.03,0.04,0.07,1.12
671,Callum Wilson,West Ham,3,7,26,1,0,0,0,0,44.0,0.1,62.0,10.6,0,0,0,0,0,1.04,0.00,1.04,0.19
671,Callum Wilson,West Ham,4,1,22,0,0,0,0,0,0.2,0.1,0.0,0.0,0,2,0,2,0,0.00,0.00,0.00,0.51
671,Callum Wilson,West Ham,5,1,58,0,0,0,0,0,4.2,1.5,4.0,1.0,1,1,0,2,1,0.00,0.00,0.00,1.76
671,Callum Wilson,West Ham,6,0,0,0,0,0,0,0,0.0,0.0,0.0,0.0,0,0,0,0,0,0.00,0.00,0.00,0.00
671,Callum Wilson,West Ham,7,0,0,0,0,0,0,0,0.0,0.0,0.0,0.0,0,0,0,0,0,0.00,0.00,0.00,0.00
671,Callum Wilson,West Ham,8,0,0,0,0,0,0,0,0.0,0.0,0.0,0.0,0,0,0,0,0,0.00,0.00,0.00,0.00
671,Callum Wilson,West Ham,9,2,65,0,0,1,0,0,3.0,2.0,19.0,2.4,0,2,0,2,0,0.09,0.01,0.10,0.80
679,Mads Hermansen,West Ham,1,1,90,0,0,0,0,0,21.0,0.0,0.0,2.1,2,6,0,0,1,0.00,0.01,0.01,0.68
679,Mads Hermansen,West Ham,2,0,90,0,0,0,0,0,16.8,0.0,0.0,1.7,2,7,0,0,1,0.00,0.00,0.00,2.74
679,Mads Hermansen,West Ham,3,7,90,0,0,1,0,0,27.8,0.0,0.0,2.8,1,11,0,0,1,0.00,0.00,0.00,0.73
679,Mads Hermansen,West Ham,4,1,90,0,0,0,0,0,19.2,0.0,0.0,1.9,2,3,0,0,1,0.00,0.00,0.00,1.29
679,Mads Hermansen,West Ham,5,0,0,0,0,0,0,0,0.0,0.0,0.0,0.0,0,0,0,0,0,0.00,0.00,0.00,0.00
679,Mads Hermansen,West Ham,6,0,0,0,0,0,0,0,0.0,0.0,0.0,0.0,0,0,0,0,0,0.00,0.00,0.00,0.00
679,Mads Hermansen,West Ham,7,0,0,0,0,0,0,0,0.0,0.0,0.0,0.0,0,0,0,0,0,0.00,0.00,0.00,0.00
679,Mads Hermansen,West Ham,8,0,0,0,0,0,0,0,0.0,0.0,0.0,0.0,0,0,0,0,0,0.00,0.00,0.00,0.00
679,Mads Hermansen,West Ham,9,0,0,0,0,0,0,0,0.0,0.0,0.0,0.0,0,0,0,0,0,0.00,0.00,0.00,0.00
708,Mateus Gonçalo Espanha Fernandes,West Ham,3,3,81,0,0,1,0,0,11.0,26.4,4.0,4.1,1,7,3,11,1,0.00,0.10,0.10,0.70
708,Mateus Gonçalo Espanha Fernandes,West Ham,4,2,60,0,0,0,0,0,6.4,28.3,4.0,3.9,0,1,2,3,1,0.00,0.15,0.15,0.63
708,Mateus Gonçalo Espanha Fernandes,West Ham,5,2,77,0,0,0,0,0,8.6,4.8,0.0,1.3,3,2,0,5,1,0.00,0.01,0.01,2.18
708,Mateus Gonçalo Espanha Fernandes,West Ham,6,2,90,0,0,0,0,0,3.8,4.4,3.0,1.1,1,1,2,4,1,0.11,0.01,0.12,0.73
708,Mateus Gonçalo Espanha Fernandes,West Ham,7,4,90,0,0,0,0,0,17.4,2.1,0.0,2.0,1,4,7,12,1,0.00,0.01,0.01,2.77
708,Mateus Gonçalo Espanha Fernandes,West Ham,8,1,45,0,0,0,0,0,9.0,2.3,2.0,1.3,2,2,1,5,1,0.05,0.01,0.06,1.46
708,Mateus Gonçalo Espanha Fernandes,West Ham,9,6,25,1,0,0,0,0,38.0,16.8,19.0,7.4,0,0,1,1,0,0.09,0.02,0.11,0.00
718,Soungoutou Magassa,West Ham,4,1,29,0,0,0,0,0,9.6,1.3,0.0,1.1,1,0,2,3,0,0.00,0.00,0.00,0.65
718,Soungoutou Magassa,West Ham,5,1,12,0,0,0,0,0,0.0,0.4,0.0,0.0,0,1,0,1,0,0.00,0.00,0.00,0.14
718,Soungoutou Magassa,West Ham,6,0,58,0,0,0,1,0,9.2,3.5,0.0,1.3,1,5,2,8,1,0.00,0.01,0.01,0.64
718,Soungoutou Magassa,West Ham,7,2,60,0,0,0,0,0,10.4,1.2,0.0,1.2,4,0,1,5,1,0.00,0.00,0.00,1.81
718,Soungoutou Magassa,West Ham,8,0,0,0,0,0,0,0,0.0,0.0,0.0,0.0,0,0,0,0,0,0.00,0.00,0.00,0.00
718,Soungoutou Magassa,West Ham,9,1,11,0,0,0,0,0,6.6,0.8,0.0,0.7,0,1,3,4,0,0.00,0.00,0.00,0.00
738,Lukasz Fabianski,West Ham,4,0,0,0,0,0,0,0,0.0,0.0,0.0,0.0,0,0,0,0,0,0.00,0.00,0.00,0.00
738,Lukasz Fabianski,West Ham,5,0,0,0,0,0,0,0,0.0,0.0,0.0,0.0,0,0,0,0,0,0.00,0.00,0.00,0.00
738,Lukasz Fabianski,West Ham,6,0,0,0,0,0,0,0,0.0,0.0,0.0,0.0,0,0,0,0,0,0.00,0.00,0.00,0.00
738,Lukasz Fabianski,West Ham,7,0,0,0,0,0,0,0,0.0,0.0,0.0,0.0,0,0,0,0,0,0.00,0.00,0.00,0.00
738,Lukasz Fabianski,West Ham,8,0,0,0,0,0,0,0,0.0,0.0,0.0,0.0,0,0,0,0,0,0.00,0.00,0.00,0.00
738,Lukasz Fabianski,West Ham,9,0,0,0,0,0,0,0,0.0,0.0,0.0,0.0,0,0,0,0,0,0.00,0.00,0.00,0.00
627,Sam Johnstone,Wolves,1,0,0,0,0,0,0,0,0.0,0.0,0.0,0.0,0,0,0,0,0,0.00,0.00,0.00,0.00
627,Sam Johnstone,Wolves,2,0,0,0,0,0,0,0,0.0,0.0,0.0,0.0,0,0,0,0,0,0.00,0.00,0.00,0.00
627,Sam Johnstone,Wolves,3,0,0,0,0,0,0,0,0.0,0.0,0.0,0.0,0,0,0,0,0,0.00,0.00,0.00,0.00
627,Sam Johnstone,Wolves,4,3,90,0,0,0,0,0,31.2,0.0,0.0,3.1,5,13,0,0,1,0.00,0.00,0.00,1.55
627,Sam Johnstone,Wolves,5,0,0,0,0,0,0,0,0.0,0.0,0.0,0.0,0,0,0,0,0,0.00,0.00,0.00,0.00
627,Sam Johnstone,Wolves,6,2,90,0,0,0,0,0,19.6,0.0,0.0,2.0,2,6,0,0,1,0.00,0.00,0.00,0.87
627,Sam Johnstone,Wolves,7,3,90,0,0,0,0,0,36.4,0.0,0.0,3.6,0,14,0,0,1,0.00,0.00,0.00,1.15
627,Sam Johnstone,Wolves,8,1,90,0,0,0,0,0,12.8,0.1,0.0,1.3,1,7,0,0,1,0.00,0.01,0.01,0.65
627,Sam Johnstone,Wolves,9,2,90,0,0,0,0,0,30.0,0.0,0.0,3.0,0,14,1,0,1,0.00,0.00,0.00,1.43
628,José Malheiro de Sá,Wolves,1,0,90,0,0,0,0,0,3.6,0.0,0.0,0.4,1,6,0,0,1,0.00,0.00,0.00,2.47
628,José Malheiro de Sá,Wolves,2,3,90,0,0,0,0,0,21.0,10.0,0.0,3.1,1,12,0,0,1,0.00,0.03,0.03,1.29
628,José Malheiro de Sá,Wolves,3,1,90,0,0,0,0,0,11.6,0.0,0.0,1.2,1,12,0,0,1,0.00,0.00,0.00,1.93
628,José Malheiro de Sá,Wolves,4,0,0,0,0,0,0,0,0.0,0.0,0.0,0.0,0,0,0,0,0,0.00,0.00,0.00,0.00
628,José Malheiro de Sá,Wolves,5,1,90,0,0,0,0,0,7.8,0.0,0.0,0.8,0,7,0,0,1,0.00,0.00,0.00,0.48
628,José Malheiro de Sá,Wolves,6,0,0,0,0,0,0,0,0.0,0.0,0.0,0.0,0,0,0,0,0,0.00,0.00,0.00,0.00
628,José Malheiro de Sá,Wolves,7,0,0,0,0,0,0,0,0.0,0.0,0.0,0.0,0,0,0,0,0,0.00,0.00,0.00,0.00
628,José Malheiro de Sá,Wolves,8,0,0,0,0,0,0,0,0.0,0.0,0.0,0.0,0,0,0,0,0,0.00,0.00,0.00,0.00
628,José Malheiro de Sá,Wolves,9,0,0,0,0,0,0,0,0.0,0.0,0.0,0.0,0,0,0,0,0,0.00,0.00,0.00,0.00
629,Daniel Bentley,Wolves,1,0,0,0,0,0,0,0,0.0,0.0,0.0,0.0,0,0,0,0,0,0.00,0.00,0.00,0.00
629,Daniel Bentley,Wolves,2,0,0,0,0,0,0,0,0.0,0.0,0.0,0.0,0,0,0,0,0,0.00,0.00,0.00,0.00
629,Daniel Bentley,Wolves,3,0,0,0,0,0,0,0,0.0,0.0,0.0,0.0,0,0,0,0,0,0.00,0.00,0.00,0.00
629,Daniel Bentley,Wolves,4,0,0,0,0,0,0,0,0.0,0.0,0.0,0.0,0,0,0,0,0,0.00,0.00,0.00,0.00
629,Daniel Bentley,Wolves,5,0,0,0,0,0,0,0,0.0,0.0,0.0,0.0,0,0,0,0,0,0.00,0.00,0.00,0.00
629,Daniel Bentley,Wolves,6,0,0,0,0,0,0,0,0.0,0.0,0.0,0.0,0,0,0,0,0,0.00,0.00,0.00,0.00
629,Daniel Bentley,Wolves,7,0,0,0,0,0,0,0,0.0,0.0,0.0,0.0,0,0,0,0,0,0.00,0.00,0.00,0.00
629,Daniel Bentley,Wolves,8,0,0,0,0,0,0,0,0.0,0.0,0.0,0.0,0,0,0,0,0,0.00,0.00,0.00,0.00
629,Daniel Bentley,Wolves,9,0,0,0,0,0,0,0,0.0,0.0,0.0,0.0,0,0,0,0,0,0.00,0.00,0.00,0.00
631,Emmanuel Agbadou,Wolves,1,0,90,0,0,0,0,0,11.8,0.3,1.0,1.3,5,2,2,7,1,0.02,0.01,0.03,2.47
631,Emmanuel Agbadou,Wolves,2,4,90,0,0,0,0,0,36.0,0.7,4.0,4.1,12,3,2,14,1,0.10,0.03,0.13,1.29
631,Emmanuel Agbadou,Wolves,3,1,90,0,0,0,0,0,21.2,11.1,4.0,3.6,6,8,0,6,1,0.13,0.01,0.14,1.93
631,Emmanuel Agbadou,Wolves,4,4,90,0,0,0,0,0,37.0,4.6,0.0,4.2,12,3,2,14,1,0.00,0.10,0.10,1.55
631,Emmanuel Agbadou,Wolves,5,3,90,0,0,0,0,0,35.0,21.9,30.0,8.7,4,9,7,11,1,0.13,0.11,0.24,0.48
631,Emmanuel Agbadou,Wolves,6,1,45,0,0,0,0,0,5.2,0.0,0.0,0.5,3,1,0,3,0,0.00,0.00,0.00,0.19
631,Emmanuel Agbadou,Wolves,7,1,30,0,0,0,0,0,15.4,1.1,0.0,1.7,6,3,1,7,0,0.00,0.00,0.00,0.45
631,Emmanuel Agbadou,Wolves,8,0,0,0,0,0,0,0,0.0,0.0,0.0,0.0,0,0,0,0,0,0.00,0.00,0.00,0.00
631,Emmanuel Agbadou,Wolves,9,0,0,0,0,0,0,0,0.0,0.0,0.0,0.0,0,0,0,0,0,0.00,0.00,0.00,0.00
632,Matt Doherty,Wolves,1,-1,90,0,0,0,1,0,9.8,5.9,0.0,1.6,2,6,3,5,1,0.00,0.01,0.01,2.47
632,Matt Doherty,Wolves,2,1,90,0,0,0,1,0,19.2,1.8,0.0,2.1,6,2,3,9,1,0.00,0.02,0.02,1.29
632,Matt Doherty,Wolves,3,0,0,0,0,0,0,0,0.0,0.0,0.0,0.0,0,0,0,0,0,0.00,0.00,0.00,0.00
632,Matt Doherty,Wolves,4,0,0,0,0,0,0,0,0.0,0.0,0.0,0.0,0,0,0,0,0,0.00,0.00,0.00,0.00
632,Matt Doherty,Wolves,5,0,0,0,0,0,0,0,0.0,0.0,0.0,0.0,0,0,0,0,0,0.00,0.00,0.00,0.00
632,Matt Doherty,Wolves,6,0,45,0,0,0,1,0,1.2,1.4,4.0,0.7,2,1,1,3,1,0.07,0.01,0.08,0.68
632,Matt Doherty,Wolves,7,0,0,0,0,0,0,0,0.0,0.0,0.0,0.0,0,0,0,0,0,0.00,0.00,0.00,0.00
632,Matt Doherty,Wolves,8,2,66,0,0,0,0,0,19.2,12.7,0.0,3.2,8,2,1,9,1,0.00,0.01,0.01,0.65
632,Matt Doherty,Wolves,9,0,0,0,0,0,0,0,0.0,0.0,0.0,0.0,0,0,0,0,0,0.00,0.00,0.00,0.00
633,Hugo Bueno López,Wolves,1,1,18,0,0,0,0,0,4.4,11.1,6.0,2.2,1,2,0,1,0,0.00,0.01,0.01,0.24
633,Hugo Bueno López,Wolves,2,0,45,0,0,0,1,0,5.6,18.7,5.0,2.9,2,1,1,3,0,0.06,0.10,0.16,0.57
633,Hugo Bueno López,Wolves,3,1,74,0,0,0,0,0,22.0,20.5,14.0,5.7,4,4,5,9,1,0.00,0.04,0.04,1.84
633,Hugo Bueno López,Wolves,4,4,90,0,0,0,0,0,29.6,29.8,8.0,6.7,5,4,6,11,1,0.00,0.11,0.11,1.55
633,Hugo Bueno López,Wolves,5,1,45,0,0,0,0,0,20.0,52.5,0.0,7.3,0,3,1,1,0,0.00,0.27,0.27,0.07
633,Hugo Bueno López,Wolves,6,2,90,0,0,0,0,0,25.8,6.1,17.0,4.9,5,6,4,9,1,0.08,0.01,0.09,0.87
633,Hugo Bueno López,Wolves,7,8,76,0,0,1,0,0,16.6,25.2,0.0,4.2,2,1,2,4,1,0.00,0.20,0.20,0.94
633,Hugo Bueno López,Wolves,8,1,90,0,0,0,0,0,20.8,38.0,4.0,6.3,3,3,1,4,1,0.00,0.30,0.30,0.65
633,Hugo Bueno López,Wolves,9,1,84,0,0,0,0,0,19.8,36.1,5.0,6.1,4,4,3,7,1,0.06,0.10,0.16,1.06
634,Yerson Mosquera Valdelamar,Wolves,1,0,0,0,0,0,0,0,0.0,0.0,0.0,0.0,0,0,0,0,0,0.00,0.00,0.00,0.00
634,Yerson Mosquera Valdelamar,Wolves,2,0,0,0,0,0,0,0,0.0,0.0,0.0,0.0,0,0,0,0,0,0.00,0.00,0.00,0.00
634,Yerson Mosquera Valdelamar,Wolves,3,0,0,0,0,0,0,0,0.0,0.0,0.0,0.0,0,0,0,0,0,0.00,0.00,0.00,0.00
634,Yerson Mosquera Valdelamar,Wolves,4,2,65,0,0,0,0,0,11.8,0.2,0.0,1.2,5,2,1,6,1,0.00,0.00,0.00,1.35
634,Yerson Mosquera Valdelamar,Wolves,5,1,71,0,0,0,0,0,7.4,0.3,21.0,2.9,1,7,2,3,1,0.05,0.00,0.05,0.48
634,Yerson Mosquera Valdelamar,Wolves,6,0,0,0,0,0,0,0,0.0,0.0,0.0,0.0,0,0,0,0,0,0.00,0.00,0.00,0.00
634,Yerson Mosquera Valdelamar,Wolves,7,1,1,0,0,0,0,0,1.0,0.0,0.0,0.1,1,0,0,1,0,0.00,0.00,0.00,0.00
634,Yerson Mosquera Valdelamar,Wolves,8,0,0,0,0,0,0,0,0.0,0.0,0.0,0.0,0,0,0,0,0,0.00,0.00,0.00,0.00
634,Yerson Mosquera Valdelamar,Wolves,9,0,0,0,0,0,0,0,0.0,0.0,0.0,0.0,0,0,0,0,0,0.00,0.00,0.00,0.00
635,Rodrigo Martins Gomes,Wolves,1,1,17,0,0,0,0,0,2.2,1.0,4.0,0.7,0,0,1,1,0,0.00,0.00,0.00,0.24
635,Rodrigo Martins Gomes,Wolves,2,0,0,0,0,0,0,0,0.0,0.0,0.0,0.0,0,0,0,0,0,0.00,0.00,0.00,0.00
635,Rodrigo Martins Gomes,Wolves,3,7,27,1,0,0,0,0,32.2,1.2,27.0,6.0,1,3,1,2,0,0.37,0.01,0.38,0.18
635,Rodrigo Martins Gomes,Wolves,4,2,76,0,0,0,0,0,10.2,1.3,27.0,3.9,5,4,2,7,1,0.26,0.00,0.26,1.38
635,Rodrigo Martins Gomes,Wolves,5,0,45,0,0,0,0,0,7.2,16.3,6.0,3.0,1,0,2,3,1,0.03,0.13,0.16,0.42
635,Rodrigo Martins Gomes,Wolves,6,0,0,0,0,0,0,0,0.0,0.0,0.0,0.0,0,0,0,0,0,0.00,0.00,0.00,0.00
635,Rodrigo Martins Gomes,Wolves,7,0,0,0,0,0,0,0,0.0,0.0,0.0,0.0,0,0,0,0,0,0.00,0.00,0.00,0.00
635,Rodrigo Martins Gomes,Wolves,8,2,76,0,0,0,0,0,1.4,4.1,10.0,1.6,2,3,0,2,1,0.06,0.05,0.11,0.65
635,Rodrigo Martins Gomes,Wolves,9,1,90,0,0,0,0,0,7.0,16.5,29.0,5.3,2,4,1,3,1,0.23,0.03,0.26,1.43
636,Santiago Ignacio Bueno,Wolves,1,0,0,0,0,0,0,0,0.0,0.0,0.0,0.0,0,0,0,0,0,0.00,0.00,0.00,0.00
636,Santiago Ignacio Bueno,Wolves,2,1,34,0,0,0,0,0,12.0,0.2,0.0,1.2,2,1,2,4,0,0.00,0.00,0.00,0.46
636,Santiago Ignacio Bueno,Wolves,3,3,90,0,0,0,0,0,21.8,19.2,2.0,4.3,8,3,2,10,1,0.00,0.05,0.05,1.93
636,Santiago Ignacio Bueno,Wolves,4,0,0,0,0,0,0,0,0.0,0.0,0.0,0.0,0,0,0,0,0,0.00,0.00,0.00,0.00
636,Santiago Ignacio Bueno,Wolves,5,0,0,0,0,0,0,0,0.0,0.0,0.0,0.0,0,0,0,0,0,0.00,0.00,0.00,0.00
636,Santiago Ignacio Bueno,Wolves,6,12,90,1,0,0,0,0,61.8,11.2,37.0,11.0,7,3,8,15,1,0.75,0.01,0.76,0.87
636,Santiago Ignacio Bueno,Wolves,7,1,90,0,0,0,1,0,9.2,0.7,0.0,1.0,4,2,2,6,1,0.00,0.01,0.01,1.15
636,Santiago Ignacio Bueno,Wolves,8,1,90,0,0,0,0,0,21.4,12.3,8.0,4.2,4,0,4,8,1,0.00,0.36,0.36,0.65
636,Santiago Ignacio Bueno,Wolves,9,4,90,0,1,0,0,0,29.2,3.6,19.0,5.2,8,2,1,9,1,0.05,0.02,0.07,1.43
637,Toti Gomes,Wolves,1,0,90,0,0,0,0,0,14.6,10.8,0.0,2.5,2,4,2,4,1,0.00,0.00,0.00,2.47
637,Toti Gomes,Wolves,2,-2,48,0,0,0,0,1,7.6,0.6,0.0,0.8,6,2,0,6,1,0.00,0.00,0.00,0.72
637,Toti Gomes,Wolves,3,3,90,0,0,0,0,0,27.8,11.8,8.0,4.8,6,6,5,11,1,0.03,0.01,0.04,1.93
637,Toti Gomes,Wolves,4,2,90,0,0,0,0,0,15.4,2.0,19.0,3.6,4,8,0,4,1,0.01,0.01,0.02,1.55
637,Toti Gomes,Wolves,5,1,71,0,0,0,0,0,9.2,1.3,0.0,1.1,2,2,0,2,1,0.00,0.01,0.01,0.48
637,Toti Gomes,Wolves,6,1,1,0,0,0,0,0,0.0,0.0,0.0,0.0,0,0,0,0,0,0.00,0.00,0.00,0.06
637,Toti Gomes,Wolves,7,0,0,0,0,0,0,0,0.0,0.0,0.0,0.0,0,0,0,0,0,0.00,0.00,0.00,0.00
637,Toti Gomes,Wolves,8,0,0,0,0,0,0,0,0.0,0.0,0.0,0.0,0,0,0,0,0,0.00,0.00,0.00,0.00
637,Toti Gomes,Wolves,9,0,0,0,0,0,0,0,0.0,0.0,0.0,0.0,0,0,0,0,0,0.00,0.00,0.00,0.00
638,Ki-Jana Hoever,Wolves,1,1,72,0,0,0,0,0,17.6,19.8,0.0,3.7,5,2,2,7,1,0.00,0.14,0.14,2.22
638,Ki-Jana Hoever,Wolves,2,1,34,0,0,0,0,0,5.2,14.4,2.0,2.2,1,0,0,1,1,0.00,0.10,0.10,0.63
638,Ki-Jana Hoever,Wolves,3,0,0,0,0,0,0,0,0.0,0.0,0.0,0.0,0,0,0,0,0,0.00,0.00,0.00,0.00
638,Ki-Jana Hoever,Wolves,4,0,0,0,0,0,0,0,0.0,0.0,0.0,0.0,0,0,0,0,0,0.00,0.00,0.00,0.00
638,Ki-Jana Hoever,Wolves,5,0,0,0,0,0,0,0,0.0,0.0,0.0,0.0,0,0,0,0,0,0.00,0.00,0.00,0.00
638,Ki-Jana Hoever,Wolves,6,0,0,0,0,0,0,0,0.0,0.0,0.0,0.0,0,0,0,0,0,0.00,0.00,0.00,0.00
638,Ki-Jana Hoever,Wolves,7,0,0,0,0,0,0,0,0.0,0.0,0.0,0.0,0,0,0,0,0,0.00,0.00,0.00,0.00
638,Ki-Jana Hoever,Wolves,8,1,23,0,0,0,0,0,10.0,4.6,7.0,2.2,3,2,0,3,0,0.02,0.01,0.03,0.00
638,Ki-Jana Hoever,Wolves,9,1,75,0,0,0,0,0,9.2,2.3,2.0,1.4,3,2,1,4,1,0.00,0.05,0.05,1.05
639,Bastien Meupiyou Menadjou,Wolves,1,0,0,0,0,0,0,0,0.0,0.0,0.0,0.0,0,0,0,0,0,0.00,0.00,0.00,0.00
639,Bastien Meupiyou Menadjou,Wolves,2,0,0,0,0,0,0,0,0.0,0.0,0.0,0.0,0,0,0,0,0,0.00,0.00,0.00,0.00
639,Bastien Meupiyou Menadjou,Wolves,3,0,0,0,0,0,0,0,0.0,0.0,0.0,0.0,0,0,0,0,0,0.00,0.00,0.00,0.00
639,Bastien Meupiyou Menadjou,Wolves,4,0,0,0,0,0,0,0,0.0,0.0,0.0,0.0,0,0,0,0,0,0.00,0.00,0.00,0.00
639,Bastien Meupiyou Menadjou,Wolves,5,0,0,0,0,0,0,0,0.0,0.0,0.0,0.0,0,0,0,0,0,0.00,0.00,0.00,0.00
639,Bastien Meupiyou Menadjou,Wolves,6,0,0,0,0,0,0,0,0.0,0.0,0.0,0.0,0,0,0,0,0,0.00,0.00,0.00,0.00
639,Bastien Meupiyou Menadjou,Wolves,7,0,0,0,0,0,0,0,0.0,0.0,0.0,0.0,0,0,0,0,0,0.00,0.00,0.00,0.00
639,Bastien Meupiyou Menadjou,Wolves,8,0,0,0,0,0,0,0,0.0,0.0,0.0,0.0,0,0,0,0,0,0.00,0.00,0.00,0.00
639,Bastien Meupiyou Menadjou,Wolves,9,0,0,0,0,0,0,0,0.0,0.0,0.0,0.0,0,0,0,0,0,0.00,0.00,0.00,0.00
640,Pedro Cardoso de Lima,Wolves,1,0,0,0,0,0,0,0,0.0,0.0,0.0,0.0,0,0,0,0,0,0.00,0.00,0.00,0.00
640,Pedro Cardoso de Lima,Wolves,2,0,0,0,0,0,0,0,0.0,0.0,0.0,0.0,0,0,0,0,0,0.00,0.00,0.00,0.00
640,Pedro Cardoso de Lima,Wolves,3,0,0,0,0,0,0,0,0.0,0.0,0.0,0.0,0,0,0,0,0,0.00,0.00,0.00,0.00
640,Pedro Cardoso de Lima,Wolves,4,0,0,0,0,0,0,0,0.0,0.0,0.0,0.0,0,0,0,0,0,0.00,0.00,0.00,0.00
640,Pedro Cardoso de Lima,Wolves,5,0,0,0,0,0,0,0,0.0,0.0,0.0,0.0,0,0,0,0,0,0.00,0.00,0.00,0.00
640,Pedro Cardoso de Lima,Wolves,6,0,0,0,0,0,0,0,0.0,0.0,0.0,0.0,0,0,0,0,0,0.00,0.00,0.00,0.00
640,Pedro Cardoso de Lima,Wolves,7,0,0,0,0,0,0,0,0.0,0.0,0.0,0.0,0,0,0,0,0,0.00,0.00,0.00,0.00
640,Pedro Cardoso de Lima,Wolves,8,0,0,0,0,0,0,0,0.0,0.0,0.0,0.0,0,0,0,0,0,0.00,0.00,0.00,0.00
640,Pedro Cardoso de Lima,Wolves,9,0,0,0,0,0,0,0,0.0,0.0,0.0,0.0,0,0,0,0,0,0.00,0.00,0.00,0.00
641,Alfie Pond,Wolves,1,0,0,0,0,0,0,0,0.0,0.0,0.0,0.0,0,0,0,0,0,0.00,0.00,0.00,0.00
641,Alfie Pond,Wolves,2,0,0,0,0,0,0,0,0.0,0.0,0.0,0.0,0,0,0,0,0,0.00,0.00,0.00,0.00
641,Alfie Pond,Wolves,3,0,0,0,0,0,0,0,0.0,0.0,0.0,0.0,0,0,0,0,0,0.00,0.00,0.00,0.00
641,Alfie Pond,Wolves,4,0,0,0,0,0,0,0,0.0,0.0,0.0,0.0,0,0,0,0,0,0.00,0.00,0.00,0.00
641,Alfie Pond,Wolves,5,0,0,0,0,0,0,0,0.0,0.0,0.0,0.0,0,0,0,0,0,0.00,0.00,0.00,0.00
641,Alfie Pond,Wolves,6,0,0,0,0,0,0,0,0.0,0.0,0.0,0.0,0,0,0,0,0,0.00,0.00,0.00,0.00
641,Alfie Pond,Wolves,7,0,0,0,0,0,0,0,0.0,0.0,0.0,0.0,0,0,0,0,0,0.00,0.00,0.00,0.00
641,Alfie Pond,Wolves,8,0,0,0,0,0,0,0,0.0,0.0,0.0,0.0,0,0,0,0,0,0.00,0.00,0.00,0.00
641,Alfie Pond,Wolves,9,0,0,0,0,0,0,0,0.0,0.0,0.0,0.0,0,0,0,0,0,0.00,0.00,0.00,0.00
642,Hwang Hee-chan,Wolves,1,1,8,0,0,0,0,0,3.0,10.3,0.0,1.3,0,0,1,1,0,0.00,0.02,0.02,0.19
642,Hwang Hee-chan,Wolves,2,1,12,0,0,0,0,0,0.0,0.0,0.0,0.0,0,0,0,0,0,0.00,0.00,0.00,0.16
642,Hwang Hee-chan,Wolves,3,7,75,1,0,0,0,0,35.2,0.7,17.0,5.3,2,0,0,2,1,0.42,0.00,0.42,1.84
642,Hwang Hee-chan,Wolves,4,2,76,0,0,0,0,0,0.6,0.7,28.0,2.9,0,1,0,1,1,0.14,0.01,0.15,1.38
642,Hwang Hee-chan,Wolves,5,0,0,0,0,0,0,0,0.0,0.0,0.0,0.0,0,0,0,0,0,0.00,0.00,0.00,0.00
642,Hwang Hee-chan,Wolves,6,1,45,0,0,0,0,0,4.2,1.4,1.0,0.7,1,0,1,2,1,0.02,0.01,0.03,0.68
642,Hwang Hee-chan,Wolves,7,1,59,0,0,0,0,0,6.0,5.0,3.0,1.4,2,1,2,5,1,0.07,0.07,0.14,0.71
642,Hwang Hee-chan,Wolves,8,0,0,0,0,0,0,0,0.0,0.0,0.0,0.0,0,0,0,0,0,0.00,0.00,0.00,0.00
642,Hwang Hee-chan,Wolves,9,1,22,0,0,0,0,0,2.6,11.5,0.0,1.4,0,1,0,1,0,0.00,0.01,0.01,0.38
643,André Trindade da Costa Neto,Wolves,1,4,71,0,0,0,0,0,15.6,1.7,0.0,1.7,3,8,4,15,1,0.00,0.01,0.01,2.22
643,André Trindade da Costa Neto,Wolves,2,1,45,0,0,0,0,0,8.0,1.8,0.0,1.0,1,2,2,5,0,0.00,0.01,0.01,0.57
643,André Trindade da Costa Neto,Wolves,3,2,63,0,0,0,0,0,0.0,3.2,0.0,0.3,1,7,1,9,1,0.00,0.01,0.01,1.75
643,André Trindade da Costa Neto,Wolves,4,1,65,0,0,0,1,0,2.4,0.9,0.0,0.3,2,4,1,7,1,0.00,0.00,0.00,1.35
643,André Trindade da Costa Neto,Wolves,5,1,18,0,0,0,0,0,4.6,4.9,2.0,1.2,1,2,0,3,0,0.02,0.02,0.04,0.00
643,André Trindade da Costa Neto,Wolves,6,5,90,0,0,0,0,0,15.8,1.3,2.0,1.9,5,7,3,15,1,0.00,0.03,0.03,0.87
643,André Trindade da Costa Neto,Wolves,7,3,90,0,0,0,1,0,9.6,3.1,0.0,1.3,2,9,3,14,1,0.00,0.02,0.02,1.15
643,André Trindade da Costa Neto,Wolves,8,4,90,0,0,0,0,0,18.0,6.2,1.0,2.5,5,8,1,14,1,0.02,0.02,0.04,0.65
643,André Trindade da Costa Neto,Wolves,9,2,67,0,0,0,0,0,8.8,16.6,0.0,2.5,3,5,0,8,1,0.00,0.07,0.07,1.05
644,Jean-Ricner Bellegarde,Wolves,1,2,72,0,0,0,0,0,4.6,17.7,5.0,2.7,1,0,2,3,1,0.02,0.03,0.05,2.22
644,Jean-Ricner Bellegarde,Wolves,2,1,45,0,0,0,0,0,2.8,5.2,2.0,1.0,1,1,2,4,1,0.01,0.01,0.02,0.72
644,Jean-Ricner Bellegarde,Wolves,3,1,26,0,0,0,0,0,5.4,14.8,9.0,2.9,0,1,0,1,0,0.05,0.09,0.14,0.18
644,Jean-Ricner Bellegarde,Wolves,4,1,24,0,0,0,0,0,1.6,4.6,2.0,0.8,1,1,0,2,0,0.05,0.02,0.07,0.20
644,Jean-Ricner Bellegarde,Wolves,5,1,45,0,0,0,0,0,3.8,11.3,2.0,1.7,0,2,0,2,1,0.00,0.04,0.04,0.42
644,Jean-Ricner Bellegarde,Wolves,6,1,26,0,0,0,0,0,4.6,2.3,6.0,1.3,1,1,2,4,0,0.07,0.04,0.11,0.13
644,Jean-Ricner Bellegarde,Wolves,7,1,14,0,0,0,0,0,1.0,0.3,0.0,0.1,0,0,0,0,0,0.00,0.01,0.01,0.21
644,Jean-Ricner Bellegarde,Wolves,8,0,0,0,0,0,0,0,0.0,0.0,0.0,0.0,0,0,0,0,0,0.00,0.00,0.00,0.00
644,Jean-Ricner Bellegarde,Wolves,9,1,90,0,0,0,1,0,14.0,14.1,15.0,4.3,1,2,3,6,1,0.10,0.12,0.22,1.43
645,Fer López González,Wolves,1,1,18,0,0,0,0,0,3.4,0.6,19.0,2.3,0,0,0,0,0,0.08,0.02,0.10,0.24
645,Fer López González,Wolves,2,0,0,0,0,0,0,0,0.0,0.0,0.0,0.0,0,0,0,0,0,0.00,0.00,0.00,0.00
645,Fer López González,Wolves,3,1,26,0,0,0,0,0,0.0,9.7,2.0,1.1,0,1,0,1,0,0.03,0.01,0.04,0.18
645,Fer López González,Wolves,4,1,13,0,0,0,0,0,3.6,11.6,2.0,1.7,0,0,0,0,0,0.00,0.07,0.07,0.17
645,Fer López González,Wolves,5,3,45,0,1,0,1,0,20.0,28.8,2.0,5.1,0,2,1,3,1,0.00,0.40,0.40,0.42
645,Fer López González,Wolves,6,0,0,0,0,0,0,0,0.0,0.0,0.0,0.0,0,0,0,0,0,0.00,0.00,0.00,0.00
645,Fer López González,Wolves,7,0,0,0,0,0,0,0,0.0,0.0,0.0,0.0,0,0,0,0,0,0.00,0.00,0.00,0.00
645,Fer López González,Wolves,8,1,14,0,0,0,0,0,0.0,1.3,7.0,0.8,0,0,0,0,0,0.03,0.02,0.05,0.00
645,Fer López González,Wolves,9,0,0,0,0,0,0,0,0.0,0.0,0.0,0.0,0,0,0,0,0,0.00,0.00,0.00,0.00
646,João Victor Gomes da Silva,Wolves,1,2,90,0,0,0,0,0,19.4,14.8,4.0,3.8,3,2,4,9,1,0.00,0.04,0.04,2.47
646,João Victor Gomes da Silva,Wolves,2,1,90,0,0,0,1,0,8.6,3.0,2.0,1.4,3,5,3,11,1,0.00,0.02,0.02,1.29
646,João Victor Gomes da Silva,Wolves,3,2,90,0,0,0,0,0,5.6,15.2,1.0,2.2,0,5,0,5,1,0.01,0.03,0.04,1.93
646,João Victor Gomes da Silva,Wolves,4,3,90,0,0,0,1,0,18.2,16.7,2.0,3.7,6,9,3,18,1,0.00,0.09,0.09,1.55
646,João Victor Gomes da Silva,Wolves,5,4,90,0,0,0,0,0,19.6,12.9,12.0,4.5,4,6,4,14,1,0.23,0.11,0.34,0.48
646,João Victor Gomes da Silva,Wolves,6,2,63,0,0,1,1,0,1.4,2.6,0.0,0.4,1,5,2,8,1,0.00,0.01,0.01,0.74
646,João Victor Gomes da Silva,Wolves,7,4,90,0,0,0,0,0,17.6,13.8,4.0,3.5,5,4,4,13,1,0.00,0.00,0.00,1.15
646,João Victor Gomes da Silva,Wolves,8,2,75,0,0,0,0,0,14.2,22.7,9.0,4.6,5,2,3,10,1,0.10,0.12,0.22,0.65
646,João Victor Gomes da Silva,Wolves,9,1,22,0,0,0,0,0,0.6,1.9,1.0,0.4,0,5,1,6,0,0.02,0.02,0.04,0.38
647,Gonçalo Manuel Ganchinho Guedes,Wolves,1,0,0,0,0,0,0,0,0.0,0.0,0.0,0.0,0,0,0,0,0,0.00,0.00,0.00,0.00
647,Gonçalo Manuel Ganchinho Guedes,Wolves,2,0,0,0,0,0,0,0,0.0,0.0,0.0,0.0,0,0,0,0,0,0.00,0.00,0.00,0.00
647,Gonçalo Manuel Ganchinho Guedes,Wolves,3,0,0,0,0,0,0,0,0.0,0.0,0.0,0.0,0,0,0,0,0,0.00,0.00,0.00,0.00
647,Gonçalo Manuel Ganchinho Guedes,Wolves,4,0,0,0,0,0,0,0,0.0,0.0,0.0,0.0,0,0,0,0,0,0.00,0.00,0.00,0.00
647,Gonçalo Manuel Ganchinho Guedes,Wolves,5,0,0,0,0,0,0,0,0.0,0.0,0.0,0.0,0,0,0,0,0,0.00,0.00,0.00,0.00
647,Gonçalo Manuel Ganchinho Guedes,Wolves,6,0,0,0,0,0,0,0,0.0,0.0,0.0,0.0,0,0,0,0,0,0.00,0.00,0.00,0.00
647,Gonçalo Manuel Ganchinho Guedes,Wolves,7,0,0,0,0,0,0,0,0.0,0.0,0.0,0.0,0,0,0,0,0,0.00,0.00,0.00,0.00
647,Gonçalo Manuel Ganchinho Guedes,Wolves,8,0,0,0,0,0,0,0,0.0,0.0,0.0,0.0,0,0,0,0,0,0.00,0.00,0.00,0.00
647,Gonçalo Manuel Ganchinho Guedes,Wolves,9,0,0,0,0,0,0,0,0.0,0.0,0.0,0.0,0,0,0,0,0,0.00,0.00,0.00,0.00
648,Marshall Munetsi,Wolves,1,2,90,0,0,0,0,0,8.4,6.5,7.0,2.2,0,4,2,6,1,0.05,0.02,0.07,2.47
648,Marshall Munetsi,Wolves,2,2,90,0,0,0,0,0,4.2,1.2,4.0,0.9,3,2,1,6,1,0.06,0.01,0.07,1.29
648,Marshall Munetsi,Wolves,3,5,90,0,1,0,0,0,23.4,25.5,7.0,5.6,0,0,2,2,1,0.03,0.06,0.09,1.93
648,Marshall Munetsi,Wolves,4,0,24,0,0,0,1,0,0.0,1.6,2.0,0.2,0,0,0,0,0,0.00,0.00,0.00,0.20
648,Marshall Munetsi,Wolves,5,1,45,0,0,0,0,0,4.0,1.9,33.0,3.9,0,1,1,2,0,0.38,0.00,0.38,0.07
648,Marshall Munetsi,Wolves,6,4,90,0,0,0,0,0,27.6,3.3,4.0,3.5,11,0,3,14,1,0.00,0.06,0.06,0.87
648,Marshall Munetsi,Wolves,7,5,90,0,1,0,0,0,11.2,0.6,17.0,2.9,3,2,2,7,1,0.09,0.01,0.10,1.15
648,Marshall Munetsi,Wolves,8,4,90,0,0,0,0,0,18.6,15.1,30.0,6.4,7,2,3,12,1,0.13,0.18,0.31,0.65
648,Marshall Munetsi,Wolves,9,8,83,1,0,0,0,0,42.4,1.2,54.0,9.8,3,2,2,7,1,0.63,0.00,0.63,1.06
649,Boubacar Traoré,Wolves,1,0,0,0,0,0,0,0,0.0,0.0,0.0,0.0,0,0,0,0,0,0.00,0.00,0.00,0.00
649,Boubacar Traoré,Wolves,2,0,0,0,0,0,0,0,0.0,0.0,0.0,0.0,0,0,0,0,0,0.00,0.00,0.00,0.00
649,Boubacar Traoré,Wolves,3,0,0,0,0,0,0,0,0.0,0.0,0.0,0.0,0,0,0,0,0,0.00,0.00,0.00,0.00
649,Boubacar Traoré,Wolves,4,0,0,0,0,0,0,0,0.0,0.0,0.0,0.0,0,0,0,0,0,0.00,0.00,0.00,0.00
649,Boubacar Traoré,Wolves,5,0,0,0,0,0,0,0,0.0,0.0,0.0,0.0,0,0,0,0,0,0.00,0.00,0.00,0.00
649,Boubacar Traoré,Wolves,6,0,0,0,0,0,0,0,0.0,0.0,0.0,0.0,0,0,0,0,0,0.00,0.00,0.00,0.00
649,Boubacar Traoré,Wolves,7,0,0,0,0,0,0,0,0.0,0.0,0.0,0.0,0,0,0,0,0,0.00,0.00,0.00,0.00
649,Boubacar Traoré,Wolves,8,0,0,0,0,0,0,0,0.0,0.0,0.0,0.0,0,0,0,0,0,0.00,0.00,0.00,0.00
649,Boubacar Traoré,Wolves,9,0,0,0,0,0,0,0,0.0,0.0,0.0,0.0,0,0,0,0,0,0.00,0.00,0.00,0.00
650,Tawanda Chirewa,Wolves,1,0,0,0,0,0,0,0,0.0,0.0,0.0,0.0,0,0,0,0,0,0.00,0.00,0.00,0.00
650,Tawanda Chirewa,Wolves,2,0,0,0,0,0,0,0,0.0,0.0,0.0,0.0,0,0,0,0,0,0.00,0.00,0.00,0.00
650,Tawanda Chirewa,Wolves,3,0,0,0,0,0,0,0,0.0,0.0,0.0,0.0,0,0,0,0,0,0.00,0.00,0.00,0.00
650,Tawanda Chirewa,Wolves,4,0,0,0,0,0,0,0,0.0,0.0,0.0,0.0,0,0,0,0,0,0.00,0.00,0.00,0.00
650,Tawanda Chirewa,Wolves,5,0,0,0,0,0,0,0,0.0,0.0,0.0,0.0,0,0,0,0,0,0.00,0.00,0.00,0.00
650,Tawanda Chirewa,Wolves,6,0,0,0,0,0,0,0,0.0,0.0,0.0,0.0,0,0,0,0,0,0.00,0.00,0.00,0.00
650,Tawanda Chirewa,Wolves,7,0,0,0,0,0,0,0,0.0,0.0,0.0,0.0,0,0,0,0,0,0.00,0.00,0.00,0.00
650,Tawanda Chirewa,Wolves,8,0,0,0,0,0,0,0,0.0,0.0,0.0,0.0,0,0,0,0,0,0.00,0.00,0.00,0.00
650,Tawanda Chirewa,Wolves,9,0,0,0,0,0,0,0,0.0,0.0,0.0,0.0,0,0,0,0,0,0.00,0.00,0.00,0.00
651,Tom Edozie,Wolves,1,0,0,0,0,0,0,0,0.0,0.0,0.0,0.0,0,0,0,0,0,0.00,0.00,0.00,0.00
651,Tom Edozie,Wolves,2,0,0,0,0,0,0,0,0.0,0.0,0.0,0.0,0,0,0,0,0,0.00,0.00,0.00,0.00
651,Tom Edozie,Wolves,3,0,0,0,0,0,0,0,0.0,0.0,0.0,0.0,0,0,0,0,0,0.00,0.00,0.00,0.00
651,Tom Edozie,Wolves,4,0,0,0,0,0,0,0,0.0,0.0,0.0,0.0,0,0,0,0,0,0.00,0.00,0.00,0.00
651,Tom Edozie,Wolves,5,0,0,0,0,0,0,0,0.0,0.0,0.0,0.0,0,0,0,0,0,0.00,0.00,0.00,0.00
651,Tom Edozie,Wolves,6,0,0,0,0,0,0,0,0.0,0.0,0.0,0.0,0,0,0,0,0,0.00,0.00,0.00,0.00
651,Tom Edozie,Wolves,7,0,0,0,0,0,0,0,0.0,0.0,0.0,0.0,0,0,0,0,0,0.00,0.00,0.00,0.00
651,Tom Edozie,Wolves,8,0,0,0,0,0,0,0,0.0,0.0,0.0,0.0,0,0,0,0,0,0.00,0.00,0.00,0.00
651,Tom Edozie,Wolves,9,0,0,0,0,0,0,0,0.0,0.0,0.0,0.0,0,0,0,0,0,0.00,0.00,0.00,0.00
652,Enso González Medina,Wolves,1,0,0,0,0,0,0,0,0.0,0.0,0.0,0.0,0,0,0,0,0,0.00,0.00,0.00,0.00
652,Enso González Medina,Wolves,2,0,0,0,0,0,0,0,0.0,0.0,0.0,0.0,0,0,0,0,0,0.00,0.00,0.00,0.00
652,Enso González Medina,Wolves,3,0,0,0,0,0,0,0,0.0,0.0,0.0,0.0,0,0,0,0,0,0.00,0.00,0.00,0.00
652,Enso González Medina,Wolves,4,0,0,0,0,0,0,0,0.0,0.0,0.0,0.0,0,0,0,0,0,0.00,0.00,0.00,0.00
652,Enso González Medina,Wolves,5,0,0,0,0,0,0,0,0.0,0.0,0.0,0.0,0,0,0,0,0,0.00,0.00,0.00,0.00
652,Enso González Medina,Wolves,6,0,0,0,0,0,0,0,0.0,0.0,0.0,0.0,0,0,0,0,0,0.00,0.00,0.00,0.00
652,Enso González Medina,Wolves,7,0,0,0,0,0,0,0,0.0,0.0,0.0,0.0,0,0,0,0,0,0.00,0.00,0.00,0.00
652,Enso González Medina,Wolves,8,0,0,0,0,0,0,0,0.0,0.0,0.0,0.0,0,0,0,0,0,0.00,0.00,0.00,0.00
652,Enso González Medina,Wolves,9,0,0,0,0,0,0,0,0.0,0.0,0.0,0.0,0,0,0,0,0,0.00,0.00,0.00,0.00
653,Joe Hodge,Wolves,1,0,0,0,0,0,0,0,0.0,0.0,0.0,0.0,0,0,0,0,0,0.00,0.00,0.00,0.00
653,Joe Hodge,Wolves,2,0,0,0,0,0,0,0,0.0,0.0,0.0,0.0,0,0,0,0,0,0.00,0.00,0.00,0.00
653,Joe Hodge,Wolves,3,0,0,0,0,0,0,0,0.0,0.0,0.0,0.0,0,0,0,0,0,0.00,0.00,0.00,0.00
653,Joe Hodge,Wolves,4,0,0,0,0,0,0,0,0.0,0.0,0.0,0.0,0,0,0,0,0,0.00,0.00,0.00,0.00
653,Joe Hodge,Wolves,5,0,0,0,0,0,0,0,0.0,0.0,0.0,0.0,0,0,0,0,0,0.00,0.00,0.00,0.00
653,Joe Hodge,Wolves,6,0,0,0,0,0,0,0,0.0,0.0,0.0,0.0,0,0,0,0,0,0.00,0.00,0.00,0.00
653,Joe Hodge,Wolves,7,0,0,0,0,0,0,0,0.0,0.0,0.0,0.0,0,0,0,0,0,0.00,0.00,0.00,0.00
653,Joe Hodge,Wolves,8,0,0,0,0,0,0,0,0.0,0.0,0.0,0.0,0,0,0,0,0,0.00,0.00,0.00,0.00
653,Joe Hodge,Wolves,9,0,0,0,0,0,0,0,0.0,0.0,0.0,0.0,0,0,0,0,0,0.00,0.00,0.00,0.00
654,Jørgen Strand Larsen,Wolves,1,2,81,0,0,0,0,0,11.0,2.3,45.0,5.8,3,1,1,5,1,0.38,0.01,0.39,2.28
654,Jørgen Strand Larsen,Wolves,2,2,77,0,0,0,0,0,3.2,3.8,23.0,3.0,1,0,0,1,1,0.10,0.01,0.11,1.13
654,Jørgen Strand Larsen,Wolves,3,0,0,0,0,0,0,0,0.0,0.0,0.0,0.0,0,0,0,0,0,0.00,0.00,0.00,0.00
654,Jørgen Strand Larsen,Wolves,4,0,0,0,0,0,0,0,0.0,0.0,0.0,0.0,0,0,0,0,0,0.00,0.00,0.00,0.00
654,Jørgen Strand Larsen,Wolves,5,1,45,0,0,0,0,0,0.0,1.6,10.0,0.9,0,1,0,1,0,0.04,0.12,0.16,0.07
654,Jørgen Strand Larsen,Wolves,6,2,83,0,0,1,0,0,1.6,1.6,11.0,1.4,3,0,0,3,1,0.08,0.01,0.09,0.81
654,Jørgen Strand Larsen,Wolves,7,2,76,0,0,1,0,0,0.2,1.8,4.0,0.6,2,2,0,4,1,0.05,0.01,0.06,0.94
654,Jørgen Strand Larsen,Wolves,8,2,90,0,0,0,0,0,3.6,22.1,10.0,3.6,1,1,0,2,1,0.04,0.07,0.11,0.65
654,Jørgen Strand Larsen,Wolves,9,6,90,1,0,0,0,0,39.6,14.2,44.0,9.8,1,1,0,2,1,0.83,0.13,0.96,1.43
655,Fábio Soares Silva,Wolves,1,0,0,0,0,0,0,0,0.0,0.0,0.0,0.0,0,0,0,0,0,0.00,0.00,0.00,0.00
655,Fábio Soares Silva,Wolves,2,0,0,0,0,0,0,0,0.0,0.0,0.0,0.0,0,0,0,0,0,0.00,0.00,0.00,0.00
655,Fábio Soares Silva,Wolves,3,0,0,0,0,0,0,0,0.0,0.0,0.0,0.0,0,0,0,0,0,0.00,0.00,0.00,0.00
655,Fábio Soares Silva,Wolves,4,0,0,0,0,0,0,0,0.0,0.0,0.0,0.0,0,0,0,0,0,0.00,0.00,0.00,0.00
655,Fábio Soares Silva,Wolves,5,0,0,0,0,0,0,0,0.0,0.0,0.0,0.0,0,0,0,0,0,0.00,0.00,0.00,0.00
655,Fábio Soares Silva,Wolves,6,0,0,0,0,0,0,0,0.0,0.0,0.0,0.0,0,0,0,0,0,0.00,0.00,0.00,0.00
655,Fábio Soares Silva,Wolves,7,0,0,0,0,0,0,0,0.0,0.0,0.0,0.0,0,0,0,0,0,0.00,0.00,0.00,0.00
655,Fábio Soares Silva,Wolves,8,0,0,0,0,0,0,0,0.0,0.0,0.0,0.0,0,0,0,0,0,0.00,0.00,0.00,0.00
655,Fábio Soares Silva,Wolves,9,0,0,0,0,0,0,0,0.0,0.0,0.0,0.0,0,0,0,0,0,0.00,0.00,0.00,0.00
656,Saša Kalajdžić,Wolves,1,0,0,0,0,0,0,0,0.0,0.0,0.0,0.0,0,0,0,0,0,0.00,0.00,0.00,0.00
656,Saša Kalajdžić,Wolves,2,0,0,0,0,0,0,0,0.0,0.0,0.0,0.0,0,0,0,0,0,0.00,0.00,0.00,0.00
656,Saša Kalajdžić,Wolves,3,1,14,0,0,0,0,0,1.0,4.3,2.0,0.7,1,1,0,2,0,0.00,0.01,0.01,0.10
656,Saša Kalajdžić,Wolves,4,0,0,0,0,0,0,0,0.0,0.0,0.0,0.0,0,0,0,0,0,0.00,0.00,0.00,0.00
656,Saša Kalajdžić,Wolves,5,0,0,0,0,0,0,0,0.0,0.0,0.0,0.0,0,0,0,0,0,0.00,0.00,0.00,0.00
656,Saša Kalajdžić,Wolves,6,0,0,0,0,0,0,0,0.0,0.0,0.0,0.0,0,0,0,0,0,0.00,0.00,0.00,0.00
656,Saša Kalajdžić,Wolves,7,0,0,0,0,0,0,0,0.0,0.0,0.0,0.0,0,0,0,0,0,0.00,0.00,0.00,0.00
656,Saša Kalajdžić,Wolves,8,0,0,0,0,0,0,0,0.0,0.0,0.0,0.0,0,0,0,0,0,0.00,0.00,0.00,0.00
656,Saša Kalajdžić,Wolves,9,0,0,0,0,0,0,0,0.0,0.0,0.0,0.0,0,0,0,0,0,0.00,0.00,0.00,0.00
657,Leon Chiwome,Wolves,1,0,0,0,0,0,0,0,0.0,0.0,0.0,0.0,0,0,0,0,0,0.00,0.00,0.00,0.00
657,Leon Chiwome,Wolves,2,0,0,0,0,0,0,0,0.0,0.0,0.0,0.0,0,0,0,0,0,0.00,0.00,0.00,0.00
657,Leon Chiwome,Wolves,3,0,0,0,0,0,0,0,0.0,0.0,0.0,0.0,0,0,0,0,0,0.00,0.00,0.00,0.00
657,Leon Chiwome,Wolves,4,0,0,0,0,0,0,0,0.0,0.0,0.0,0.0,0,0,0,0,0,0.00,0.00,0.00,0.00
657,Leon Chiwome,Wolves,5,0,0,0,0,0,0,0,0.0,0.0,0.0,0.0,0,0,0,0,0,0.00,0.00,0.00,0.00
657,Leon Chiwome,Wolves,6,0,0,0,0,0,0,0,0.0,0.0,0.0,0.0,0,0,0,0,0,0.00,0.00,0.00,0.00
657,Leon Chiwome,Wolves,7,0,0,0,0,0,0,0,0.0,0.0,0.0,0.0,0,0,0,0,0,0.00,0.00,0.00,0.00
657,Leon Chiwome,Wolves,8,0,0,0,0,0,0,0,0.0,0.0,0.0,0.0,0,0,0,0,0,0.00,0.00,0.00,0.00
657,Leon Chiwome,Wolves,9,0,0,0,0,0,0,0,0.0,0.0,0.0,0.0,0,0,0,0,0,0.00,0.00,0.00,0.00
658,Nathan Fraser,Wolves,1,0,0,0,0,0,0,0,0.0,0.0,0.0,0.0,0,0,0,0,0,0.00,0.00,0.00,0.00
658,Nathan Fraser,Wolves,2,0,0,0,0,0,0,0,0.0,0.0,0.0,0.0,0,0,0,0,0,0.00,0.00,0.00,0.00
658,Nathan Fraser,Wolves,3,0,0,0,0,0,0,0,0.0,0.0,0.0,0.0,0,0,0,0,0,0.00,0.00,0.00,0.00
658,Nathan Fraser,Wolves,4,0,0,0,0,0,0,0,0.0,0.0,0.0,0.0,0,0,0,0,0,0.00,0.00,0.00,0.00
658,Nathan Fraser,Wolves,5,0,0,0,0,0,0,0,0.0,0.0,0.0,0.0,0,0,0,0,0,0.00,0.00,0.00,0.00
658,Nathan Fraser,Wolves,6,0,0,0,0,0,0,0,0.0,0.0,0.0,0.0,0,0,0,0,0,0.00,0.00,0.00,0.00
658,Nathan Fraser,Wolves,7,0,0,0,0,0,0,0,0.0,0.0,0.0,0.0,0,0,0,0,0,0.00,0.00,0.00,0.00
658,Nathan Fraser,Wolves,8,0,0,0,0,0,0,0,0.0,0.0,0.0,0.0,0,0,0,0,0,0.00,0.00,0.00,0.00
658,Nathan Fraser,Wolves,9,0,0,0,0,0,0,0,0.0,0.0,0.0,0.0,0,0,0,0,0,0.00,0.00,0.00,0.00
663,Jhon Arias,Wolves,1,1,17,0,0,0,0,0,2.2,12.0,2.0,1.6,1,2,0,3,0,0.00,0.02,0.02,0.24
663,Jhon Arias,Wolves,2,1,55,0,0,0,0,0,5.6,1.6,4.0,1.1,1,2,4,7,1,0.13,0.01,0.14,0.83
663,Jhon Arias,Wolves,3,2,63,0,0,0,0,0,15.6,5.0,13.0,3.4,0,1,6,7,1,0.04,0.02,0.06,1.75
663,Jhon Arias,Wolves,4,1,24,0,0,0,0,0,0.0,0.8,7.0,0.7,1,1,0,2,0,0.04,0.00,0.04,0.20
663,Jhon Arias,Wolves,5,1,18,0,0,0,0,0,6.8,29.1,10.0,4.6,0,0,0,0,0,0.00,0.06,0.06,0.00
663,Jhon Arias,Wolves,6,5,90,0,0,1,0,0,21.0,48.3,9.0,7.8,3,6,5,14,1,0.06,0.13,0.19,0.81
663,Jhon Arias,Wolves,7,3,90,0,0,0,0,0,15.6,18.8,13.0,4.7,2,4,4,10,1,0.33,0.02,0.35,1.15
663,Jhon Arias,Wolves,8,2,76,0,0,0,0,0,9.8,15.9,8.0,3.4,2,5,2,9,1,0.04,0.04,0.08,0.65
663,Jhon Arias,Wolves,9,2,67,0,0,0,0,0,3.2,20.3,14.0,3.8,2,2,1,5,1,0.53,0.04,0.57,1.05
682,David Møller Wolfe,Wolves,1,1,71,0,0,0,0,0,7.2,0.8,2.0,1.0,3,2,1,4,1,0.00,0.00,0.00,2.22
682,David Møller Wolfe,Wolves,2,1,45,0,0,0,0,0,2.2,0.3,2.0,0.5,0,2,1,1,1,0.00,0.00,0.00,0.72
682,David Møller Wolfe,Wolves,3,4,15,0,1,0,0,0,21.2,15.0,0.0,3.6,1,0,0,1,0,0.00,0.12,0.12,0.10
682,David Møller Wolfe,Wolves,4,0,0,0,0,0,0,0,0.0,0.0,0.0,0.0,0,0,0,0,0,0.00,0.00,0.00,0.00
682,David Møller Wolfe,Wolves,5,0,0,0,0,0,0,0,0.0,0.0,0.0,0.0,0,0,0,0,0,0.00,0.00,0.00,0.00
682,David Møller Wolfe,Wolves,6,0,0,0,0,0,0,0,0.0,0.0,0.0,0.0,0,0,0,0,0,0.00,0.00,0.00,0.00
682,David Møller Wolfe,Wolves,7,1,13,0,0,0,0,0,2.2,0.3,0.0,0.3,1,0,0,1,0,0.00,0.00,0.00,0.21
682,David Møller Wolfe,Wolves,8,0,0,0,0,0,0,0,0.0,0.0,0.0,0.0,0,0,0,0,0,0.00,0.00,0.00,0.00
682,David Møller Wolfe,Wolves,9,1,5,0,0,0,0,0,4.2,4.5,0.0,0.9,1,1,0,1,0,0.00,0.03,0.03,0.37
695,Jackson Tchatchoua,Wolves,2,1,55,0,0,0,0,0,8.6,16.8,4.0,2.9,4,3,0,4,0,0.00,0.02,0.02,0.66
695,Jackson Tchatchoua,Wolves,3,1,62,0,0,0,0,0,11.0,6.3,2.0,1.9,2,2,1,3,1,0.00,0.01,0.01,1.75
695,Jackson Tchatchoua,Wolves,4,1,13,0,0,0,0,0,0.2,1.2,2.0,0.3,0,2,0,0,0,0.00,0.00,0.00,0.17
695,Jackson Tchatchoua,Wolves,5,1,90,0,0,0,0,0,22.0,30.8,6.0,5.9,2,5,4,6,1,0.00,0.01,0.01,0.48
695,Jackson Tchatchoua,Wolves,6,1,45,0,0,0,0,0,9.8,0.8,0.0,1.1,3,3,2,5,0,0.00,0.00,0.00,0.19
695,Jackson Tchatchoua,Wolves,7,4,90,0,0,0,0,0,19.0,1.0,0.0,2.0,7,8,3,10,1,0.00,0.00,0.00,1.15
695,Jackson Tchatchoua,Wolves,8,1,13,0,0,0,0,0,0.2,12.3,4.0,1.7,0,2,0,0,0,0.26,0.00,0.26,0.00
695,Jackson Tchatchoua,Wolves,9,1,14,0,0,0,0,0,8.8,23.3,0.0,3.2,0,0,0,0,0,0.00,0.06,0.06,0.38
709,Ladislav Krejcí,Wolves,3,0,0,0,0,0,0,0,0.0,0.0,0.0,0.0,0,0,0,0,0,0.00,0.00,0.00,0.00
709,Ladislav Krejcí,Wolves,4,1,90,0,0,0,1,0,8.2,15.6,0.0,2.4,3,3,1,4,1,0.00,0.16,0.16,1.55
709,Ladislav Krejcí,Wolves,5,7,90,1,0,0,0,0,49.4,13.6,17.0,8.0,3,4,5,8,1,0.68,0.04,0.72,0.48
709,Ladislav Krejcí,Wolves,6,2,90,0,0,0,0,0,19.4,11.1,17.0,4.8,4,1,0,4,1,0.06,0.01,0.07,0.87
709,Ladislav Krejcí,Wolves,7,2,90,0,0,0,0,0,21.0,1.2,19.0,4.1,5,2,3,8,1,0.01,0.01,0.02,1.15
709,Ladislav Krejcí,Wolves,8,-1,90,0,0,0,0,0,26.8,18.2,25.0,7.0,9,3,0,9,1,0.02,0.07,0.09,0.65
709,Ladislav Krejcí,Wolves,9,4,90,0,1,0,0,0,40.6,13.8,13.0,6.7,8,7,0,8,1,0.07,0.69,0.76,1.43
720,Tolu Arokodare,Wolves,4,2,65,0,0,0,0,0,4.4,1.8,4.0,1.0,4,0,0,4,1,0.00,0.00,0.00,1.35
720,Tolu Arokodare,Wolves,5,2,90,0,0,0,0,0,5.0,13.0,47.0,6.5,1,2,1,4,1,0.22,0.03,0.25,0.48
720,Tolu Arokodare,Wolves,6,1,6,0,0,0,0,0,3.0,0.1,0.0,0.3,2,0,0,2,0,0.00,0.00,0.00,0.06
720,Tolu Arokodare,Wolves,7,1,1,0,0,0,0,0,0.0,0.0,0.0,0.0,0,0,0,0,0,0.00,0.00,0.00,0.00
720,Tolu Arokodare,Wolves,8,1,14,0,0,0,0,0,0.0,1.2,14.0,1.3,1,0,0,1,0,0.12,0.00,0.12,0.00
720,Tolu Arokodare,Wolves,9,1,6,0,0,0,0,0,0.0,0.0,2.0,0.2,0,0,0,0,0,0.00,0.00,0.00,0.37
