"Squad","Player","Starts_Playing","Min_Playing","Gls","Ast","G+A","G_minus_PK","PK","PKatt","xG_Expected","npxG_Expected","xAG_Expected","npxG+xAG_Expected","PrgC_Progression","PrgP_Progression","PrgR_Progression","Gls_Per","Ast_Per","G+A_Per","G_minus_PK_Per","G+A_minus_PK_Per","xG_Per","xAG_Per","xG+xAG_Per","npxG_Per","Gls_Standard","Sh_Standard","SoT_Standard","SoT_percent_Standard","Sh_per_90_Standard","SoT_per_90_Standard","G_per_Sh_Standard","G_per_SoT_Standard","Dist_Standard","Cmp_Total","Att_Total","Cmp_percent_Total","xAG","xA_Expected","A_minus_xAG_Expected","KP","Final_Third","PPA","CrsPA","PrgP","Tkl_Tackles","TklW_Tackles","Blocks_Blocks","Int","Tkl+Int","Clr","Err","Fls","Fld","Off","Crs","Won_Aerial","Lost_Aerial","Won_percent_Aerial","GA","GA90","SoTA","Saves","Save_percent","CS","CS_percent","PKatt_Penalty","PKA_Penalty","PKsv_Penalty","PKm_Penalty","Save_percent_Penalty"
"Arsenal","Riccardo Calafiori",8,614,1,2,3,1,0,0,1.9,1.9,0.5,2.4,16,25,29,0.15,0.29,0.44,0.15,0.44,0.27,0.07,0.35,0.27,1,16,1,6.3,2.35,0.15,0.06,1,14.7,272,340,80,0.5,0.2,1.5,4,15,5,2,25,12,8,4,4,16,20,0,11,5,2,14,12,10,54.5,NA,NA,NA,NA,NA,NA,NA,NA,NA,NA,NA,NA
"Arsenal","Max Dowman",0,29,0,0,0,0,0,0,0.1,0.1,0,0.1,4,0,6,0,0,0,0,0,0.43,0,0.43,0.43,0,3,0,0,9.31,0,0,NA,17.3,4,4,100,0,0,0,0,0,0,0,0,2,2,1,0,2,0,0,0,2,0,0,0,0,NA,NA,NA,NA,NA,NA,NA,NA,NA,NA,NA,NA,NA
"Arsenal","Eberechi Eze",4,373,0,2,2,0,0,0,1.1,1.1,0.8,1.9,10,22,27,0,0.48,0.48,0,0.48,0.26,0.19,0.45,0.26,0,12,4,33.3,2.9,0.97,0,0,16.5,131,155,84.5,0.8,0.9,1.2,4,8,6,1,22,3,3,1,1,4,3,0,2,4,1,4,4,4,50,NA,NA,NA,NA,NA,NA,NA,NA,NA,NA,NA,NA
"Arsenal","Viktor Gyökeres",8,665,3,0,3,2,1,1,3.4,2.6,0.3,2.9,5,7,41,0.41,0,0.41,0.27,0.27,0.46,0.04,0.5,0.36,3,17,6,35.3,2.3,0.81,0.12,0.33,11.7,46,83,55.4,0.3,0.5,-0.3,5,2,3,0,7,2,2,3,0,2,6,0,6,11,2,3,13,22,37.1,NA,NA,NA,NA,NA,NA,NA,NA,NA,NA,NA,NA
"Arsenal","Kai Havertz",0,31,0,0,0,0,0,0,0,0,0,0,1,2,2,0,0,0,0,0,0,0,0,0,0,0,0,NA,0,0,NA,NA,NA,5,9,55.6,0,0,0,0,0,0,0,2,0,0,0,0,0,1,0,0,2,0,0,2,2,50,NA,NA,NA,NA,NA,NA,NA,NA,NA,NA,NA,NA
"Arsenal","Myles Lewis-Skelly",0,88,0,0,0,0,0,0,0,0,0,0,1,1,5,0,0,0,0,0,0,0,0,0,0,0,0,NA,0,0,NA,NA,NA,53,57,93,0,0,0,0,2,0,0,1,1,1,1,1,2,2,0,4,2,0,0,0,2,0,NA,NA,NA,NA,NA,NA,NA,NA,NA,NA,NA,NA
"Arsenal","Noni Madueke",4,304,0,0,0,0,0,0,0.3,0.3,0.8,1.1,18,9,44,0,0,0,0,0,0.09,0.25,0.34,0.09,0,5,2,40,1.48,0.59,0,0,13.3,73,122,59.8,0.8,0.8,-0.8,8,0,7,1,9,3,2,2,1,4,0,0,5,4,0,26,3,2,60,NA,NA,NA,NA,NA,NA,NA,NA,NA,NA,NA,NA
"Arsenal","Gabriel Magalhães",8,720,1,1,2,1,0,0,0.7,0.7,0.3,1,6,32,1,0.12,0.12,0.25,0.12,0.25,0.09,0.04,0.12,0.09,1,7,1,14.3,0.87,0.12,0.14,1,11.9,438,487,89.9,0.3,0.1,0.7,1,26,0,0,32,10,6,12,8,18,48,2,3,9,0,0,25,17,59.5,NA,NA,NA,NA,NA,NA,NA,NA,NA,NA,NA,NA
"Arsenal","Gabriel Martinelli",2,195,1,0,1,1,0,0,0.8,0.8,0.1,0.9,6,5,8,0.46,0,0.46,0.46,0.46,0.36,0.06,0.42,0.36,1,5,3,60,2.31,1.38,0.2,0.33,15.5,22,34,64.7,0.1,0.1,-0.1,2,2,1,0,5,3,3,3,0,3,2,0,1,3,0,5,1,0,100,NA,NA,NA,NA,NA,NA,NA,NA,NA,NA,NA,NA
"Arsenal","Mikel Merino",3,274,1,0,1,1,0,0,0.3,0.3,0.1,0.4,6,11,10,0.33,0,0.33,0.33,0.33,0.11,0.03,0.14,0.11,1,4,2,50,1.31,0.66,0.25,0.5,7.5,88,110,80,0.1,0.1,-0.1,2,11,3,0,11,7,2,4,3,10,3,0,6,5,0,2,4,6,40,NA,NA,NA,NA,NA,NA,NA,NA,NA,NA,NA,NA
"Arsenal","Cristhian Mosquera",2,249,0,0,0,0,0,0,0,0,0,0,2,5,1,0,0,0,0,0,0,0,0,0,0,0,0,NA,0,0,NA,NA,NA,157,173,90.8,0,0,0,0,3,0,0,5,8,6,3,5,13,8,0,0,0,1,0,1,4,20,NA,NA,NA,NA,NA,NA,NA,NA,NA,NA,NA,NA
"Arsenal","Ethan Nwaneri",0,149,0,0,0,0,0,0,0.2,0.2,0,0.2,6,13,6,0,0,0,0,0,0.11,0.03,0.14,0.11,0,5,0,0,3.02,0,0,NA,18.8,72,81,88.9,0,0.1,0,1,8,2,0,13,0,0,3,0,0,1,0,1,0,0,2,1,3,25,NA,NA,NA,NA,NA,NA,NA,NA,NA,NA,NA,NA
"Arsenal","Christian Nørgaard",0,1,0,0,0,0,0,0,0,0,0,0,0,0,0,0,0,0,0,0,0,0,0,0,0,0,0,NA,0,0,NA,NA,NA,2,2,100,0,0,0,0,0,0,0,0,0,0,0,0,0,1,0,0,0,0,0,0,0,NA,NA,NA,NA,NA,NA,NA,NA,NA,NA,NA,NA,NA
"Arsenal","David Raya",8,720,0,0,0,0,0,0,0,0,0.1,0.1,0,3,0,0,0,0,0,0,0,0.01,0.01,0,0,0,0,NA,0,0,NA,NA,NA,205,283,72.4,0.1,0,-0.1,1,20,1,0,3,0,0,0,0,0,4,1,0,1,0,0,1,0,100,3,0.33,19,16,84.2,6,66.7,0,0,0,0,NA
"Arsenal","Declan Rice",7,633,1,2,3,1,0,0,0.5,0.5,1.2,1.7,22,54,15,0.14,0.28,0.43,0.14,0.43,0.07,0.17,0.24,0.07,1,7,1,14.3,1,0.14,0.14,1,24,443,513,86.4,1.2,1.2,0.8,12,39,8,2,54,6,3,6,3,9,10,0,5,0,0,40,8,5,61.5,NA,NA,NA,NA,NA,NA,NA,NA,NA,NA,NA,NA
"Arsenal","Bukayo Saka",5,436,2,0,2,1,1,1,1.3,0.5,1.4,1.9,25,11,68,0.41,0,0.41,0.21,0.21,0.27,0.29,0.56,0.1,2,10,3,30,2.06,0.62,0.1,0.33,19.1,133,192,69.3,1.4,2,-1.4,13,2,11,2,11,7,3,8,1,8,1,1,7,14,4,34,2,4,33.3,NA,NA,NA,NA,NA,NA,NA,NA,NA,NA,NA,NA
"Arsenal","William Saliba",6,499,0,0,0,0,0,0,0.1,0.1,0.1,0.2,2,23,3,0,0,0,0,0,0.02,0.01,0.03,0.02,0,1,0,0,0.18,0,0,NA,8.5,443,474,93.5,0.1,0.2,-0.1,1,22,1,0,23,8,3,4,3,11,28,0,5,3,0,1,17,7,70.8,NA,NA,NA,NA,NA,NA,NA,NA,NA,NA,NA,NA
"Arsenal","Jurriën Timber",7,612,2,1,3,2,0,0,1.8,1.8,0.6,2.3,14,47,37,0.29,0.15,0.44,0.29,0.44,0.26,0.08,0.34,0.26,2,9,5,55.6,1.32,0.74,0.22,0.4,8.6,300,353,85,0.6,0.6,0.4,10,34,14,1,47,27,15,4,6,33,19,0,10,9,0,11,6,7,46.2,NA,NA,NA,NA,NA,NA,NA,NA,NA,NA,NA,NA
"Arsenal","Leandro Trossard",4,374,1,1,2,1,0,0,1.2,1.2,0.3,1.6,11,13,43,0.24,0.24,0.48,0.24,0.48,0.29,0.08,0.38,0.29,1,9,1,11.1,2.17,0.24,0.11,1,8.6,117,172,68,0.3,0.6,0.7,6,6,9,2,13,3,3,2,3,6,2,0,2,4,1,18,2,1,66.7,NA,NA,NA,NA,NA,NA,NA,NA,NA,NA,NA,NA
"Arsenal","Ben White",1,70,0,0,0,0,0,0,0,0,0,0.1,1,4,0,0,0,0,0,0,0.02,0.06,0.07,0.02,0,1,0,0,1.29,0,0,NA,29.2,21,27,77.8,0,0,0,1,5,0,0,4,2,1,2,1,3,4,0,2,0,0,1,2,1,66.7,NA,NA,NA,NA,NA,NA,NA,NA,NA,NA,NA,NA
"Arsenal","Martín Zubimendi",7,681,2,0,2,2,0,0,0.3,0.3,0.7,0.9,7,48,6,0.26,0,0.26,0.26,0.26,0.04,0.09,0.12,0.04,2,6,2,33.3,0.79,0.26,0.33,1,18.8,431,480,89.8,0.7,0.9,-0.7,6,36,6,0,48,15,9,13,7,22,10,0,11,1,0,3,11,7,61.1,NA,NA,NA,NA,NA,NA,NA,NA,NA,NA,NA,NA
"Arsenal","Martin Ødegaard",4,203,0,1,1,0,0,0,0.1,0.1,0.5,0.6,10,26,5,0,0.44,0.44,0,0.44,0.06,0.2,0.27,0.06,0,4,1,25,1.77,0.44,0,0,21.7,111,140,79.3,0.5,0.8,0.5,3,19,9,0,26,3,1,0,1,4,5,0,2,3,0,5,1,1,50,NA,NA,NA,NA,NA,NA,NA,NA,NA,NA,NA,NA
"Aston Villa","Ross Barkley",0,16,0,0,0,0,0,0,0.1,0.1,0,0.1,1,2,0,0,0,0,0,0,0.67,0,0.67,0.67,0,1,0,0,5.63,0,0,NA,5.8,7,8,87.5,0,0,0,0,1,0,0,2,1,1,0,0,1,1,0,0,0,0,0,0,0,NA,NA,NA,NA,NA,NA,NA,NA,NA,NA,NA,NA,NA
"Aston Villa","Marco Bizot",2,180,0,0,0,0,0,0,0,0,0,0,0,1,0,0,0,0,0,0,0,0,0,0,0,0,0,NA,0,0,NA,NA,NA,46,67,68.7,0,0,0,0,0,0,0,1,0,0,0,0,0,2,0,1,0,0,0,0,0,NA,3,1.5,7,4,71.4,1,50,1,1,0,0,0
"Aston Villa","Lamare Bogarde",3,281,0,0,0,0,0,0,0,0,0,0,3,8,2,0,0,0,0,0,0,0.01,0.01,0,0,0,0,NA,0,0,NA,NA,NA,148,157,94.3,0,0.1,0,2,14,1,0,8,4,3,2,0,4,3,1,6,9,0,0,3,5,37.5,NA,NA,NA,NA,NA,NA,NA,NA,NA,NA,NA,NA
"Aston Villa","Emi Buendía",2,329,2,1,3,2,0,0,0.7,0.7,0.4,1.1,11,23,13,0.55,0.27,0.82,0.55,0.82,0.19,0.11,0.31,0.19,2,11,2,18.2,3.01,0.55,0.18,1,21,105,131,80.2,0.4,0.6,0.6,6,13,9,0,23,12,8,9,1,13,7,0,11,6,0,1,4,9,30.8,NA,NA,NA,NA,NA,NA,NA,NA,NA,NA,NA,NA
"Aston Villa","Matty Cash",8,696,1,0,1,1,0,0,0.1,0.1,0.5,0.6,11,30,38,0.13,0,0.13,0.13,0.13,0.02,0.06,0.08,0.02,1,7,2,28.6,0.91,0.26,0.14,0.5,29.1,344,433,79.4,0.5,0.6,-0.5,6,35,4,1,30,14,9,11,5,19,23,1,7,8,2,34,6,6,50,NA,NA,NA,NA,NA,NA,NA,NA,NA,NA,NA,NA
"Aston Villa","Lucas Digne",7,569,0,2,2,0,0,0,0.3,0.3,0.6,0.9,7,11,48,0,0.32,0.32,0,0.32,0.04,0.1,0.14,0.04,0,4,2,50,0.63,0.32,0,0,21.5,220,307,71.7,0.6,1.1,1.4,7,7,9,5,11,9,5,2,4,13,19,0,5,5,2,30,8,8,50,NA,NA,NA,NA,NA,NA,NA,NA,NA,NA,NA,NA
"Aston Villa","Harvey Elliott",1,98,0,0,0,0,0,0,0.2,0.2,0,0.2,3,5,11,0,0,0,0,0,0.17,0,0.17,0.17,0,3,0,0,2.76,0,0,NA,15.3,53,62,85.5,0,0.1,0,0,6,1,1,5,0,0,4,0,0,1,0,0,2,0,3,0,1,0,NA,NA,NA,NA,NA,NA,NA,NA,NA,NA,NA,NA
"Aston Villa","Evann Guessand",4,343,0,0,0,0,0,0,0.3,0.3,0,0.3,10,7,24,0,0,0,0,0,0.08,0.01,0.09,0.08,0,2,2,100,0.52,0.52,0,0,13.4,55,75,73.3,0,0.5,0,1,2,4,0,7,13,7,9,0,13,6,0,6,6,0,10,3,5,37.5,NA,NA,NA,NA,NA,NA,NA,NA,NA,NA,NA,NA
"Aston Villa","Boubacar Kamara",5,385,0,2,2,0,0,0,0.1,0.1,0.3,0.3,4,31,2,0,0.47,0.47,0,0.47,0.02,0.06,0.08,0.02,0,2,1,50,0.47,0.23,0,0,12,207,234,88.5,0.3,0.3,1.7,4,27,5,0,31,11,7,5,3,14,10,0,4,11,0,0,18,4,81.8,NA,NA,NA,NA,NA,NA,NA,NA,NA,NA,NA,NA
"Aston Villa","Ezri Konsa",7,605,0,0,0,0,0,0,0,0,0,0.1,4,24,2,0,0,0,0,0,0.01,0,0.01,0.01,0,1,1,100,0.15,0.15,0,0,11.1,426,450,94.7,0,0.1,0,1,33,1,0,24,3,1,10,2,5,22,0,3,7,0,3,6,4,60,NA,NA,NA,NA,NA,NA,NA,NA,NA,NA,NA,NA
"Aston Villa","Victor Lindelöf",0,24,0,0,0,0,0,0,0,0,0,0,0,2,0,0,0,0,0,0,0,0,0,0,0,0,0,NA,0,0,NA,NA,NA,9,11,81.8,0,0,0,0,1,0,0,2,0,0,1,0,0,1,0,0,0,0,0,1,0,100,NA,NA,NA,NA,NA,NA,NA,NA,NA,NA,NA,NA
"Aston Villa","Ian Maatsen",1,157,0,0,0,0,0,0,0.2,0.2,0.3,0.4,6,15,13,0,0,0,0,0,0.11,0.15,0.26,0.11,0,3,0,0,1.72,0,0,NA,20.9,119,143,83.2,0.3,0.2,-0.3,4,15,3,1,15,4,4,0,2,6,10,0,1,2,1,14,4,3,57.1,NA,NA,NA,NA,NA,NA,NA,NA,NA,NA,NA,NA
"Aston Villa","Donyell Malen",3,294,2,0,2,2,0,0,0.8,0.8,0.2,1,6,7,17,0.61,0,0.61,0.61,0.61,0.25,0.06,0.31,0.25,2,9,3,33.3,2.76,0.92,0.22,0.67,13.9,44,58,75.9,0.2,0.1,-0.2,3,4,2,0,7,2,2,2,0,2,3,0,1,2,1,2,2,0,100,NA,NA,NA,NA,NA,NA,NA,NA,NA,NA,NA,NA
"Aston Villa","Emiliano Martínez",6,540,0,0,0,0,0,0,0,0,0,0,0,0,0,0,0,0,0,0,0,0,0,0,0,0,0,NA,0,0,NA,NA,NA,183,230,79.6,0,0,0,0,7,2,0,0,0,0,0,0,0,5,1,0,4,0,0,1,0,100,5,0.71,19,14,73.7,2,28.6,0,0,0,0,NA
"Aston Villa","John McGinn",8,636,1,0,1,1,0,0,0.6,0.6,0.9,1.5,9,32,20,0.14,0,0.14,0.14,0.14,0.09,0.12,0.21,0.09,1,8,2,25,1.13,0.28,0.13,0.5,23.2,211,268,78.7,0.9,0.8,-0.9,8,14,12,6,32,9,6,6,6,15,4,0,11,12,0,24,4,7,36.4,NA,NA,NA,NA,NA,NA,NA,NA,NA,NA,NA,NA
"Aston Villa","Tyrone Mings",6,481,0,0,0,0,0,0,0.3,0.3,0.1,0.4,1,27,3,0,0,0,0,0,0.05,0.02,0.07,0.05,0,3,0,0,0.56,0,0,NA,8.6,302,338,89.3,0.1,0.1,-0.1,3,28,1,0,27,2,1,6,4,6,30,0,3,3,0,1,21,13,61.8,NA,NA,NA,NA,NA,NA,NA,NA,NA,NA,NA,NA
"Aston Villa","Amadou Onana",3,235,0,0,0,0,0,0,0.2,0.2,0,0.2,2,9,1,0,0,0,0,0,0.09,0,0.09,0.09,0,2,1,50,0.77,0.38,0,0,24,91,109,83.5,0,0.1,0,0,4,0,0,9,7,3,3,6,13,9,0,2,3,0,0,7,1,87.5,NA,NA,NA,NA,NA,NA,NA,NA,NA,NA,NA,NA
"Aston Villa","Bradley Paul Burrowes",0,17,0,0,0,0,0,0,0,0,0,0,1,0,4,0,0,0,0,0,0,0,0,0,0,0,0,NA,0,0,NA,NA,NA,3,8,37.5,0,0,0,0,0,0,0,0,0,0,1,0,0,0,0,0,1,0,3,0,0,NA,NA,NA,NA,NA,NA,NA,NA,NA,NA,NA,NA,NA
"Aston Villa","Morgan Rogers",8,711,1,2,3,1,0,0,0.5,0.5,1,1.5,12,23,43,0.13,0.25,0.38,0.13,0.38,0.06,0.13,0.19,0.06,1,8,5,62.5,1.01,0.63,0.13,0.2,18.4,149,211,70.6,1,0.6,1,7,10,6,0,23,5,1,4,4,9,6,0,7,8,1,6,6,10,37.5,NA,NA,NA,NA,NA,NA,NA,NA,NA,NA,NA,NA
"Aston Villa","Jadon Sancho",0,9,0,0,0,0,0,0,0,0,0,0,1,3,6,0,0,0,0,0,0.21,0,0.21,0.21,0,1,0,0,10,0,0,NA,18.3,15,18,83.3,0,0,0,0,0,3,0,3,0,0,0,0,0,0,0,0,0,0,2,0,0,NA,NA,NA,NA,NA,NA,NA,NA,NA,NA,NA,NA,NA
"Aston Villa","Youri Tielemans",4,315,0,0,0,0,0,0,0.1,0.1,0.2,0.3,8,21,10,0,0,0,0,0,0.04,0.05,0.09,0.04,0,5,1,20,1.43,0.29,0,0,18.3,195,235,83,0.2,0.4,-0.2,4,25,1,0,21,5,4,4,1,6,2,0,6,3,0,7,2,4,33.3,NA,NA,NA,NA,NA,NA,NA,NA,NA,NA,NA,NA
"Aston Villa","Pau Torres",3,346,0,0,0,0,0,0,0.1,0.1,0,0.1,7,19,2,0,0,0,0,0,0.03,0,0.03,0.03,0,2,0,0,0.52,0,0,NA,12.9,238,266,89.5,0,0.2,0,0,17,0,0,19,7,5,2,3,10,16,0,0,0,0,0,7,8,46.7,NA,NA,NA,NA,NA,NA,NA,NA,NA,NA,NA,NA
"Aston Villa","Ollie Watkins",7,628,1,0,1,1,0,0,1.6,1.6,0.4,2,12,8,45,0.14,0,0.14,0.14,0.14,0.23,0.05,0.28,0.23,1,12,3,25,1.72,0.43,0.08,0.33,12.8,77,107,72,0.4,0.2,-0.4,4,4,1,0,8,4,2,5,2,6,3,0,4,9,6,2,9,16,36,NA,NA,NA,NA,NA,NA,NA,NA,NA,NA,NA,NA
"Bournemouth","Tyler Adams",8,693,0,0,0,0,0,0,0.1,0.1,0,0.2,3,33,6,0,0,0,0,0,0.02,0.01,0.02,0.02,0,6,4,66.7,0.78,0.52,0,0,22.6,323,386,83.7,0,0.2,0,1,33,0,0,33,23,12,13,15,38,16,0,9,8,1,0,5,10,33.3,NA,NA,NA,NA,NA,NA,NA,NA,NA,NA,NA,NA
"Bournemouth","Amine Adli",1,167,0,0,0,0,0,0,0.1,0.1,0.2,0.3,4,5,18,0,0,0,0,0,0.06,0.1,0.15,0.06,0,2,2,100,1.08,1.08,0,0,23.7,55,79,69.6,0.2,0.1,-0.2,4,1,1,0,5,11,3,5,2,13,5,0,4,6,0,7,4,5,44.4,NA,NA,NA,NA,NA,NA,NA,NA,NA,NA,NA,NA
"Bournemouth","David Brooks",6,454,0,1,1,0,0,0,0.9,0.9,1.4,2.3,15,16,46,0,0.2,0.2,0,0.2,0.17,0.28,0.45,0.17,0,13,3,23.1,2.58,0.59,0,0,18.3,145,210,69,1.4,1.3,-0.4,7,15,6,4,16,6,5,5,2,8,5,0,5,5,1,28,2,1,66.7,NA,NA,NA,NA,NA,NA,NA,NA,NA,NA,NA,NA
"Bournemouth","Ryan Christie",1,177,1,0,1,1,0,0,0.8,0.8,0,0.9,4,12,5,0.51,0,0.51,0.51,0.51,0.43,0.01,0.44,0.43,1,5,1,20,2.54,0.51,0.2,1,19.4,75,102,73.5,0,0.1,0,1,17,1,0,12,6,2,3,3,9,6,0,7,6,0,5,1,1,50,NA,NA,NA,NA,NA,NA,NA,NA,NA,NA,NA,NA
"Bournemouth","Lewis Cook",0,5,0,0,0,0,0,0,0,0,0,0,0,0,0,0,0,0,0,0,0,0,0,0,0,0,0,NA,0,0,NA,NA,NA,3,4,75,0,0,0,0,0,0,0,0,1,1,0,0,1,2,0,0,0,0,0,0,0,NA,NA,NA,NA,NA,NA,NA,NA,NA,NA,NA,NA,NA
"Bournemouth","Bafodé Diakité",7,630,0,0,0,0,0,0,0,0,0.1,0.1,1,19,2,0,0,0,0,0,0,0.02,0.02,0,0,0,0,NA,0,0,NA,NA,NA,319,361,88.4,0.1,0.1,-0.1,3,24,0,0,19,8,6,7,7,15,49,1,3,2,1,0,22,18,55,NA,NA,NA,NA,NA,NA,NA,NA,NA,NA,NA,NA
"Bournemouth","Evanilson",7,616,1,0,1,1,0,0,1.3,1.3,0.8,2,4,7,21,0.15,0,0.15,0.15,0.15,0.18,0.11,0.3,0.18,1,15,4,26.7,2.19,0.58,0.07,0.25,12.2,89,106,84,0.8,0.3,-0.8,9,3,3,0,7,1,1,4,0,1,6,0,4,10,7,1,9,24,27.3,NA,NA,NA,NA,NA,NA,NA,NA,NA,NA,NA,NA
"Bournemouth","Ben Gannon-Doak",0,46,0,1,1,0,0,0,0.1,0.1,0.6,0.7,2,1,5,0,1.96,1.96,0,1.96,0.17,1.12,1.29,0.17,0,1,0,0,1.96,0,0,NA,14.5,12,14,85.7,0.6,0.1,0.4,1,0,1,0,1,1,0,1,1,2,0,0,0,1,0,1,1,0,100,NA,NA,NA,NA,NA,NA,NA,NA,NA,NA,NA,NA
"Bournemouth","James Hill",2,276,0,0,0,0,0,0,0.1,0.1,0,0.1,3,17,8,0,0,0,0,0,0.04,0,0.04,0.04,0,2,1,50,0.65,0.33,0,0,22.6,96,146,65.8,0,0.2,0,0,15,3,0,17,4,3,3,6,10,16,0,4,2,0,6,12,3,80,NA,NA,NA,NA,NA,NA,NA,NA,NA,NA,NA,NA
"Bournemouth","Álex Jiménez",3,225,0,0,0,0,0,0,0.1,0.1,0.1,0.1,11,11,4,0,0,0,0,0,0.03,0.02,0.05,0.03,0,2,0,0,0.8,0,0,NA,21.7,104,129,80.6,0.1,0.1,-0.1,1,7,2,1,11,7,5,4,1,8,5,0,4,2,0,4,3,2,60,NA,NA,NA,NA,NA,NA,NA,NA,NA,NA,NA,NA
"Bournemouth","Eli Junior Kroupi",1,98,3,0,3,3,0,0,1.3,1.3,0,1.3,1,0,5,2.76,0,2.76,2.76,2.76,1.21,0,1.21,1.21,3,5,4,80,4.59,3.67,0.6,0.75,13.1,16,29,55.2,0,0,0,0,0,0,0,0,0,0,1,0,0,4,0,0,0,1,0,0,3,0,NA,NA,NA,NA,NA,NA,NA,NA,NA,NA,NA,NA
"Bournemouth","Hamed Junior Traorè",0,17,0,1,1,0,0,0,0,0,0.2,0.2,0,0,0,0,5.29,5.29,0,5.29,0,1.1,1.1,0,0,0,0,NA,0,0,NA,NA,NA,2,3,66.7,0.2,0,0.8,1,0,0,0,0,1,0,0,0,1,1,0,0,0,0,1,0,2,0,NA,NA,NA,NA,NA,NA,NA,NA,NA,NA,NA,NA
"Bournemouth","Justin Kluivert",2,239,1,0,1,1,0,0,0.3,0.3,0.3,0.7,9,7,19,0.38,0,0.38,0.38,0.38,0.12,0.13,0.25,0.12,1,6,2,33.3,2.26,0.75,0.17,0.5,25.7,68,97,70.1,0.3,0.6,-0.3,5,4,3,0,7,4,2,4,0,4,2,0,4,4,0,11,1,5,16.7,NA,NA,NA,NA,NA,NA,NA,NA,NA,NA,NA,NA
"Bournemouth","Veljko Milosavljević",1,96,0,0,0,0,0,0,0,0,0.1,0.1,0,3,0,0,0,0,0,0,0,0.05,0.05,0,0,0,0,NA,0,0,NA,NA,NA,35,42,83.3,0.1,0.2,-0.1,1,4,0,0,3,1,1,1,1,2,9,0,0,0,0,0,2,2,50,NA,NA,NA,NA,NA,NA,NA,NA,NA,NA,NA,NA
"Bournemouth","Đorđe Petrović",8,720,0,0,0,0,0,0,0,0,0,0,0,0,0,0,0,0,0,0,0,0,0,0,0,0,0,NA,0,0,NA,NA,NA,180,256,70.3,0,0,0,0,6,0,0,0,0,0,0,0,0,10,1,0,0,0,0,4,0,100,11,1.22,38,27,73.7,4,44.4,1,1,0,0,0
"Bournemouth","Alex Scott",7,515,1,0,1,1,0,0,0.4,0.4,0.4,0.8,12,15,16,0.17,0,0.17,0.17,0.17,0.07,0.06,0.14,0.07,1,8,1,12.5,1.4,0.17,0.13,1,23.1,221,271,81.5,0.4,0.3,-0.4,5,15,3,2,15,16,10,4,7,23,10,0,7,14,0,18,7,4,63.6,NA,NA,NA,NA,NA,NA,NA,NA,NA,NA,NA,NA
"Bournemouth","Antoine Semenyo",8,720,6,3,9,5,1,1,3.8,3,0.5,3.4,25,29,47,0.75,0.37,1.13,0.62,1,0.47,0.06,0.53,0.37,6,18,9,50,2.25,1.13,0.28,0.56,14.4,165,246,67.1,0.5,0.4,2.5,10,8,13,0,29,13,9,15,1,14,5,0,19,4,5,10,21,21,50,NA,NA,NA,NA,NA,NA,NA,NA,NA,NA,NA,NA
"Bournemouth","Marcos Senesi",8,707,0,2,2,0,0,0,0.2,0.2,0.3,0.5,5,42,2,0,0.25,0.25,0,0.25,0.02,0.04,0.06,0.02,0,3,1,33.3,0.38,0.13,0,0,22,383,497,77.1,0.3,1.1,1.7,4,54,12,3,42,14,11,13,17,31,69,0,7,7,0,9,20,23,46.5,NA,NA,NA,NA,NA,NA,NA,NA,NA,NA,NA,NA
"Bournemouth","Adam Smith",3,204,0,0,0,0,0,0,0,0,0.3,0.3,1,6,2,0,0,0,0,0,0,0.12,0.12,0,0,0,0,NA,0,0,NA,NA,NA,69,87,79.3,0.3,0.1,-0.3,1,7,0,0,6,1,0,1,1,2,10,0,3,3,0,2,3,6,33.3,NA,NA,NA,NA,NA,NA,NA,NA,NA,NA,NA,NA
"Bournemouth","Julio Soler",0,1,0,0,0,0,0,0,0,0,0,0,0,0,0,0,0,0,0,0,0,0,0,0,0,0,0,NA,0,0,NA,NA,NA,0,0,NA,0,0,0,0,0,0,0,0,0,0,0,0,0,0,0,1,0,0,0,0,0,NA,NA,NA,NA,NA,NA,NA,NA,NA,NA,NA,NA,NA
"Bournemouth","Marcus Tavernier",7,587,1,1,2,1,0,0,0.9,0.9,1.2,2.1,18,28,40,0.15,0.15,0.31,0.15,0.31,0.14,0.19,0.33,0.14,1,10,3,30,1.53,0.46,0.1,0.33,19.9,185,238,77.7,1.2,1.1,-0.2,9,19,7,0,28,12,4,7,4,16,11,0,7,4,2,16,3,6,33.3,NA,NA,NA,NA,NA,NA,NA,NA,NA,NA,NA,NA
"Bournemouth","Adrien Truffert",8,720,0,1,1,0,0,0,0,0,0.6,0.7,20,42,45,0,0.12,0.12,0,0.12,0.01,0.08,0.09,0.01,0,2,0,0,0.25,0,0,NA,25.8,332,418,79.4,0.6,0.4,0.4,6,32,9,7,42,14,6,10,4,18,34,0,8,6,0,37,7,14,33.3,NA,NA,NA,NA,NA,NA,NA,NA,NA,NA,NA,NA
"Bournemouth","Ben Winterburn",0,7,0,0,0,0,0,0,0,0,0,0,0,0,0,0,0,0,0,0,0,0,0,0,0,0,0,NA,0,0,NA,NA,NA,0,1,0,0,0,0,0,0,0,0,0,0,0,0,0,0,0,0,0,0,0,0,0,1,0,NA,NA,NA,NA,NA,NA,NA,NA,NA,NA,NA,NA
"Brentford","Kristoffer Ajer",3,299,0,1,1,0,0,0,0.4,0.4,0.7,1.1,3,12,3,0,0.3,0.3,0,0.3,0.12,0.2,0.32,0.12,0,6,1,16.7,1.81,0.3,0,0,17.2,75,110,68.2,0.7,0.5,0.3,1,5,3,0,12,10,8,4,3,13,11,0,1,2,0,1,15,8,65.2,NA,NA,NA,NA,NA,NA,NA,NA,NA,NA,NA,NA
"Brentford","Fabio Carvalho",1,97,1,0,1,1,0,0,0.7,0.7,0,0.7,2,2,5,0.93,0,0.93,0.93,0.93,0.65,0,0.65,0.65,1,2,1,50,1.86,0.93,0.5,1,12.4,19,27,70.4,0,0,0,0,0,1,0,2,3,2,1,0,3,1,0,0,0,0,4,0,3,0,NA,NA,NA,NA,NA,NA,NA,NA,NA,NA,NA,NA
"Brentford","Nathan Collins",9,810,0,0,0,0,0,0,0.3,0.3,0.5,0.8,2,17,1,0,0,0,0,0,0.03,0.06,0.09,0.03,0,5,3,60,0.56,0.33,0,0,9,305,361,84.5,0.5,0.4,-0.5,2,13,2,0,17,6,1,16,12,18,58,0,9,12,1,0,18,18,50,NA,NA,NA,NA,NA,NA,NA,NA,NA,NA,NA,NA
"Brentford","Mikkel Damsgaard",7,566,1,1,2,1,0,0,0.4,0.4,1.4,1.8,15,27,25,0.16,0.16,0.32,0.16,0.32,0.06,0.22,0.28,0.06,1,6,4,66.7,0.95,0.64,0.17,0.25,19.4,168,252,66.7,1.4,1.3,-0.4,10,17,9,4,27,14,8,16,7,21,5,0,5,7,1,50,2,11,15.4,NA,NA,NA,NA,NA,NA,NA,NA,NA,NA,NA,NA
"Brentford","Sepp van den Berg",9,810,0,0,0,0,0,0,1,1,0.1,1.1,3,17,6,0,0,0,0,0,0.11,0.01,0.12,0.11,0,5,3,60,0.56,0.33,0,0,7.3,310,347,89.3,0.1,0.1,-0.1,1,14,0,0,17,4,2,10,7,11,58,1,4,1,0,0,35,20,63.6,NA,NA,NA,NA,NA,NA,NA,NA,NA,NA,NA,NA
"Brentford","Jordan Henderson",8,655,0,2,2,0,0,0,0.1,0.1,0.6,0.6,5,36,4,0,0.27,0.27,0,0.27,0.01,0.08,0.09,0.01,0,2,0,0,0.27,0,0,NA,19.6,280,357,78.4,0.6,0.6,1.4,5,33,6,3,36,7,3,5,5,12,13,0,6,4,1,17,0,2,0,NA,NA,NA,NA,NA,NA,NA,NA,NA,NA,NA,NA
"Brentford","Rico Henry",1,173,0,0,0,0,0,0,0.1,0.1,0.1,0.3,12,2,11,0,0,0,0,0,0.07,0.07,0.13,0.07,0,2,0,0,1.04,0,0,NA,16.5,36,69,52.2,0.1,0.1,-0.1,1,1,1,0,2,4,4,0,2,6,4,1,2,2,0,7,2,2,50,NA,NA,NA,NA,NA,NA,NA,NA,NA,NA,NA,NA
"Brentford","Aaron Hickey",2,187,0,0,0,0,0,0,0,0,0,0,0,4,5,0,0,0,0,0,0.01,0,0.01,0.01,0,1,0,0,0.48,0,0,NA,30.8,69,87,79.3,0,0.1,0,0,6,2,0,4,4,2,3,1,5,5,0,2,2,0,0,3,2,60,NA,NA,NA,NA,NA,NA,NA,NA,NA,NA,NA,NA
"Brentford","Vitaly Janelt",0,121,0,0,0,0,0,0,0.1,0.1,0.1,0.2,1,5,1,0,0,0,0,0,0.08,0.05,0.13,0.08,0,1,0,0,0.74,0,0,NA,16.6,50,67,74.6,0.1,0.2,-0.1,2,4,0,0,5,4,2,1,3,7,3,1,4,1,0,5,3,2,60,NA,NA,NA,NA,NA,NA,NA,NA,NA,NA,NA,NA
"Brentford","Mathias Jensen",2,189,2,0,2,2,0,0,0.5,0.5,0.2,0.7,4,14,4,0.95,0,0.95,0.95,0.95,0.25,0.09,0.34,0.25,2,3,2,66.7,1.43,0.95,0.67,1,17.4,58,78,74.4,0.2,0.1,-0.2,3,12,3,0,14,7,5,2,1,8,7,0,0,1,1,9,2,3,40,NA,NA,NA,NA,NA,NA,NA,NA,NA,NA,NA,NA
"Brentford","Michael Kayode",9,796,0,0,0,0,0,0,0.1,0.1,1.4,1.5,16,18,36,0,0,0,0,0,0.01,0.16,0.17,0.01,0,2,0,0,0.23,0,0,NA,14,275,371,74.1,1.4,1.1,-1.4,13,9,8,6,18,15,7,9,10,25,26,0,8,7,0,17,7,4,63.6,NA,NA,NA,NA,NA,NA,NA,NA,NA,NA,NA,NA
"Brentford","Caoimhín Kelleher",9,810,0,0,0,0,0,0,0,0,0,0,0,1,0,0,0,0,0,0,0,0,0,0,0,0,0,NA,0,0,NA,NA,NA,232,332,69.9,0,0,0,1,7,0,0,1,1,0,0,0,1,1,0,0,3,0,0,1,1,50,14,1.56,35,21,62.9,2,22.2,2,1,1,0,50
"Brentford","Keane Lewis-Potter",5,426,0,1,1,0,0,0,0.2,0.2,0.6,0.7,7,7,16,0,0.21,0.21,0,0.21,0.04,0.12,0.15,0.04,0,3,0,0,0.63,0,0,NA,22,82,113,72.6,0.6,0.3,0.4,4,3,3,2,7,7,5,1,2,9,14,0,5,7,0,14,2,3,40,NA,NA,NA,NA,NA,NA,NA,NA,NA,NA,NA,NA
"Brentford","Antoni Milambo",1,45,0,0,0,0,0,0,0,0,0,0,1,3,1,0,0,0,0,0,0,0,0,0,0,0,0,NA,0,0,NA,NA,NA,8,11,72.7,0,0,0,0,2,0,0,3,3,1,2,0,3,0,0,0,0,0,0,2,1,66.7,NA,NA,NA,NA,NA,NA,NA,NA,NA,NA,NA,NA
"Brentford","Frank Onyeka",0,92,0,1,1,0,0,0,0,0,0.1,0.1,2,4,2,0,0.98,0.98,0,0.98,0,0.12,0.12,0,0,0,0,NA,0,0,NA,NA,NA,28,36,77.8,0.1,0.4,0.9,1,7,0,0,4,2,0,0,0,2,3,0,3,3,0,0,1,1,50,NA,NA,NA,NA,NA,NA,NA,NA,NA,NA,NA,NA
"Brentford","Dango Ouattara",5,478,2,0,2,2,0,0,2.4,2.4,0.7,3.2,15,7,32,0.38,0,0.38,0.38,0.38,0.46,0.14,0.6,0.46,2,16,5,31.3,3.01,0.94,0.13,0.4,12,49,105,46.7,0.7,0.4,-0.7,4,3,1,0,7,4,2,9,4,8,11,0,11,9,1,15,15,13,53.6,NA,NA,NA,NA,NA,NA,NA,NA,NA,NA,NA,NA
"Brentford","Ethan Pinnock",2,155,0,0,0,0,0,0,0,0,0,0,0,2,2,0,0,0,0,0,0,0,0,0,0,0,0,NA,0,0,NA,NA,NA,51,71,71.8,0,0,0,0,5,0,0,2,2,1,5,2,4,7,0,0,2,0,0,3,5,37.5,NA,NA,NA,NA,NA,NA,NA,NA,NA,NA,NA,NA
"Brentford","Kevin Schade",8,740,2,1,3,2,0,1,2.8,2,1.1,3.1,17,6,29,0.24,0.12,0.36,0.24,0.36,0.34,0.13,0.47,0.24,2,14,5,35.7,1.7,0.61,0.14,0.4,12.3,84,138,60.9,1.1,0.7,-0.1,11,5,3,1,6,16,8,5,4,20,4,0,15,8,2,7,22,20,52.4,NA,NA,NA,NA,NA,NA,NA,NA,NA,NA,NA,NA
"Brentford","Thiago",9,742,6,0,6,4,2,2,4.4,2.9,1.1,3.9,4,7,27,0.73,0,0.73,0.49,0.49,0.54,0.13,0.67,0.35,6,20,10,50,2.43,1.21,0.2,0.4,13.7,93,131,71,1.1,0.2,-1.1,4,5,3,2,7,12,6,7,1,13,17,0,17,4,6,4,27,39,40.9,NA,NA,NA,NA,NA,NA,NA,NA,NA,NA,NA,NA
"Brentford","Yehor Yarmoliuk",9,719,0,1,1,0,0,0,0.2,0.2,0.3,0.6,10,29,7,0,0.13,0.13,0,0.13,0.03,0.04,0.07,0.03,0,5,2,40,0.63,0.25,0,0,21.6,238,290,82.1,0.3,0.4,0.7,7,23,5,1,29,18,12,23,6,24,12,0,13,3,0,3,3,6,33.3,NA,NA,NA,NA,NA,NA,NA,NA,NA,NA,NA,NA
"Brighton","Yasin Ayari",7,693,1,0,1,1,0,0,0.6,0.6,0.3,0.9,7,26,13,0.13,0,0.13,0.13,0.13,0.08,0.04,0.12,0.08,1,15,4,26.7,1.95,0.52,0.07,0.25,23.5,306,362,84.5,0.3,0.5,-0.3,8,17,4,1,26,17,11,5,11,28,10,1,8,12,0,18,4,6,40,NA,NA,NA,NA,NA,NA,NA,NA,NA,NA,NA,NA
"Brighton","Carlos Baleba",8,481,0,0,0,0,0,0,0.1,0.1,0,0.2,6,10,5,0,0,0,0,0,0.02,0.01,0.03,0.02,0,7,0,0,1.31,0,0,NA,29.4,166,201,82.6,0,0.2,0,2,13,1,0,10,9,6,3,10,19,8,0,13,5,0,0,10,5,66.7,NA,NA,NA,NA,NA,NA,NA,NA,NA,NA,NA,NA
"Brighton","Diego Coppola",0,18,0,0,0,0,0,0,0,0,0,0,0,2,0,0,0,0,0,0,0,0,0,0,0,0,0,NA,0,0,NA,NA,NA,5,5,100,0,0,0,0,1,0,0,2,0,0,0,0,0,4,0,0,0,0,0,3,0,100,NA,NA,NA,NA,NA,NA,NA,NA,NA,NA,NA,NA
"Brighton","Maxim De Cuyper",5,409,1,0,1,1,0,0,0.7,0.7,0.4,1.1,4,19,13,0.22,0,0.22,0.22,0.22,0.16,0.08,0.24,0.16,1,4,3,75,0.88,0.66,0.25,0.33,19.1,184,227,81.1,0.4,0.8,-0.4,5,11,6,2,19,7,4,5,3,10,11,1,7,7,1,15,3,6,33.3,NA,NA,NA,NA,NA,NA,NA,NA,NA,NA,NA,NA
"Brighton","Lewis Dunk",9,810,0,0,0,0,0,0,0.6,0.6,0,0.6,4,29,1,0,0,0,0,0,0.06,0,0.07,0.06,0,8,0,0,0.89,0,0,NA,18.8,573,622,92.1,0,0.1,0,1,32,0,0,29,10,8,6,7,17,50,1,5,3,0,0,15,8,65.2,NA,NA,NA,NA,NA,NA,NA,NA,NA,NA,NA,NA
"Brighton","Diego Gómez",4,377,0,0,0,0,0,0,0.3,0.3,0.5,0.7,4,11,14,0,0,0,0,0,0.07,0.11,0.18,0.07,0,6,2,33.3,1.43,0.48,0,0,27.2,97,129,75.2,0.5,0.1,-0.5,3,15,2,1,11,19,11,7,4,23,5,0,9,6,1,4,6,8,42.9,NA,NA,NA,NA,NA,NA,NA,NA,NA,NA,NA,NA
"Brighton","Brajan Gruda",2,223,1,1,2,1,0,0,1.4,1.4,0.5,1.9,8,6,26,0.4,0.4,0.81,0.4,0.81,0.57,0.18,0.75,0.57,1,9,3,33.3,3.63,1.21,0.11,0.33,19.6,49,63,77.8,0.5,0.4,0.5,4,2,3,1,6,5,1,1,0,5,2,0,2,5,1,5,1,0,100,NA,NA,NA,NA,NA,NA,NA,NA,NA,NA,NA,NA
"Brighton","Jan Paul van Hecke",9,810,1,0,1,1,0,0,0.4,0.4,0,0.5,20,65,3,0.11,0,0.11,0.11,0.11,0.05,0.01,0.05,0.05,1,4,2,50,0.44,0.22,0.25,0.5,16.8,513,595,86.2,0,0.3,0,1,64,3,2,65,16,8,19,8,24,52,0,6,13,2,6,28,26,51.9,NA,NA,NA,NA,NA,NA,NA,NA,NA,NA,NA,NA
"Brighton","Jack Hinshelwood",2,107,0,0,0,0,0,0,0,0,0,0,2,2,1,0,0,0,0,0,0,0,0,0,0,0,0,NA,0,0,NA,NA,NA,46,54,85.2,0,0,0,0,2,1,0,2,3,3,0,0,3,2,0,3,1,0,0,2,1,66.7,NA,NA,NA,NA,NA,NA,NA,NA,NA,NA,NA,NA
"Brighton","Ferdi Kadioglu",5,557,0,0,0,0,0,0,0.3,0.3,0.4,0.6,17,29,29,0,0,0,0,0,0.04,0.06,0.1,0.04,0,4,2,50,0.65,0.32,0,0,18.1,199,250,79.6,0.4,0.6,-0.4,2,23,9,5,29,11,9,5,2,13,18,0,7,8,2,18,3,8,27.3,NA,NA,NA,NA,NA,NA,NA,NA,NA,NA,NA,NA
"Brighton","Charalampos Kostoulas",0,13,1,0,1,1,0,0,0.2,0.2,0,0.2,1,0,2,6.92,0,6.92,6.92,6.92,1.72,0,1.72,1.72,1,2,1,50,13.85,6.92,0.5,1,10.9,4,8,50,0,0,0,0,0,0,0,0,0,0,1,0,0,0,0,1,0,0,0,3,2,60,NA,NA,NA,NA,NA,NA,NA,NA,NA,NA,NA,NA
"Brighton","James Milner",1,193,1,1,2,0,1,1,0.8,0,0.2,0.2,2,9,5,0.47,0.47,0.93,0,0.47,0.37,0.1,0.47,0,1,0,0,NA,0,0,NA,NA,NA,96,109,88.1,0.2,0.4,0.8,4,14,3,1,9,3,3,3,2,5,5,0,4,2,0,7,1,5,16.7,NA,NA,NA,NA,NA,NA,NA,NA,NA,NA,NA,NA
"Brighton","Yankuba Minteh",9,770,1,2,3,1,0,0,1.7,1.7,2.1,3.8,47,11,81,0.12,0.23,0.35,0.12,0.35,0.2,0.24,0.45,0.2,1,14,3,21.4,1.64,0.35,0.07,0.33,14.4,122,230,53,2.1,1.5,-0.1,14,8,7,5,11,19,15,11,6,25,5,0,11,10,4,38,10,8,55.6,NA,NA,NA,NA,NA,NA,NA,NA,NA,NA,NA,NA
"Brighton","Kaoru Mitoma",6,508,1,1,2,1,0,0,0.8,0.8,1.1,1.8,13,13,37,0.18,0.18,0.35,0.18,0.35,0.13,0.19,0.32,0.13,1,6,3,50,1.06,0.53,0.17,0.33,13,106,137,77.4,1.1,0.3,-0.1,7,5,7,2,13,3,3,5,2,5,4,0,11,3,1,8,3,7,30,NA,NA,NA,NA,NA,NA,NA,NA,NA,NA,NA,NA
"Brighton","Matt O'Riley",2,177,1,0,1,0,1,1,1.2,0.4,0.2,0.6,0,5,11,0.51,0,0.51,0,0,0.61,0.1,0.72,0.21,1,3,1,33.3,1.53,0.51,0,0,22.2,51,61,83.6,0.2,0.2,-0.2,4,5,1,1,5,4,2,4,0,4,2,0,1,0,1,6,1,5,16.7,NA,NA,NA,NA,NA,NA,NA,NA,NA,NA,NA,NA
"Brighton","Georginio Rutter",6,515,0,2,2,0,0,0,0.4,0.4,1.8,2.2,12,26,23,0,0.35,0.35,0,0.35,0.06,0.32,0.38,0.06,0,8,5,62.5,1.4,0.87,0,0,19.7,83,125,66.4,1.8,0.8,0.2,8,13,6,0,26,6,3,8,2,8,11,0,8,9,4,3,6,8,42.9,NA,NA,NA,NA,NA,NA,NA,NA,NA,NA,NA,NA
"Brighton","Stefanos Tzimas",0,75,0,1,1,0,0,0,0.4,0.4,0.3,0.7,1,0,4,0,1.2,1.2,0,1.2,0.45,0.39,0.84,0.45,0,3,0,0,3.6,0,0,NA,10.8,9,13,69.2,0.3,0.1,0.7,5,0,0,0,0,2,2,0,0,2,1,0,2,0,0,0,0,2,0,NA,NA,NA,NA,NA,NA,NA,NA,NA,NA,NA,NA
"Brighton","Joël Veltman",4,324,0,0,0,0,0,0,0,0,0,0,5,14,2,0,0,0,0,0,0,0.01,0.01,0,0,0,0,NA,0,0,NA,NA,NA,80,108,74.1,0,0,0,1,11,0,0,14,15,7,5,8,23,15,0,2,9,1,3,3,3,50,NA,NA,NA,NA,NA,NA,NA,NA,NA,NA,NA,NA
"Brighton","Bart Verbruggen",9,810,0,0,0,0,0,0,0,0,0.1,0.1,0,0,0,0,0,0,0,0,0,0.02,0.02,0,0,0,0,NA,0,0,NA,NA,NA,252,346,72.8,0.1,0,-0.1,1,5,1,0,0,0,0,0,0,0,3,0,0,1,0,0,2,0,100,15,1.67,34,21,58.8,0,0,1,1,0,0,0
"Brighton","Tom Watson",0,32,0,0,0,0,0,0,0,0,0,0,2,1,2,0,0,0,0,0,0.1,0,0.1,0.1,0,1,1,100,2.81,2.81,0,0,26,9,12,75,0,0,0,0,1,0,0,1,1,1,0,0,1,0,0,0,0,0,0,0,0,NA,NA,NA,NA,NA,NA,NA,NA,NA,NA,NA,NA,NA
"Brighton","Danny Welbeck",6,547,5,0,5,5,0,1,3.2,2.5,0.3,2.7,4,8,20,0.82,0,0.82,0.82,0.82,0.53,0.04,0.57,0.4,5,11,6,54.5,1.81,0.99,0.45,0.83,18.6,93,119,78.2,0.3,0.5,-0.3,7,10,1,0,8,5,3,4,1,6,3,1,7,2,0,0,3,11,21.4,NA,NA,NA,NA,NA,NA,NA,NA,NA,NA,NA,NA
"Brighton","Mats Wieffer",5,461,0,1,1,0,0,0,0.2,0.2,0.8,0.9,13,29,20,0,0.2,0.2,0,0.2,0.03,0.15,0.18,0.03,0,4,1,25,0.78,0.2,0,0,16.7,229,278,82.4,0.8,0.6,0.2,5,17,4,1,29,22,12,7,5,27,25,0,7,2,2,3,10,13,43.5,NA,NA,NA,NA,NA,NA,NA,NA,NA,NA,NA,NA
"Burnley","Jaidon Anthony",8,669,4,1,5,4,0,0,2.1,2.1,0.3,2.4,16,11,35,0.54,0.13,0.67,0.54,0.67,0.28,0.05,0.32,0.28,4,12,7,58.3,1.61,0.94,0.33,0.57,14.1,128,197,65,0.3,0.6,0.7,7,11,6,3,11,12,7,12,7,19,9,2,7,12,2,19,4,8,33.3,NA,NA,NA,NA,NA,NA,NA,NA,NA,NA,NA,NA
"Burnley","Ashley Barnes",0,8,0,0,0,0,0,0,0,0,0,0,0,0,1,0,0,0,0,0,0,0,0,0,0,0,0,NA,0,0,NA,NA,NA,1,5,20,0,0,0,0,0,0,0,0,0,0,0,0,0,0,0,1,0,0,0,4,1,80,NA,NA,NA,NA,NA,NA,NA,NA,NA,NA,NA,NA
"Burnley","Armando Broja",0,45,0,0,0,0,0,0,0,0,0,0,0,0,2,0,0,0,0,0,0,0,0,0,0,0,0,NA,0,0,NA,NA,NA,4,5,80,0,0,0,0,0,0,0,0,2,0,0,0,2,1,0,0,0,1,0,1,3,25,NA,NA,NA,NA,NA,NA,NA,NA,NA,NA,NA,NA
"Burnley","Jacob Bruun Larsen",3,295,0,1,1,0,0,0,0.1,0.1,0.6,0.7,3,5,21,0,0.31,0.31,0,0.31,0.03,0.19,0.22,0.03,0,3,1,33.3,0.92,0.31,0,0,26.5,56,73,76.7,0.6,0.4,0.4,2,3,1,1,5,1,1,2,2,3,7,0,0,0,2,6,3,7,30,NA,NA,NA,NA,NA,NA,NA,NA,NA,NA,NA,NA
"Burnley","Josh Cullen",8,680,1,1,2,1,0,0,0.1,0.1,0.8,0.9,2,39,5,0.13,0.13,0.26,0.13,0.26,0.02,0.11,0.13,0.02,1,2,2,100,0.26,0.26,0.5,0.5,18.6,306,371,82.5,0.8,0.6,0.2,8,39,3,0,39,14,10,16,12,26,22,0,4,10,0,4,6,6,50,NA,NA,NA,NA,NA,NA,NA,NA,NA,NA,NA,NA
"Burnley","Martin Dúbravka",8,720,0,0,0,0,0,0,0,0,0,0,0,0,0,0,0,0,0,0,0,0,0,0,0,0,0,NA,0,0,NA,NA,NA,147,281,52.3,0,0,0,0,7,0,0,0,0,0,0,0,0,3,0,0,0,0,0,4,2,66.7,17,1.89,51,37,72.5,2,22.2,3,3,0,0,0
"Burnley","Marcus Edwards",0,6,0,0,0,0,0,0,0,0,0,0,0,0,0,0,0,0,0,0,0,0,0,0,0,0,0,NA,0,0,NA,NA,NA,0,0,NA,0,0,0,0,0,0,0,0,0,0,0,0,0,0,0,0,0,0,0,0,0,NA,NA,NA,NA,NA,NA,NA,NA,NA,NA,NA,NA,NA
"Burnley","Hjalmar Ekdal",6,532,0,0,0,0,0,0,0.2,0.2,0.1,0.3,1,6,0,0,0,0,0,0,0.03,0.02,0.06,0.03,0,3,1,33.3,0.51,0.17,0,0,8.4,138,163,84.7,0.1,0.2,-0.1,2,5,0,0,6,8,5,10,4,12,42,1,1,0,0,1,17,7,70.8,NA,NA,NA,NA,NA,NA,NA,NA,NA,NA,NA,NA
"Burnley","Maxime Estève",8,711,0,0,0,0,0,0,0.2,0.2,0.1,0.3,1,16,0,0,0,0,0,0,0.03,0.01,0.03,0.03,0,4,1,25,0.51,0.13,0,0,13,224,255,87.8,0.1,0.1,-0.1,2,17,0,0,16,9,5,12,11,20,55,1,5,5,0,0,15,10,60,NA,NA,NA,NA,NA,NA,NA,NA,NA,NA,NA,NA
"Burnley","Zian Flemming",1,112,0,0,0,0,0,0,0.2,0.2,0.1,0.3,1,0,4,0,0,0,0,0,0.15,0.06,0.21,0.15,0,2,0,0,1.61,0,0,NA,20.7,9,23,39.1,0.1,0,-0.1,1,0,0,0,0,1,0,1,0,1,5,0,3,0,0,0,3,9,25,NA,NA,NA,NA,NA,NA,NA,NA,NA,NA,NA,NA
"Burnley","Lyle Foster",7,565,1,1,2,1,0,0,0.9,0.9,0.6,1.6,7,6,30,0.16,0.16,0.32,0.16,0.32,0.15,0.1,0.25,0.15,1,7,1,14.3,1.12,0.16,0.14,1,14,66,106,62.3,0.6,0.2,0.4,5,6,1,0,6,5,5,2,0,5,9,0,13,8,6,3,14,28,33.3,NA,NA,NA,NA,NA,NA,NA,NA,NA,NA,NA,NA
"Burnley","Quilindschy Hartman",8,717,0,2,2,0,0,0,0.1,0.1,0.6,0.8,1,16,19,0,0.25,0.25,0,0.25,0.02,0.08,0.1,0.02,0,3,2,66.7,0.38,0.25,0,0,22.2,196,288,68.1,0.6,0.7,1.4,8,13,8,5,16,18,11,8,12,30,31,0,6,1,1,32,5,7,41.7,NA,NA,NA,NA,NA,NA,NA,NA,NA,NA,NA,NA
"Burnley","Bashir Humphreys",0,3,0,0,0,0,0,0,0,0,0,0,0,0,0,0,0,0,0,0,0,0,0,0,0,0,0,NA,0,0,NA,NA,NA,2,2,100,0,0,0,0,0,0,0,0,0,0,0,0,0,0,0,0,0,0,0,0,0,NA,NA,NA,NA,NA,NA,NA,NA,NA,NA,NA,NA,NA
"Burnley","Josh Laurent",5,464,0,0,0,0,0,0,0.2,0.2,0.2,0.3,5,8,9,0,0,0,0,0,0.03,0.03,0.06,0.03,0,5,2,40,0.97,0.39,0,0,23.2,102,137,74.5,0.2,0.1,-0.2,1,9,1,0,8,2,1,9,12,14,11,0,5,2,1,3,5,5,50,NA,NA,NA,NA,NA,NA,NA,NA,NA,NA,NA,NA
"Burnley","Florentino Luís",4,388,0,1,1,0,0,0,0,0,0.1,0.1,1,18,2,0,0.23,0.23,0,0.23,0,0.02,0.02,0,0,1,0,0,0.23,0,0,NA,34.7,142,161,88.2,0.1,0,0.9,4,12,0,0,18,21,10,12,8,29,12,0,6,1,1,1,4,10,28.6,NA,NA,NA,NA,NA,NA,NA,NA,NA,NA,NA,NA
"Burnley","Hannibal Mejbri",3,257,0,0,0,0,0,0,0.2,0.2,0.4,0.5,6,5,8,0,0,0,0,0,0.06,0.13,0.18,0.06,0,3,0,0,1.05,0,0,NA,20.8,46,59,78,0.4,0.2,-0.4,2,2,2,1,5,9,5,4,2,11,2,0,6,10,1,4,0,13,0,NA,NA,NA,NA,NA,NA,NA,NA,NA,NA,NA,NA
"Burnley","Oliver Sonne",1,104,0,0,0,0,0,0,0,0,0,0.1,0,4,3,0,0,0,0,0,0.03,0.03,0.06,0.03,0,1,0,0,0.87,0,0,NA,19.9,19,29,65.5,0,0.1,0,1,1,2,1,4,1,1,0,1,2,2,0,1,0,0,3,2,0,100,NA,NA,NA,NA,NA,NA,NA,NA,NA,NA,NA,NA
"Burnley","Loum Tchaouna",4,345,1,0,1,1,0,0,0.3,0.3,0.1,0.5,4,7,12,0.26,0,0.26,0.26,0.26,0.09,0.03,0.12,0.09,1,6,2,33.3,1.57,0.52,0.17,0.5,19.9,53,77,68.8,0.1,0.2,-0.1,1,3,6,2,7,5,3,3,1,6,7,0,3,5,1,4,8,6,57.1,NA,NA,NA,NA,NA,NA,NA,NA,NA,NA,NA,NA
"Burnley","Axel Tuanzebe",2,180,0,0,0,0,0,0,0,0,0,0,0,2,1,0,0,0,0,0,0,0,0,0,0,0,0,NA,0,0,NA,NA,NA,63,76,82.9,0,0,0,0,2,0,0,2,3,0,1,1,4,12,0,1,0,0,0,3,10,23.1,NA,NA,NA,NA,NA,NA,NA,NA,NA,NA,NA,NA
"Burnley","Lesley Ugochukwu",4,370,2,0,2,2,0,0,0.7,0.7,0,0.7,2,9,6,0.49,0,0.49,0.49,0.49,0.17,0.01,0.17,0.17,2,5,2,40,1.22,0.49,0.4,1,14.2,84,104,80.8,0,0,0,1,6,1,0,9,12,4,6,5,17,5,0,8,6,0,3,5,5,50,NA,NA,NA,NA,NA,NA,NA,NA,NA,NA,NA,NA
"Burnley","Kyle Walker",8,720,0,1,1,0,0,0,0.1,0.1,0.4,0.5,10,21,12,0,0.12,0.12,0,0.12,0.02,0.05,0.06,0.02,0,3,0,0,0.37,0,0,NA,22.4,243,358,67.9,0.4,0.4,0.6,1,16,2,1,21,12,6,15,11,23,33,0,9,5,0,5,15,11,57.7,NA,NA,NA,NA,NA,NA,NA,NA,NA,NA,NA,NA
"Burnley","Joe Worrall",0,22,0,0,0,0,0,0,0,0,0,0,0,1,1,0,0,0,0,0,0,0,0,0,0,0,0,NA,0,0,NA,NA,NA,2,5,40,0,0,0,0,0,0,0,1,1,1,0,1,2,4,0,0,1,0,0,2,0,100,NA,NA,NA,NA,NA,NA,NA,NA,NA,NA,NA,NA
"Chelsea","Joshua Acheampong",4,349,1,0,1,1,0,0,0.6,0.6,0,0.6,4,11,0,0.26,0,0.26,0.26,0.26,0.16,0,0.16,0.16,1,3,2,66.7,0.77,0.52,0.33,0.5,8.1,273,296,92.2,0,0,0,0,8,0,0,11,2,2,6,7,9,13,4,1,5,0,0,9,3,75,NA,NA,NA,NA,NA,NA,NA,NA,NA,NA,NA,NA
"Chelsea","Tosin Adarabioyo",3,379,0,0,0,0,0,0,0,0,0,0,2,15,0,0,0,0,0,0,0.01,0,0.01,0.01,0,1,0,0,0.24,0,0,NA,6.3,324,361,89.8,0,0.1,0,0,17,1,0,15,6,3,3,5,11,26,0,3,0,1,0,19,11,63.3,NA,NA,NA,NA,NA,NA,NA,NA,NA,NA,NA,NA
"Chelsea","Benoît Badiashile",1,66,0,0,0,0,0,0,0,0,0,0,0,4,0,0,0,0,0,0,0,0,0,0,0,0,0,NA,0,0,NA,NA,NA,53,57,93,0,0,0,0,6,1,0,4,1,0,1,2,3,2,0,0,0,0,0,0,0,NA,NA,NA,NA,NA,NA,NA,NA,NA,NA,NA,NA,NA
"Chelsea","Facundo Buonanotte",1,45,0,0,0,0,0,0,0,0,0.3,0.3,0,0,5,0,0,0,0,0,0,0.51,0.51,0,0,0,0,NA,0,0,NA,NA,NA,20,22,90.9,0.3,0.1,-0.3,2,2,0,0,0,1,0,1,0,1,0,0,0,0,0,0,0,0,NA,NA,NA,NA,NA,NA,NA,NA,NA,NA,NA,NA,NA
"Chelsea","Moisés Caicedo",8,765,3,0,3,3,0,0,0.6,0.6,0.1,0.7,6,49,6,0.35,0,0.35,0.35,0.35,0.07,0.02,0.08,0.07,3,10,4,40,1.18,0.47,0.3,0.75,22.3,492,540,91.1,0.1,0.4,-0.1,3,46,3,0,49,29,15,12,20,49,11,0,9,14,0,1,3,6,33.3,NA,NA,NA,NA,NA,NA,NA,NA,NA,NA,NA,NA
"Chelsea","Trevoh Chalobah",8,660,2,0,2,2,0,0,0.7,0.7,0.1,0.8,9,29,0,0.27,0,0.27,0.27,0.27,0.1,0.01,0.11,0.1,2,9,3,33.3,1.23,0.41,0.22,0.67,15.7,540,593,91.1,0.1,0.6,-0.1,2,40,4,1,29,11,8,4,7,18,47,0,7,8,1,4,21,11,65.6,NA,NA,NA,NA,NA,NA,NA,NA,NA,NA,NA,NA
"Chelsea","Marc Cucurella",8,716,0,2,2,0,0,0,0.4,0.4,1.5,1.9,15,33,31,0,0.25,0.25,0,0.25,0.04,0.19,0.23,0.04,0,6,1,16.7,0.75,0.13,0,0,14.5,394,449,87.8,1.5,1.3,0.5,14,35,6,1,33,20,14,15,8,28,25,0,13,11,1,7,8,10,44.4,NA,NA,NA,NA,NA,NA,NA,NA,NA,NA,NA,NA
"Chelsea","Liam Delap",2,92,0,0,0,0,0,0,0.2,0.2,0,0.2,2,3,4,0,0,0,0,0,0.22,0,0.22,0.22,0,3,2,66.7,2.93,1.96,0,0,13.9,9,15,60,0,0,0,0,1,1,0,3,0,0,0,0,0,1,1,1,1,1,1,2,4,33.3,NA,NA,NA,NA,NA,NA,NA,NA,NA,NA,NA,NA
"Chelsea","Enzo Fernández",8,708,3,1,4,2,1,1,3.9,3.1,1.1,4.2,10,56,35,0.38,0.13,0.51,0.25,0.38,0.49,0.15,0.64,0.39,3,14,7,50,1.78,0.89,0.14,0.29,16.4,392,480,81.7,1.1,0.9,-0.1,11,48,14,1,56,14,6,6,4,18,4,0,7,10,1,18,4,4,50,NA,NA,NA,NA,NA,NA,NA,NA,NA,NA,NA,NA
"Chelsea","Wesley Fofana",2,130,0,0,0,0,0,0,0,0,0,0,3,4,1,0,0,0,0,0,0,0,0,0,0,0,0,NA,0,0,NA,NA,NA,96,105,91.4,0,0,0,0,10,0,0,4,3,2,1,3,6,6,0,1,3,1,0,3,3,50,NA,NA,NA,NA,NA,NA,NA,NA,NA,NA,NA,NA
"Chelsea","Alejandro Garnacho",3,188,1,0,1,1,0,0,0.3,0.3,0.1,0.4,19,2,30,0.48,0,0.48,0.48,0.48,0.13,0.04,0.17,0.13,1,5,2,40,2.39,0.96,0.2,0.5,15,47,63,74.6,0.1,0.1,-0.1,1,1,0,0,2,2,2,2,1,3,1,0,2,5,0,8,1,1,50,NA,NA,NA,NA,NA,NA,NA,NA,NA,NA,NA,NA
"Chelsea","Tyrique George",0,145,0,0,0,0,0,0,0.3,0.3,0,0.3,1,4,10,0,0,0,0,0,0.2,0,0.2,0.2,0,3,2,66.7,1.86,1.24,0,0,10.1,21,24,87.5,0,0.1,0,0,3,2,1,4,2,2,0,0,2,1,0,6,1,2,1,1,0,100,NA,NA,NA,NA,NA,NA,NA,NA,NA,NA,NA,NA
"Chelsea","Jamie Gittens",2,221,0,0,0,0,0,0,0.1,0.1,0.2,0.3,12,4,17,0,0,0,0,0,0.05,0.07,0.13,0.05,0,5,2,40,2.04,0.81,0,0,23.4,51,60,85,0.2,0.2,-0.2,5,0,2,0,4,3,1,3,2,5,3,0,6,1,2,4,1,2,33.3,NA,NA,NA,NA,NA,NA,NA,NA,NA,NA,NA,NA
"Chelsea","Marc Guiu",1,136,0,0,0,0,0,0,0.6,0.6,0,0.6,1,1,6,0,0,0,0,0,0.39,0,0.39,0.39,0,6,1,16.7,3.97,0.66,0,0,12.1,5,8,62.5,0,0,0,0,1,0,0,1,0,0,0,0,0,1,0,6,1,0,0,1,3,25,NA,NA,NA,NA,NA,NA,NA,NA,NA,NA,NA,NA
"Chelsea","Malo Gusto",4,401,0,1,1,0,0,0,0.1,0.1,0.2,0.3,9,23,25,0,0.22,0.22,0,0.22,0.02,0.05,0.07,0.02,0,3,0,0,0.67,0,0,NA,28,223,263,84.8,0.2,0.3,0.8,4,21,3,0,23,8,4,3,4,12,6,1,6,4,0,8,3,2,60,NA,NA,NA,NA,NA,NA,NA,NA,NA,NA,NA,NA
"Chelsea","Jorrel Hato",2,168,0,0,0,0,0,0,0,0,0,0,0,4,1,0,0,0,0,0,0,0,0,0,0,0,0,NA,0,0,NA,NA,NA,97,110,88.2,0,0,0,0,5,0,0,4,2,1,4,2,4,2,0,2,0,0,0,1,2,33.3,NA,NA,NA,NA,NA,NA,NA,NA,NA,NA,NA,NA
"Chelsea","Reece James",6,605,1,2,3,1,0,0,0.3,0.3,1.3,1.7,9,45,20,0.15,0.3,0.45,0.15,0.45,0.05,0.2,0.25,0.05,1,7,4,57.1,1.04,0.6,0.14,0.25,24.8,457,532,85.9,1.3,1,0.7,12,44,6,1,45,14,10,4,12,26,13,2,10,8,0,34,13,8,61.9,NA,NA,NA,NA,NA,NA,NA,NA,NA,NA,NA,NA
"Chelsea","João Pedro",9,758,2,3,5,2,0,0,1.6,1.6,1.8,3.3,20,27,52,0.24,0.36,0.59,0.24,0.59,0.19,0.21,0.4,0.19,2,11,3,27.3,1.31,0.36,0.18,0.67,16.2,179,222,80.6,1.8,0.5,1.2,10,15,7,0,27,5,4,6,3,8,7,0,7,18,5,8,17,17,50,NA,NA,NA,NA,NA,NA,NA,NA,NA,NA,NA,NA
"Chelsea","Filip Jørgensen",0,84,0,0,0,0,0,0,0,0,0,0,0,0,0,0,0,0,0,0,0,0,0,0,0,0,0,NA,0,0,NA,NA,NA,27,35,77.1,0,0,0,0,0,0,0,0,0,0,0,1,1,0,0,0,0,0,0,1,0,100,2,2.14,3,1,33.3,0,NA,0,0,0,0,NA
"Chelsea","Roméo Lavia",1,93,0,0,0,0,0,0,0,0,0,0,1,8,0,0,0,0,0,0,0,0,0,0,0,0,0,NA,0,0,NA,NA,NA,59,62,95.2,0,0,0,0,6,0,0,8,2,2,0,3,5,2,1,2,2,0,0,1,0,100,NA,NA,NA,NA,NA,NA,NA,NA,NA,NA,NA,NA
"Chelsea","Pedro Neto",9,669,2,2,4,2,0,0,0.8,0.8,1.6,2.4,35,24,69,0.27,0.27,0.54,0.27,0.54,0.11,0.22,0.32,0.11,2,11,3,27.3,1.48,0.4,0.18,0.67,17.9,204,280,72.9,1.6,1.7,0.4,14,8,14,4,24,4,3,2,4,8,2,0,1,8,3,52,2,4,33.3,NA,NA,NA,NA,NA,NA,NA,NA,NA,NA,NA,NA
"Chelsea","Cole Palmer",2,145,1,0,1,1,0,0,0.8,0.8,0,0.8,9,11,14,0.62,0,0.62,0.62,0.62,0.5,0.01,0.51,0.5,1,9,2,22.2,5.59,1.24,0.11,0.5,20.2,40,53,75.5,0,0.1,0,1,3,2,0,11,2,2,0,0,2,1,0,1,1,0,5,0,0,NA,NA,NA,NA,NA,NA,NA,NA,NA,NA,NA,NA,NA
"Chelsea","Robert Sánchez",9,724,0,0,0,0,0,0,0,0,0.1,0.1,0,0,0,0,0,0,0,0,0,0.01,0.01,0,0,0,0,NA,0,0,NA,NA,NA,231,344,67.2,0.1,0,-0.1,2,7,0,0,0,0,0,0,1,1,3,0,1,3,0,0,2,1,66.7,9,1.12,25,16,64,3,33.3,0,0,0,0,NA
"Chelsea","Andrey Santos",2,225,0,0,0,0,0,0,0.7,0.7,0.1,0.8,4,13,10,0,0,0,0,0,0.28,0.03,0.31,0.28,0,5,1,20,2,0.4,0,0,15,95,117,81.2,0.1,0,-0.1,3,14,1,0,13,8,4,3,2,10,1,0,4,4,0,1,2,2,50,NA,NA,NA,NA,NA,NA,NA,NA,NA,NA,NA,NA
"Chelsea","Estêvão Willian",4,310,1,1,2,1,0,0,1.7,1.7,1.3,3,12,4,32,0.29,0.29,0.58,0.29,0.58,0.51,0.37,0.87,0.51,1,11,4,36.4,3.19,1.16,0.09,0.25,13.4,96,119,80.7,1.3,1.3,-0.3,5,3,3,2,4,8,4,3,2,10,3,0,7,1,2,9,0,4,0,NA,NA,NA,NA,NA,NA,NA,NA,NA,NA,NA,NA
"Crystal Palace","Nathaniel Clyne",0,5,0,0,0,0,0,0,0,0,0,0,0,0,0,0,0,0,0,0,0,0,0,0,0,0,0,NA,0,0,NA,NA,NA,3,3,100,0,0,0,0,0,0,0,0,1,1,0,0,1,1,0,0,0,0,0,0,0,NA,NA,NA,NA,NA,NA,NA,NA,NA,NA,NA,NA,NA
"Crystal Palace","Justin Devenny",1,149,0,0,0,0,0,0,0.4,0.4,0.1,0.5,5,5,9,0,0,0,0,0,0.26,0.07,0.33,0.26,0,5,2,40,3.02,1.21,0,0,14.7,38,54,70.4,0.1,0.2,-0.1,2,5,1,0,5,7,6,2,0,7,1,0,6,2,1,1,1,4,20,NA,NA,NA,NA,NA,NA,NA,NA,NA,NA,NA,NA
"Crystal Palace","Odsonne Édouard",0,3,0,0,0,0,0,0,0,0,0,0,0,0,0,0,0,0,0,0,0,0,0,0,0,0,0,NA,0,0,NA,NA,NA,0,1,0,0,0,0,0,0,0,0,0,1,1,0,0,1,0,0,0,1,0,0,0,2,0,NA,NA,NA,NA,NA,NA,NA,NA,NA,NA,NA,NA
"Crystal Palace","Romain Esse",0,25,0,0,0,0,0,0,0,0,0,0,0,2,3,0,0,0,0,0,0,0,0,0,0,0,0,NA,0,0,NA,NA,NA,5,7,71.4,0,0,0,0,1,1,0,2,2,1,0,0,2,0,0,1,2,0,0,0,1,0,NA,NA,NA,NA,NA,NA,NA,NA,NA,NA,NA,NA
"Crystal Palace","Eberechi Eze",1,83,0,0,0,0,0,0,0.2,0.2,0,0.2,0,1,2,0,0,0,0,0,0.26,0,0.26,0.26,0,6,2,33.3,6.51,2.17,0,0,32.4,16,25,64,0,0,0,0,2,0,0,1,1,1,1,0,1,1,0,2,1,0,4,0,1,0,NA,NA,NA,NA,NA,NA,NA,NA,NA,NA,NA,NA
"Crystal Palace","Marc Guéhi",8,720,1,1,2,1,0,0,0.8,0.8,1.1,1.9,7,39,3,0.12,0.12,0.25,0.12,0.25,0.1,0.13,0.23,0.1,1,6,2,33.3,0.75,0.25,0.17,0.5,8.8,368,428,86,1.1,0.8,-0.1,6,34,2,0,39,16,11,0,9,25,40,1,3,9,0,2,23,13,63.9,NA,NA,NA,NA,NA,NA,NA,NA,NA,NA,NA,NA
"Crystal Palace","Dean Henderson",8,720,0,0,0,0,0,0,0,0,0,0,0,0,0,0,0,0,0,0,0,0,0,0,0,0,0,NA,0,0,NA,NA,NA,193,299,64.5,0,0.1,0,1,9,2,0,0,0,0,0,0,0,4,0,0,2,0,0,3,1,75,9,1,29,20,72.4,3,33.3,1,1,0,0,0
"Crystal Palace","Will Hughes",5,412,0,0,0,0,0,0,0.2,0.2,0.5,0.6,2,25,3,0,0,0,0,0,0.03,0.1,0.14,0.03,0,3,0,0,0.66,0,0,NA,18.4,123,154,79.9,0.5,0.6,-0.5,5,9,6,1,25,5,3,4,3,8,11,0,8,4,0,10,2,3,40,NA,NA,NA,NA,NA,NA,NA,NA,NA,NA,NA,NA
"Crystal Palace","Daichi Kamada",6,525,0,0,0,0,0,0,0.4,0.4,0.9,1.3,8,26,16,0,0,0,0,0,0.07,0.16,0.23,0.07,0,5,2,40,0.86,0.34,0,0,19.4,173,221,78.3,0.9,1,-0.9,6,21,6,1,26,23,12,6,2,25,4,2,10,11,1,19,5,3,62.5,NA,NA,NA,NA,NA,NA,NA,NA,NA,NA,NA,NA
"Crystal Palace","Maxence Lacroix",8,720,0,1,1,0,0,0,0.3,0.3,0.6,0.9,0,13,3,0,0.12,0.12,0,0.12,0.04,0.07,0.11,0.04,0,3,1,33.3,0.37,0.12,0,0,7.9,318,368,86.4,0.6,0.2,0.4,2,13,1,0,13,16,10,13,11,27,49,1,7,6,0,2,25,14,64.1,NA,NA,NA,NA,NA,NA,NA,NA,NA,NA,NA,NA
"Crystal Palace","Jefferson Lerma",1,185,0,0,0,0,0,0,0.5,0.5,0,0.6,1,10,2,0,0,0,0,0,0.25,0.02,0.27,0.25,0,6,2,33.3,2.92,0.97,0,0,24.2,66,85,77.6,0,0,0,1,6,0,0,10,3,2,1,1,4,10,1,3,4,0,1,5,2,71.4,NA,NA,NA,NA,NA,NA,NA,NA,NA,NA,NA,NA
"Crystal Palace","Jean-Philippe Mateta",8,690,5,0,5,3,2,2,7.7,6.2,0.1,6.3,4,8,32,0.65,0,0.65,0.39,0.39,1.01,0.02,1.03,0.8,5,26,13,50,3.39,1.7,0.12,0.23,15,66,105,62.9,0.1,0.5,-0.1,1,4,3,1,8,3,2,4,4,7,15,1,7,7,4,3,22,30,42.3,NA,NA,NA,NA,NA,NA,NA,NA,NA,NA,NA,NA
"Crystal Palace","Tyrick Mitchell",8,720,1,0,1,1,0,0,0.4,0.4,0.6,1,17,13,57,0.12,0,0.12,0.12,0.12,0.05,0.08,0.13,0.05,1,5,3,60,0.62,0.37,0.2,0.33,17.7,252,346,72.8,0.6,0.5,-0.6,8,12,8,6,13,29,17,13,9,38,31,1,2,3,1,27,4,11,26.7,NA,NA,NA,NA,NA,NA,NA,NA,NA,NA,NA,NA
"Crystal Palace","Daniel Muñoz",8,720,1,2,3,1,0,0,0.9,0.9,2.4,3.3,11,19,48,0.12,0.25,0.37,0.12,0.37,0.11,0.3,0.41,0.11,1,11,5,45.5,1.37,0.62,0.09,0.2,13,205,280,73.2,2.4,1.7,-0.4,6,8,10,4,19,24,14,10,11,35,35,0,12,7,0,17,21,14,60,NA,NA,NA,NA,NA,NA,NA,NA,NA,NA,NA,NA
"Crystal Palace","Eddie Nketiah",0,80,1,0,1,1,0,0,0.7,0.7,0.7,1.3,1,2,1,1.13,0,1.13,1.13,1.13,0.73,0.77,1.51,0.73,1,4,1,25,4.5,1.13,0.25,1,11.8,12,16,75,0.7,0.4,-0.7,3,2,0,0,2,0,0,2,1,1,2,0,3,2,2,0,3,3,50,NA,NA,NA,NA,NA,NA,NA,NA,NA,NA,NA,NA
"Crystal Palace","Yeremi Pino",5,371,0,0,0,0,0,0,1.1,1.1,1.2,2.4,9,26,32,0,0,0,0,0,0.28,0.29,0.57,0.28,0,9,2,22.2,2.18,0.49,0,0,20.5,101,148,68.2,1.2,0.8,-1.2,6,12,7,1,26,7,4,6,1,8,2,0,9,8,0,10,4,9,30.8,NA,NA,NA,NA,NA,NA,NA,NA,NA,NA,NA,NA
"Crystal Palace","Chris Richards",8,720,0,0,0,0,0,0,0.4,0.4,0.3,0.7,2,12,1,0,0,0,0,0,0.05,0.04,0.08,0.05,0,4,0,0,0.5,0,0,NA,10.9,255,318,80.2,0.3,0.8,-0.3,3,10,2,1,12,20,14,15,10,30,54,1,4,1,0,2,26,16,61.9,NA,NA,NA,NA,NA,NA,NA,NA,NA,NA,NA,NA
"Crystal Palace","Ismaila Sarr",6,521,3,1,4,3,0,0,3.2,3.2,0.5,3.7,12,19,28,0.52,0.17,0.69,0.52,0.69,0.55,0.09,0.65,0.55,3,8,3,37.5,1.38,0.52,0.38,1,7.3,83,114,72.8,0.5,0.3,0.5,6,8,6,0,19,6,2,6,1,7,9,0,5,7,3,3,6,13,31.6,NA,NA,NA,NA,NA,NA,NA,NA,NA,NA,NA,NA
"Crystal Palace","Christantus Uche",0,10,0,0,0,0,0,0,0,0,0,0,1,0,3,0,0,0,0,0,0.09,0,0.09,0.09,0,1,1,100,9,9,0,0,12.6,5,10,50,0,0,0,0,1,0,0,0,0,0,0,0,0,0,0,0,1,0,2,0,1,0,NA,NA,NA,NA,NA,NA,NA,NA,NA,NA,NA,NA
"Crystal Palace","Adam Wharton",7,541,0,0,0,0,0,0,0.2,0.2,2.2,2.4,9,31,6,0,0,0,0,0,0.03,0.36,0.39,0.03,0,4,0,0,0.67,0,0,NA,25.3,188,243,77.4,2.2,1.7,-2.2,13,22,5,0,31,8,6,5,6,14,6,0,4,6,0,16,2,5,28.6,NA,NA,NA,NA,NA,NA,NA,NA,NA,NA,NA,NA
"Everton","Carlos Alcaraz",2,234,0,0,0,0,0,0,0.2,0.2,0,0.3,2,5,12,0,0,0,0,0,0.09,0.01,0.1,0.09,0,4,2,50,1.54,0.77,0,0,20.2,63,79,79.7,0,0.1,0,1,3,1,0,5,6,3,4,0,6,0,1,1,3,0,2,3,3,50,NA,NA,NA,NA,NA,NA,NA,NA,NA,NA,NA,NA
"Everton","Harrison Armstrong",0,1,0,0,0,0,0,0,0,0,0,0,0,0,0,0,0,0,0,0,0,0,0,0,0,0,0,NA,0,0,NA,NA,NA,0,0,NA,0,0,0,0,0,0,0,0,0,0,0,0,0,0,0,0,0,0,0,0,0,NA,NA,NA,NA,NA,NA,NA,NA,NA,NA,NA,NA,NA
"Everton","Thierno Barry",2,227,0,0,0,0,0,0,0.5,0.5,0,0.5,2,2,14,0,0,0,0,0,0.18,0.01,0.19,0.18,0,4,0,0,1.59,0,0,NA,8.1,29,44,65.9,0,0,0,1,0,0,0,2,0,0,1,1,1,4,0,3,0,1,0,16,21,43.2,NA,NA,NA,NA,NA,NA,NA,NA,NA,NA,NA,NA
"Everton","Beto",6,498,1,0,1,1,0,0,3.4,3.4,0.2,3.6,1,2,24,0.18,0,0.18,0.18,0.18,0.61,0.04,0.64,0.61,1,12,3,25,2.17,0.54,0.08,0.33,8.6,42,71,59.2,0.2,0.1,-0.2,2,4,0,0,2,5,2,4,0,5,6,0,9,7,3,1,29,32,47.5,NA,NA,NA,NA,NA,NA,NA,NA,NA,NA,NA,NA
"Everton","Séamus Coleman",0,2,0,0,0,0,0,0,0,0,0,0,0,0,0,0,0,0,0,0,0,0,0,0,0,0,0,NA,0,0,NA,NA,NA,0,0,NA,0,0,0,0,0,0,0,0,0,0,0,0,0,0,0,0,1,0,0,0,0,NA,NA,NA,NA,NA,NA,NA,NA,NA,NA,NA,NA,NA
"Everton","Kiernan Dewsbury-Hall",7,625,1,1,2,1,0,0,0.4,0.4,1.8,2.2,12,36,24,0.14,0.14,0.29,0.14,0.29,0.06,0.26,0.32,0.06,1,6,1,16.7,0.86,0.14,0.17,1,14.1,194,249,77.9,1.8,1.4,-0.8,13,23,18,2,36,9,3,3,3,12,5,0,11,13,0,31,7,7,50,NA,NA,NA,NA,NA,NA,NA,NA,NA,NA,NA,NA
"Everton","Tyler Dibling",1,65,0,0,0,0,0,0,0,0,0,0,2,0,5,0,0,0,0,0,0,0,0,0,0,0,0,NA,0,0,NA,NA,NA,15,18,83.3,0,0,0,0,1,0,0,0,2,1,1,0,2,0,0,4,4,0,1,0,1,0,NA,NA,NA,NA,NA,NA,NA,NA,NA,NA,NA,NA
"Everton","Idrissa Gana Gueye",8,684,1,0,1,1,0,0,0.7,0.7,0.1,0.9,3,38,11,0.13,0,0.13,0.13,0.13,0.1,0.02,0.11,0.1,1,10,2,20,1.32,0.26,0.1,0.5,23.6,307,355,86.5,0.1,0.4,-0.1,2,23,6,2,38,15,9,11,7,22,4,1,4,7,0,7,4,4,50,NA,NA,NA,NA,NA,NA,NA,NA,NA,NA,NA,NA
"Everton","James Garner",8,720,1,1,2,1,0,0,0.6,0.6,0.8,1.4,7,38,13,0.12,0.12,0.25,0.12,0.25,0.08,0.1,0.18,0.08,1,13,4,30.8,1.62,0.5,0.08,0.25,22.1,344,418,82.3,0.8,0.7,0.2,8,31,10,4,38,20,14,14,14,34,28,1,6,6,0,26,5,5,50,NA,NA,NA,NA,NA,NA,NA,NA,NA,NA,NA,NA
"Everton","Jack Grealish",6,556,1,4,5,1,0,0,0.9,0.9,2.4,3.3,49,29,63,0.16,0.65,0.81,0.16,0.81,0.15,0.39,0.54,0.15,1,10,5,50,1.62,0.81,0.1,0.2,14.8,200,244,82,2.4,1.9,1.6,17,16,8,2,29,11,9,7,4,15,5,0,4,26,0,14,2,8,20,NA,NA,NA,NA,NA,NA,NA,NA,NA,NA,NA,NA
"Everton","Tim Iroegbunam",3,267,0,0,0,0,0,0,0.2,0.2,0,0.2,1,8,6,0,0,0,0,0,0.05,0,0.05,0.05,0,3,0,0,1.01,0,0,NA,24.6,59,79,74.7,0,0,0,0,5,1,0,8,7,5,8,6,13,2,0,6,5,0,0,5,1,83.3,NA,NA,NA,NA,NA,NA,NA,NA,NA,NA,NA,NA
"Everton","Michael Keane",8,694,1,0,1,1,0,0,0.8,0.8,0.1,0.9,1,18,1,0.13,0,0.13,0.13,0.13,0.1,0.01,0.12,0.1,1,8,2,25,1.04,0.26,0.13,0.5,12.4,246,291,84.5,0.1,0.1,-0.1,1,13,1,0,18,7,4,11,8,15,58,0,5,1,0,1,21,16,56.8,NA,NA,NA,NA,NA,NA,NA,NA,NA,NA,NA,NA
"Everton","Dwight McNeil",0,25,0,0,0,0,0,0,0.2,0.2,0.1,0.4,0,0,2,0,0,0,0,0,0.88,0.51,1.39,0.88,0,2,0,0,7.2,0,0,NA,16.5,7,8,87.5,0.1,0,-0.1,1,0,0,0,0,0,0,0,0,0,0,0,0,0,0,0,1,0,100,NA,NA,NA,NA,NA,NA,NA,NA,NA,NA,NA,NA
"Everton","Vitaliy Mykolenko",5,445,0,0,0,0,0,0,0,0,0.2,0.2,9,26,20,0,0,0,0,0,0,0.04,0.05,0,0,1,0,0,0.2,0,0,NA,31.8,173,237,73,0.2,0.4,-0.2,2,17,6,0,26,4,3,10,7,11,23,1,7,5,0,15,8,7,53.3,NA,NA,NA,NA,NA,NA,NA,NA,NA,NA,NA,NA
"Everton","Iliman Ndiaye",8,671,3,1,4,2,1,1,2.2,1.4,2,3.4,19,12,35,0.4,0.13,0.54,0.27,0.4,0.29,0.27,0.57,0.19,3,6,5,83.3,0.8,0.67,0.33,0.4,17.2,158,206,76.7,2,1.6,-1,13,6,7,3,12,20,14,6,4,24,4,1,11,11,2,11,4,7,36.4,NA,NA,NA,NA,NA,NA,NA,NA,NA,NA,NA,NA
"Everton","Jake O'Brien",8,720,0,0,0,0,0,0,0.4,0.4,0.1,0.5,8,20,20,0,0,0,0,0,0.05,0.01,0.07,0.05,0,5,1,20,0.62,0.12,0,0,9.9,227,341,66.6,0.1,0.2,-0.1,3,18,3,3,20,12,8,5,4,16,30,2,5,3,1,19,28,19,59.6,NA,NA,NA,NA,NA,NA,NA,NA,NA,NA,NA,NA
"Everton","Jordan Pickford",8,720,0,0,0,0,0,0,0,0,0,0,0,0,0,0,0,0,0,0,0,0,0,0,0,0,0,NA,0,0,NA,NA,NA,214,338,63.3,0,0.1,0,0,21,2,0,0,1,1,0,0,1,12,0,0,1,0,0,1,1,50,12,1.33,35,22,68.6,2,22.2,2,1,1,0,50
"Everton","Merlin Röhl",0,46,0,0,0,0,0,0,0.1,0.1,0.1,0.1,0,3,5,0,0,0,0,0,0.11,0.14,0.25,0.11,0,2,0,0,3.91,0,0,NA,20.4,12,19,63.2,0.1,0,-0.1,1,3,0,0,3,3,2,0,0,3,1,0,2,1,0,0,3,1,75,NA,NA,NA,NA,NA,NA,NA,NA,NA,NA,NA,NA
"Everton","James Tarkowski",8,720,0,0,0,0,0,0,0.4,0.4,0.3,0.7,5,24,2,0,0,0,0,0,0.05,0.04,0.09,0.05,0,1,0,0,0.12,0,0,NA,3.4,273,345,79.1,0.3,0.4,-0.3,3,22,2,1,24,14,9,16,6,20,58,2,8,5,0,1,35,15,70,NA,NA,NA,NA,NA,NA,NA,NA,NA,NA,NA,NA
"Fulham","Joachim Andersen",8,671,0,0,0,0,0,0,0.4,0.4,0.7,1.1,7,28,3,0,0,0,0,0,0.06,0.09,0.15,0.06,0,3,0,0,0.4,0,0,NA,9.4,393,467,84.2,0.7,0.7,-0.7,2,46,4,0,28,15,11,4,8,23,59,0,7,5,0,3,10,7,58.8,NA,NA,NA,NA,NA,NA,NA,NA,NA,NA,NA,NA
"Fulham","Calvin Bassey",8,729,0,0,0,0,0,0,0.2,0.2,0,0.2,10,20,2,0,0,0,0,0,0.02,0,0.02,0.02,0,2,0,0,0.25,0,0,NA,17.2,431,498,86.5,0,0.1,0,1,33,2,0,20,12,6,11,5,17,33,4,10,10,0,3,6,5,54.5,NA,NA,NA,NA,NA,NA,NA,NA,NA,NA,NA,NA
"Fulham","Sander Berge",9,778,0,0,0,0,0,0,0.4,0.4,0.4,0.9,11,42,4,0,0,0,0,0,0.05,0.05,0.1,0.05,0,2,1,50,0.23,0.12,0,0,12.8,341,388,87.9,0.4,0.3,-0.4,4,34,5,1,42,11,8,11,5,16,12,0,11,2,0,3,9,10,47.4,NA,NA,NA,NA,NA,NA,NA,NA,NA,NA,NA,NA
"Fulham","Tom Cairney",1,184,0,0,0,0,0,0,0.3,0.3,0,0.3,2,12,3,0,0,0,0,0,0.15,0.01,0.16,0.15,0,5,0,0,2.45,0,0,NA,18.9,109,119,91.6,0,0.1,0,1,10,2,0,12,1,1,1,0,1,1,0,3,5,0,1,2,2,50,NA,NA,NA,NA,NA,NA,NA,NA,NA,NA,NA,NA
"Fulham","Timothy Castagne",5,398,0,0,0,0,0,0,0.4,0.4,0.2,0.6,5,9,20,0,0,0,0,0,0.1,0.04,0.13,0.1,0,4,0,0,0.9,0,0,NA,8.7,138,170,81.2,0.2,0.1,-0.2,3,2,5,2,9,11,6,5,7,18,17,1,4,2,0,11,9,10,47.4,NA,NA,NA,NA,NA,NA,NA,NA,NA,NA,NA,NA
"Fulham","Samuel Chukwueze",0,35,0,1,1,0,0,0,0.2,0.2,0.5,0.6,3,1,6,0,2.57,2.57,0,2.57,0.46,1.17,1.63,0.46,0,2,0,0,5.14,0,0,NA,16.2,18,25,72,0.5,0.4,0.5,2,0,1,0,1,1,0,0,0,1,0,0,0,2,0,0,0,0,NA,NA,NA,NA,NA,NA,NA,NA,NA,NA,NA,NA,NA
"Fulham","Jorge Cuenca",2,169,0,0,0,0,0,0,0,0,0,0,0,2,0,0,0,0,0,0,0,0,0,0,0,0,0,NA,0,0,NA,NA,NA,74,85,87.1,0,0,0,0,1,0,0,2,2,2,3,5,7,11,0,0,0,0,0,2,1,66.7,NA,NA,NA,NA,NA,NA,NA,NA,NA,NA,NA,NA
"Fulham","Issa Diop",2,224,0,0,0,0,0,0,0,0,0,0,1,7,0,0,0,0,0,0,0,0,0,0,0,0,0,NA,0,0,NA,NA,NA,90,110,81.8,0,0,0,0,10,0,0,7,4,3,0,2,6,14,1,4,0,0,1,4,3,57.1,NA,NA,NA,NA,NA,NA,NA,NA,NA,NA,NA,NA
"Fulham","Alex Iwobi",9,720,1,2,3,1,0,0,0.5,0.5,1.6,2.1,35,52,45,0.12,0.25,0.37,0.12,0.37,0.06,0.2,0.26,0.06,1,12,3,25,1.5,0.37,0.08,0.33,22.7,281,362,77.6,1.6,1.2,0.4,13,35,22,6,52,8,5,7,4,12,4,0,3,2,1,20,0,6,0,NA,NA,NA,NA,NA,NA,NA,NA,NA,NA,NA,NA
"Fulham","Raúl Jiménez",4,324,1,0,1,1,0,0,1.2,1.2,0,1.2,1,5,18,0.28,0,0.28,0.28,0.28,0.34,0,0.34,0.34,1,12,3,25,3.33,0.83,0.08,0.33,13.3,47,77,61,0,0.1,0,0,4,0,0,5,8,6,2,0,8,3,0,11,1,2,0,10,22,31.3,NA,NA,NA,NA,NA,NA,NA,NA,NA,NA,NA,NA
"Fulham","Kevin",0,161,0,0,0,0,0,0,0.1,0.1,0.3,0.3,13,5,20,0,0,0,0,0,0.03,0.14,0.17,0.03,0,2,2,100,1.12,1.12,0,0,22.7,46,72,63.9,0.3,0.2,-0.3,4,3,4,3,5,6,2,3,3,9,1,0,2,6,0,14,1,3,25,NA,NA,NA,NA,NA,NA,NA,NA,NA,NA,NA,NA
"Fulham","Joshua King",8,545,0,0,0,0,0,0,0.8,0.8,0.1,0.9,16,20,31,0,0,0,0,0,0.13,0.02,0.15,0.13,0,11,5,45.5,1.82,0.83,0,0,18.6,104,133,78.2,0.1,0.3,-0.1,3,6,4,0,20,11,3,11,1,12,4,1,4,9,0,3,2,6,25,NA,NA,NA,NA,NA,NA,NA,NA,NA,NA,NA,NA
"Fulham","Jonah Kusi-Asare",0,1,0,0,0,0,0,0,0,0,0,0,0,1,0,0,0,0,0,0,0,0,0,0,0,0,0,NA,0,0,NA,NA,NA,1,2,50,0,0,0,0,1,0,0,1,0,0,0,0,0,0,0,1,0,0,0,0,1,0,NA,NA,NA,NA,NA,NA,NA,NA,NA,NA,NA,NA
"Fulham","Bernd Leno",9,810,0,0,0,0,0,0,0,0,0,0,0,0,0,0,0,0,0,0,0,0,0,0,0,0,0,NA,0,0,NA,NA,NA,272,360,75.6,0,0,0,0,1,0,0,0,1,0,0,0,1,2,0,0,3,0,0,4,0,100,14,1.56,41,28,70.7,1,11.1,3,2,0,1,0
"Fulham","Saša Lukić",8,631,1,1,2,1,0,0,1.5,1.5,1.1,2.6,14,22,21,0.14,0.14,0.29,0.14,0.29,0.21,0.16,0.37,0.21,1,7,1,14.3,1,0.14,0.14,1,15.8,222,271,81.9,1.1,1,-0.1,13,16,5,1,22,17,9,11,6,23,10,2,26,12,0,33,6,12,33.3,NA,NA,NA,NA,NA,NA,NA,NA,NA,NA,NA,NA
"Fulham","Rodrigo Muniz",4,316,1,1,2,1,0,0,0.9,0.9,0.3,1.2,0,2,7,0.28,0.28,0.57,0.28,0.57,0.27,0.08,0.34,0.27,1,8,2,25,2.28,0.57,0.13,0.5,8.9,11,36,30.6,0.3,0,0.7,4,2,1,0,2,3,1,3,0,3,8,0,9,5,3,0,19,23,45.2,NA,NA,NA,NA,NA,NA,NA,NA,NA,NA,NA,NA
"Fulham","Antonee Robinson",0,64,0,0,0,0,0,0,0,0,0,0,4,5,10,0,0,0,0,0,0,0.04,0.04,0,0,0,0,NA,0,0,NA,NA,NA,50,64,78.1,0,0.1,0,1,3,2,1,5,0,0,0,1,1,1,0,0,0,0,10,0,1,0,NA,NA,NA,NA,NA,NA,NA,NA,NA,NA,NA,NA
"Fulham","Ryan Sessegnon",8,656,1,0,1,1,0,0,0.5,0.5,0.8,1.3,17,21,35,0.14,0,0.14,0.14,0.14,0.06,0.12,0.18,0.06,1,3,2,66.7,0.41,0.27,0.33,0.5,19.8,232,330,70.3,0.8,0.7,-0.8,5,22,4,0,21,19,9,8,6,25,27,0,17,2,1,23,9,8,52.9,NA,NA,NA,NA,NA,NA,NA,NA,NA,NA,NA,NA
"Fulham","Emile Smith Rowe",1,203,1,0,1,1,0,0,0.9,0.9,0.1,1,2,11,12,0.44,0,0.44,0.44,0.44,0.39,0.03,0.42,0.39,1,4,2,50,1.77,0.89,0.25,0.5,16.5,103,121,85.1,0.1,0.1,-0.1,2,7,2,0,11,1,0,2,1,2,1,0,2,2,1,1,0,3,0,NA,NA,NA,NA,NA,NA,NA,NA,NA,NA,NA,NA
"Fulham","Kenny Tete",6,539,0,0,0,0,0,0,0.1,0.1,0.1,0.2,7,28,6,0,0,0,0,0,0.01,0.02,0.04,0.01,0,1,0,0,0.17,0,0,NA,10.2,248,302,82.1,0.1,0.4,-0.1,2,14,3,1,28,20,14,4,5,25,21,0,5,12,1,13,9,5,64.3,NA,NA,NA,NA,NA,NA,NA,NA,NA,NA,NA,NA
"Fulham","Adama Traoré",1,232,0,0,0,0,0,0,0.1,0.1,0.5,0.6,13,3,22,0,0,0,0,0,0.05,0.18,0.23,0.05,0,3,0,0,1.16,0,0,NA,12.3,46,69,66.7,0.5,0.5,-0.5,3,1,5,3,3,1,1,0,0,1,1,0,4,6,3,13,1,7,12.5,NA,NA,NA,NA,NA,NA,NA,NA,NA,NA,NA,NA
"Fulham","Harry Wilson",6,520,1,0,1,1,0,0,0.9,0.9,0.2,1.1,6,11,38,0.17,0,0.17,0.17,0.17,0.16,0.04,0.2,0.16,1,13,3,23.1,2.25,0.52,0.08,0.33,18.2,115,162,71,0.2,0.3,-0.2,6,11,3,0,11,11,6,3,1,12,9,0,4,10,3,23,0,4,0,NA,NA,NA,NA,NA,NA,NA,NA,NA,NA,NA,NA
"Leeds United","Brenden Aaronson",6,548,1,0,1,1,0,0,1.6,1.6,1,2.7,16,19,32,0.16,0,0.16,0.16,0.16,0.27,0.17,0.44,0.27,1,12,5,41.7,1.97,0.82,0.08,0.2,14.2,119,152,78.3,1,1.3,-1,9,10,9,4,19,17,9,12,7,24,10,0,4,15,1,13,3,7,30,NA,NA,NA,NA,NA,NA,NA,NA,NA,NA,NA,NA
"Leeds United","Ethan Ampadu",7,607,0,0,0,0,0,0,0.4,0.4,0.1,0.5,11,26,7,0,0,0,0,0,0.06,0.01,0.07,0.06,0,4,0,0,0.59,0,0,NA,27.7,354,426,83.1,0.1,0.2,-0.1,2,37,3,2,26,19,9,5,8,27,19,1,11,4,0,6,5,6,45.5,NA,NA,NA,NA,NA,NA,NA,NA,NA,NA,NA,NA
"Leeds United","Jaka Bijol",1,90,0,0,0,0,0,0,0,0,0.1,0.1,0,1,0,0,0,0,0,0,0,0.08,0.08,0,0,0,0,NA,0,0,NA,NA,NA,53,57,93,0.1,0,-0.1,1,1,0,0,1,2,2,0,2,4,10,0,3,1,0,0,3,0,100,NA,NA,NA,NA,NA,NA,NA,NA,NA,NA,NA,NA
"Leeds United","Jayden Bogle",9,792,0,0,0,0,0,0,0.7,0.7,0.2,0.9,22,23,40,0,0,0,0,0,0.08,0.02,0.1,0.08,0,8,2,25,0.91,0.23,0,0,18.7,245,328,74.7,0.2,0.4,-0.2,3,16,7,4,23,26,15,6,13,39,24,0,11,7,2,18,5,8,38.5,NA,NA,NA,NA,NA,NA,NA,NA,NA,NA,NA,NA
"Leeds United","Sam Byram",0,8,0,0,0,0,0,0,0,0,0,0,0,0,0,0,0,0,0,0,0,0,0,0,0,0,0,NA,0,0,NA,NA,NA,1,1,100,0,0,0,0,0,0,0,0,0,0,0,0,0,0,0,1,0,0,0,0,0,NA,NA,NA,NA,NA,NA,NA,NA,NA,NA,NA,NA,NA
"Leeds United","Dominic Calvert-Lewin",6,533,1,0,1,1,0,0,1.8,1.8,0.9,2.7,6,7,26,0.17,0,0.17,0.17,0.17,0.3,0.15,0.45,0.3,1,14,7,50,2.36,1.18,0.07,0.14,12.4,63,93,67.7,0.9,0.5,-0.9,8,7,3,0,7,3,1,4,1,4,4,0,9,8,4,0,24,37,39.3,NA,NA,NA,NA,NA,NA,NA,NA,NA,NA,NA,NA
"Leeds United","Karl Darlow",5,450,0,0,0,0,0,0,0,0,0,0,0,1,0,0,0,0,0,0,0,0,0,0,0,0,0,NA,0,0,NA,NA,NA,133,208,63.9,0,0,0,0,3,0,0,1,0,0,0,0,0,2,0,0,4,0,0,2,0,100,8,1.6,20,13,60,0,0,0,0,0,0,NA
"Leeds United","Wilfried Gnonto",3,192,0,0,0,0,0,0,0.2,0.2,0.1,0.3,4,4,14,0,0,0,0,0,0.08,0.04,0.12,0.08,0,5,0,0,2.34,0,0,NA,21.9,55,71,77.5,0.1,0.1,-0.1,1,1,1,0,4,9,7,2,2,11,0,0,1,0,0,4,0,3,0,NA,NA,NA,NA,NA,NA,NA,NA,NA,NA,NA,NA
"Leeds United","Ilia Gruev",2,213,0,0,0,0,0,0,0,0,0,0,0,7,0,0,0,0,0,0,0,0,0,0,0,0,0,NA,0,0,NA,NA,NA,96,103,93.2,0,0,0,0,9,0,0,7,6,5,2,3,9,2,0,1,1,0,0,1,3,25,NA,NA,NA,NA,NA,NA,NA,NA,NA,NA,NA,NA
"Leeds United","Gabriel Gudmundsson",9,740,0,0,0,0,0,0,0.2,0.2,1.3,1.5,25,27,32,0,0,0,0,0,0.02,0.16,0.18,0.02,0,3,0,0,0.36,0,0,NA,16.5,310,399,77.7,1.3,1,-1.3,9,18,10,7,27,17,11,10,9,26,30,1,8,12,1,29,4,13,23.5,NA,NA,NA,NA,NA,NA,NA,NA,NA,NA,NA,NA
"Leeds United","Jack Harrison",1,245,0,0,0,0,0,0,0.3,0.3,0.3,0.6,8,8,16,0,0,0,0,0,0.1,0.11,0.22,0.1,0,6,2,33.3,2.2,0.73,0,0,21,81,118,68.6,0.3,0.2,-0.3,1,4,4,1,8,5,2,2,4,9,2,0,0,4,0,15,1,3,25,NA,NA,NA,NA,NA,NA,NA,NA,NA,NA,NA,NA
"Leeds United","Daniel James",3,242,0,0,0,0,0,0,0.4,0.4,0.4,0.9,15,6,24,0,0,0,0,0,0.16,0.16,0.32,0.16,0,5,0,0,1.86,0,0,NA,16.2,31,66,47,0.4,0.4,-0.4,4,4,3,2,6,2,2,4,0,2,2,0,0,4,0,20,2,0,100,NA,NA,NA,NA,NA,NA,NA,NA,NA,NA,NA,NA
"Leeds United","James Justin",0,68,0,0,0,0,0,0,0,0,0,0,0,2,2,0,0,0,0,0,0,0,0,0,0,0,0,NA,0,0,NA,NA,NA,28,35,80,0,0,0,0,2,0,0,2,1,1,2,3,4,6,0,1,1,0,1,0,3,0,NA,NA,NA,NA,NA,NA,NA,NA,NA,NA,NA,NA
"Leeds United","Sean Longstaff",7,656,1,2,3,1,0,0,0.4,0.4,1.8,2.2,2,20,11,0.14,0.27,0.41,0.14,0.41,0.06,0.24,0.3,0.06,1,8,2,25,1.1,0.27,0.13,0.5,22.1,262,315,83.2,1.8,0.8,0.2,18,17,2,2,20,27,17,10,5,32,7,0,5,11,0,27,7,6,53.8,NA,NA,NA,NA,NA,NA,NA,NA,NA,NA,NA,NA
"Leeds United","Lukas Nmecha",1,180,1,0,1,0,1,1,1.7,0.9,0,0.9,1,2,10,0.5,0,0.5,0,0,0.83,0,0.83,0.46,1,4,1,25,2,0.5,0,0,14,29,43,67.4,0,0,0,0,0,0,0,2,0,0,1,1,1,5,0,4,5,0,1,7,8,46.7,NA,NA,NA,NA,NA,NA,NA,NA,NA,NA,NA,NA
"Leeds United","Noah Okafor",5,351,2,0,2,2,0,0,1.4,1.4,0.4,1.8,9,11,28,0.51,0,0.51,0.51,0.51,0.35,0.11,0.45,0.35,2,8,3,37.5,2.05,0.77,0.25,0.67,12.1,64,87,73.6,0.4,0.4,-0.4,4,7,4,1,11,7,5,2,3,10,1,0,5,5,0,6,3,3,50,NA,NA,NA,NA,NA,NA,NA,NA,NA,NA,NA,NA
"Leeds United","Lucas Perri",4,360,0,0,0,0,0,0,0,0,0,0,0,0,0,0,0,0,0,0,0,0,0,0,0,0,0,NA,0,0,NA,NA,NA,82,156,52.6,0,0,0,0,4,0,0,0,0,0,0,0,0,4,0,0,0,0,0,2,0,100,6,1.5,11,5,54.5,2,50,1,1,0,0,0
"Leeds United","Joël Piroe",2,164,0,0,0,0,0,0,0.6,0.6,0,0.6,1,1,6,0,0,0,0,0,0.31,0,0.31,0.31,0,6,2,33.3,3.29,1.1,0,0,13.9,38,48,79.2,0,0.1,0,0,3,0,0,1,0,0,0,1,1,0,0,1,0,0,0,2,8,20,NA,NA,NA,NA,NA,NA,NA,NA,NA,NA,NA,NA
"Leeds United","Joe Rodon",9,810,2,0,2,2,0,0,0.7,0.7,0.1,0.8,6,39,0,0.22,0,0.22,0.22,0.22,0.08,0.01,0.09,0.08,2,8,4,50,0.89,0.44,0.25,0.5,8.4,447,493,90.7,0.1,0.1,-0.1,2,24,0,0,39,7,4,8,9,16,58,0,5,7,0,0,32,21,60.4,NA,NA,NA,NA,NA,NA,NA,NA,NA,NA,NA,NA
"Leeds United","Anton Stach",8,678,1,1,2,1,0,0,0.8,0.8,1,1.8,12,40,22,0.13,0.13,0.27,0.13,0.27,0.11,0.13,0.23,0.11,1,14,3,21.4,1.86,0.4,0.07,0.33,19.9,237,315,75.2,1,0.6,0,13,23,6,2,40,14,8,9,4,18,13,1,13,11,0,18,9,3,75,NA,NA,NA,NA,NA,NA,NA,NA,NA,NA,NA,NA
"Leeds United","Pascal Struijk",8,720,0,0,0,0,0,0,0.8,0.8,0.1,0.8,1,23,3,0,0,0,0,0,0.1,0.01,0.1,0.1,0,8,1,12.5,1,0.12,0,0,9,476,513,92.8,0.1,0.1,-0.1,2,41,1,0,23,6,4,4,2,8,53,0,6,5,1,0,20,20,50,NA,NA,NA,NA,NA,NA,NA,NA,NA,NA,NA,NA
"Leeds United","Ao Tanaka",3,263,0,0,0,0,0,0,0.2,0.2,0.2,0.4,2,15,3,0,0,0,0,0,0.06,0.07,0.12,0.06,0,3,0,0,1.03,0,0,NA,23.4,129,152,84.9,0.2,0.1,-0.2,4,15,2,1,15,1,1,4,4,5,0,0,3,2,0,5,3,4,42.9,NA,NA,NA,NA,NA,NA,NA,NA,NA,NA,NA,NA
"Liverpool","Alisson",6,540,0,0,0,0,0,0,0,0,0,0,0,4,0,0,0,0,0,0,0,0,0,0,0,0,0,NA,0,0,NA,NA,NA,211,254,83.1,0,0,0,0,3,0,0,4,0,0,0,0,0,5,1,0,3,0,0,1,0,100,7,1.17,16,9,56.3,2,33.3,0,0,0,0,NA
"Liverpool","Conor Bradley",5,358,0,0,0,0,0,0,0.1,0.1,0,0.1,14,19,17,0,0,0,0,0,0.02,0.01,0.02,0.02,0,2,0,0,0.5,0,0,NA,14.2,224,258,86.8,0,0.2,0,1,18,6,2,19,6,6,8,4,10,10,0,10,8,0,10,8,10,44.4,NA,NA,NA,NA,NA,NA,NA,NA,NA,NA,NA,NA
"Liverpool","Federico Chiesa",0,117,2,1,3,2,0,0,0.9,0.9,0.9,1.8,3,6,11,1.54,0.77,2.31,1.54,2.31,0.66,0.71,1.38,0.66,2,8,2,25,6.15,1.54,0.25,1,14.8,29,48,60.4,0.9,0.1,0.1,1,3,2,0,6,5,3,3,1,6,2,0,3,4,0,5,0,2,0,NA,NA,NA,NA,NA,NA,NA,NA,NA,NA,NA,NA
"Liverpool","Hugo Ekitike",6,501,3,1,4,3,0,0,2.3,2.3,0.4,2.8,8,9,29,0.54,0.18,0.72,0.54,0.72,0.42,0.08,0.5,0.42,3,16,4,25,2.87,0.72,0.19,0.75,16.3,72,103,69.9,0.4,0.2,0.6,5,2,4,0,9,4,2,2,1,5,13,0,9,2,1,1,11,16,40.7,NA,NA,NA,NA,NA,NA,NA,NA,NA,NA,NA,NA
"Liverpool","Harvey Elliott",0,1,0,0,0,0,0,0,0,0,0,0,0,0,1,0,0,0,0,0,0,0,0,0,0,0,0,NA,0,0,NA,NA,NA,4,8,50,0,0,0,0,0,0,0,0,0,0,0,0,0,0,0,0,0,0,0,0,0,NA,NA,NA,NA,NA,NA,NA,NA,NA,NA,NA,NA,NA
"Liverpool","Wataru Endo",0,39,0,1,1,0,0,0,0,0,0.1,0.1,2,1,0,0,2.31,2.31,0,2.31,0,0.25,0.25,0,0,0,0,NA,0,0,NA,NA,NA,19,22,86.4,0.1,0,0.9,1,3,0,0,1,3,1,1,0,3,3,0,1,1,0,0,2,1,66.7,NA,NA,NA,NA,NA,NA,NA,NA,NA,NA,NA,NA
"Liverpool","Jeremie Frimpong",1,86,0,0,0,0,0,0,0.1,0.1,0.3,0.4,4,3,10,0,0,0,0,0,0.08,0.31,0.39,0.08,0,2,1,50,2.09,1.05,0,0,19.4,35,47,74.5,0.3,0.4,-0.3,1,2,1,1,3,2,2,4,1,3,4,0,1,1,0,6,0,2,0,NA,NA,NA,NA,NA,NA,NA,NA,NA,NA,NA,NA
"Liverpool","Cody Gakpo",8,704,3,2,5,3,0,0,2.7,2.7,2.9,5.6,31,26,80,0.38,0.26,0.64,0.38,0.64,0.35,0.37,0.72,0.35,3,22,5,22.7,2.81,0.64,0.14,0.6,15.6,185,257,72,2.9,1.9,-0.9,19,8,14,3,26,6,2,10,5,11,6,0,13,15,4,36,16,10,61.5,NA,NA,NA,NA,NA,NA,NA,NA,NA,NA,NA,NA
"Liverpool","Joe Gomez",0,39,0,0,0,0,0,0,0.1,0.1,0,0.1,0,1,1,0,0,0,0,0,0.3,0,0.3,0.3,0,1,0,0,2.31,0,0,NA,17.5,17,24,70.8,0,0.1,0,0,1,0,0,1,0,0,0,0,0,8,0,0,0,0,1,3,0,100,NA,NA,NA,NA,NA,NA,NA,NA,NA,NA,NA,NA
"Liverpool","Ryan Gravenberch",7,601,2,1,3,2,0,0,0.4,0.4,0.6,1,18,35,15,0.3,0.15,0.45,0.3,0.45,0.06,0.08,0.15,0.06,2,10,4,40,1.5,0.6,0.2,0.5,23.8,382,437,87.4,0.6,0.4,0.4,6,38,3,0,35,13,6,3,9,22,11,0,3,8,0,1,8,5,61.5,NA,NA,NA,NA,NA,NA,NA,NA,NA,NA,NA,NA
"Liverpool","Alexander Isak",3,251,0,1,1,0,0,0,0.9,0.9,0.5,1.5,1,7,11,0,0.36,0.36,0,0.36,0.34,0.2,0.54,0.34,0,6,1,16.7,2.15,0.36,0,0,11.6,32,49,65.3,0.5,0,0.5,1,2,1,0,7,2,2,1,0,2,1,0,1,0,0,1,4,5,44.4,NA,NA,NA,NA,NA,NA,NA,NA,NA,NA,NA,NA
"Liverpool","Curtis Jones",2,327,0,0,0,0,0,0,0.3,0.3,0.4,0.7,13,46,12,0,0,0,0,0,0.09,0.11,0.19,0.09,0,4,2,50,1.1,0.55,0,0,18.9,240,261,92,0.4,0.9,-0.4,3,33,12,1,46,7,5,2,2,9,4,0,1,4,0,3,3,6,33.3,NA,NA,NA,NA,NA,NA,NA,NA,NA,NA,NA,NA
"Liverpool","Milos Kerkez",9,660,1,0,1,1,0,0,0.8,0.8,0.3,1.1,12,34,38,0.14,0,0.14,0.14,0.14,0.11,0.04,0.15,0.11,1,3,1,33.3,0.41,0.14,0.33,1,8.1,315,387,81.4,0.3,0.2,-0.3,4,29,7,2,34,12,7,5,4,16,36,2,6,7,0,26,14,11,56,NA,NA,NA,NA,NA,NA,NA,NA,NA,NA,NA,NA
"Liverpool","Ibrahima Konaté",9,742,0,0,0,0,0,0,0.6,0.6,0.5,1.2,12,37,0,0,0,0,0,0,0.08,0.07,0.14,0.08,0,4,0,0,0.49,0,0,NA,9.6,494,548,90.1,0.5,0.3,-0.5,5,42,2,0,37,17,10,7,6,23,52,2,7,7,0,1,35,14,71.4,NA,NA,NA,NA,NA,NA,NA,NA,NA,NA,NA,NA
"Liverpool","Alexis Mac Allister",7,475,0,1,1,0,0,0,0.5,0.5,1.1,1.7,12,19,14,0,0.19,0.19,0,0.19,0.1,0.21,0.31,0.1,0,8,2,25,1.52,0.38,0,0,19.9,228,273,83.5,1.1,0.3,-0.1,6,23,3,1,19,8,4,7,6,14,7,0,4,6,0,5,4,4,50,NA,NA,NA,NA,NA,NA,NA,NA,NA,NA,NA,NA
"Liverpool","Giorgi Mamardashvili",3,270,0,0,0,0,0,0,0,0,0,0,0,0,0,0,0,0,0,0,0,0,0,0,0,0,0,NA,0,0,NA,NA,NA,109,142,76.8,0,0,0,0,5,0,0,0,0,0,0,0,0,5,1,0,1,0,0,2,1,66.7,7,2.33,18,11,66.7,0,0,1,1,0,0,0
"Liverpool","Rio Ngumoha",0,33,1,0,1,1,0,0,0.4,0.4,0.1,0.4,5,0,10,2.73,0,2.73,2.73,2.73,0.97,0.26,1.23,0.97,1,1,1,100,2.73,2.73,1,1,13.3,12,13,92.3,0.1,0.1,-0.1,2,0,0,0,0,1,1,0,0,1,0,0,1,1,0,1,0,1,0,NA,NA,NA,NA,NA,NA,NA,NA,NA,NA,NA,NA
"Liverpool","Andrew Robertson",0,150,0,0,0,0,0,0,0.1,0.1,0.3,0.5,6,11,15,0,0,0,0,0,0.08,0.2,0.28,0.08,0,2,1,50,1.2,0.6,0,0,13.8,88,117,75.2,0.3,0.4,-0.3,5,13,5,4,11,2,2,3,1,3,7,0,0,0,1,10,5,4,55.6,NA,NA,NA,NA,NA,NA,NA,NA,NA,NA,NA,NA
"Liverpool","Mohamed Salah",9,803,3,2,5,2,1,1,3,2.3,1.6,3.9,28,30,98,0.34,0.22,0.56,0.22,0.45,0.34,0.18,0.53,0.25,3,19,7,36.8,2.13,0.78,0.11,0.29,14.3,182,267,68.2,1.6,1.2,0.4,16,8,18,4,30,0,0,3,1,1,3,0,5,7,3,27,6,10,37.5,NA,NA,NA,NA,NA,NA,NA,NA,NA,NA,NA,NA
"Liverpool","Dominik Szoboszlai",9,810,1,1,2,1,0,0,1.1,1.1,1.3,2.3,25,69,38,0.11,0.11,0.22,0.11,0.22,0.12,0.14,0.26,0.12,1,17,4,23.5,1.89,0.44,0.06,0.25,23.5,542,652,83.1,1.3,1,-0.3,13,62,12,5,69,21,15,8,6,27,27,1,9,7,0,43,7,5,58.3,NA,NA,NA,NA,NA,NA,NA,NA,NA,NA,NA,NA
"Liverpool","Virgil van Dijk",9,810,0,0,0,0,0,0,0.4,0.4,0.1,0.5,13,56,7,0,0,0,0,0,0.05,0.01,0.05,0.05,0,4,2,50,0.44,0.22,0,0,10.1,627,700,89.6,0.1,0.2,-0.1,2,73,1,0,56,6,4,10,10,16,87,1,3,6,0,1,46,13,78,NA,NA,NA,NA,NA,NA,NA,NA,NA,NA,NA,NA
"Liverpool","Florian Wirtz",6,593,0,0,0,0,0,0,1.2,1.2,1.1,2.3,19,44,47,0,0,0,0,0,0.18,0.16,0.35,0.18,0,10,3,30,1.52,0.46,0,0,17,252,329,76.6,1.1,1.1,-1.1,15,24,11,0,44,10,8,10,3,13,4,1,6,4,0,17,2,15,11.8,NA,NA,NA,NA,NA,NA,NA,NA,NA,NA,NA,NA
"Manchester City","Rayan Aït-Nouri",3,202,0,0,0,0,0,0,0,0,0.2,0.2,6,7,8,0,0,0,0,0,0.02,0.09,0.11,0.02,0,2,0,0,0.89,0,0,NA,24.9,105,121,86.8,0.2,0.5,-0.2,2,6,0,0,7,9,6,4,5,14,9,0,4,1,0,2,3,2,60,NA,NA,NA,NA,NA,NA,NA,NA,NA,NA,NA,NA
"Manchester City","Nathan Aké",1,205,0,0,0,0,0,0,0.3,0.3,0.1,0.4,4,20,2,0,0,0,0,0,0.12,0.04,0.16,0.12,0,3,0,0,1.32,0,0,NA,10.3,155,171,90.6,0.1,0.2,-0.1,1,18,3,2,20,3,3,1,1,4,9,1,0,4,0,2,5,2,71.4,NA,NA,NA,NA,NA,NA,NA,NA,NA,NA,NA,NA
"Manchester City","Oscar Bobb",4,394,0,1,1,0,0,0,0.4,0.4,0.6,1,15,16,47,0,0.23,0.23,0,0.23,0.08,0.14,0.22,0.08,0,3,0,0,0.69,0,0,NA,15.1,161,179,89.9,0.6,0.9,0.4,8,5,14,2,16,6,4,7,1,7,1,0,3,9,0,4,2,4,33.3,NA,NA,NA,NA,NA,NA,NA,NA,NA,NA,NA,NA
"Manchester City","Rayan Cherki",1,77,1,0,1,1,0,0,0.2,0.2,0.9,1,3,6,4,1.17,0,1.17,1.17,1.17,0.23,1,1.23,0.23,1,2,1,50,2.34,1.17,0.5,1,20.9,65,77,84.4,0.9,0.5,-0.9,2,7,3,0,6,4,1,1,2,6,0,0,1,1,0,2,0,0,NA,NA,NA,NA,NA,NA,NA,NA,NA,NA,NA,NA,NA
"Manchester City","Rúben Dias",7,636,0,0,0,0,0,0,0,0,0,0,9,26,0,0,0,0,0,0,0,0,0,0,0,0,0,NA,0,0,NA,NA,NA,479,512,93.6,0,0.2,0,0,27,0,0,26,5,3,6,6,11,36,0,5,3,0,0,15,17,46.9,NA,NA,NA,NA,NA,NA,NA,NA,NA,NA,NA,NA
"Manchester City","Jeremy Doku",5,446,0,3,3,0,0,0,0.9,0.9,2.4,3.4,53,17,60,0,0.61,0.61,0,0.61,0.19,0.49,0.68,0.19,0,5,4,80,1.01,0.81,0,0,9.7,140,171,81.9,2.4,1.6,0.6,15,8,10,2,17,5,4,2,1,6,0,0,7,12,2,13,2,4,33.3,NA,NA,NA,NA,NA,NA,NA,NA,NA,NA,NA,NA
"Manchester City","Gianluigi Donnarumma",5,450,0,0,0,0,0,0,0,0,0,0,0,0,0,0,0,0,0,0,0,0,0,0,0,0,0,NA,0,0,NA,NA,NA,110,147,74.8,0,0,0,0,1,0,0,0,0,0,0,0,0,1,1,0,0,0,0,5,0,100,3,0.5,12,9,75,3,50,0,0,0,0,NA
"Manchester City","Phil Foden",5,443,1,0,1,1,0,0,0.8,0.8,0.7,1.5,6,26,23,0.2,0,0.2,0.2,0.2,0.17,0.14,0.3,0.17,1,10,3,30,2.03,0.61,0.1,0.33,18.3,254,310,81.9,0.7,1,-0.7,10,18,9,0,26,7,6,2,1,8,6,0,4,4,0,31,0,5,0,NA,NA,NA,NA,NA,NA,NA,NA,NA,NA,NA,NA
"Manchester City","Nicolás González",4,438,0,0,0,0,0,0,0.1,0.1,0.4,0.5,5,28,5,0,0,0,0,0,0.02,0.07,0.09,0.02,0,3,0,0,0.62,0,0,NA,25.4,337,374,90.1,0.4,0.4,-0.4,4,33,0,0,28,13,11,4,3,16,17,0,5,6,0,0,17,11,60.7,NA,NA,NA,NA,NA,NA,NA,NA,NA,NA,NA,NA
"Manchester City","Joško Gvardiol",4,339,0,1,1,0,0,0,0.1,0.1,0.3,0.4,3,21,0,0,0.27,0.27,0,0.27,0.02,0.08,0.11,0.02,0,3,1,33.3,0.8,0.27,0,0,21.1,242,268,90.3,0.3,0.2,0.7,2,27,3,1,21,3,3,6,4,7,20,1,1,1,0,1,6,4,60,NA,NA,NA,NA,NA,NA,NA,NA,NA,NA,NA,NA
"Manchester City","Erling Haaland",8,683,11,1,12,11,0,0,8.7,8.7,1.1,9.8,15,6,28,1.45,0.13,1.58,1.45,1.58,1.14,0.15,1.29,1.14,11,34,18,52.9,4.48,2.37,0.32,0.61,11.2,62,95,65.3,1.1,0.7,-0.1,4,5,1,0,6,1,0,2,0,1,15,0,7,5,0,0,18,6,75,NA,NA,NA,NA,NA,NA,NA,NA,NA,NA,NA,NA
"Manchester City","Abdukodir Khusanov",3,228,0,0,0,0,0,0,0,0,0,0,2,5,4,0,0,0,0,0,0,0,0,0,0,0,0,NA,0,0,NA,NA,NA,121,148,81.8,0,0,0,0,3,0,0,5,7,4,3,5,12,11,0,3,3,0,0,2,3,40,NA,NA,NA,NA,NA,NA,NA,NA,NA,NA,NA,NA
"Manchester City","Mateo Kovačić",0,5,0,0,0,0,0,0,0,0,0,0,0,1,0,0,0,0,0,0,0,0,0,0,0,0,0,NA,0,0,NA,NA,NA,22,22,100,0,0,0,0,2,0,0,1,0,0,0,0,0,0,0,0,0,0,0,0,0,NA,NA,NA,NA,NA,NA,NA,NA,NA,NA,NA,NA,NA
"Manchester City","Rico Lewis",2,175,0,1,1,0,0,0,0,0,1,1,2,19,9,0,0.51,0.51,0,0.51,0.01,0.52,0.53,0.01,0,1,0,0,0.51,0,0,NA,26.9,123,137,89.8,1,0.9,0,2,12,1,0,19,3,1,1,3,6,6,0,1,3,0,1,0,1,0,NA,NA,NA,NA,NA,NA,NA,NA,NA,NA,NA,NA
"Manchester City","Omar Marmoush",2,149,0,1,1,0,0,0,0.8,0.8,1,1.8,7,5,14,0,0.6,0.6,0,0.6,0.5,0.58,1.08,0.5,0,5,2,40,3.02,1.21,0,0,16,39,49,79.6,1,0.5,0,2,2,1,0,5,3,3,2,1,4,1,0,1,5,0,2,1,1,50,NA,NA,NA,NA,NA,NA,NA,NA,NA,NA,NA,NA
"Manchester City","Matheus Nunes",4,424,1,0,1,1,0,0,0.2,0.2,0.2,0.4,14,22,16,0.21,0,0.21,0.21,0.21,0.04,0.03,0.08,0.04,1,3,1,33.3,0.64,0.21,0.33,1,22.1,358,403,88.8,0.2,0.3,-0.2,2,25,3,0,22,6,3,6,2,8,22,1,3,4,0,3,9,4,69.2,NA,NA,NA,NA,NA,NA,NA,NA,NA,NA,NA,NA
"Manchester City","Nico O’Reilly",5,476,0,1,1,0,0,0,0.4,0.4,0.4,0.8,16,10,20,0,0.19,0.19,0,0.19,0.07,0.08,0.15,0.07,0,6,0,0,1.13,0,0,NA,21.3,266,319,83.4,0.4,0.4,0.6,5,8,4,2,10,19,8,6,5,24,15,0,5,2,0,5,8,15,34.8,NA,NA,NA,NA,NA,NA,NA,NA,NA,NA,NA,NA
"Manchester City","Tijjani Reijnders",8,665,1,2,3,1,0,0,1.3,1.3,1.4,2.7,18,30,27,0.14,0.27,0.41,0.14,0.41,0.18,0.19,0.37,0.18,1,17,5,29.4,2.3,0.68,0.06,0.2,18.8,340,389,87.4,1.4,0.6,0.6,9,29,5,0,30,6,3,1,2,8,13,1,5,7,1,14,2,3,40,NA,NA,NA,NA,NA,NA,NA,NA,NA,NA,NA,NA
"Manchester City","Rodri",4,292,0,0,0,0,0,0,0.1,0.1,0.1,0.2,4,19,5,0,0,0,0,0,0.04,0.03,0.07,0.04,0,3,1,33.3,0.92,0.31,0,0,19.8,209,241,86.7,0.1,0.2,-0.1,3,19,1,0,19,6,1,1,2,8,11,1,1,5,0,0,8,1,88.9,NA,NA,NA,NA,NA,NA,NA,NA,NA,NA,NA,NA
"Manchester City","Sávio",3,253,0,1,1,0,0,0,0.2,0.2,0.3,0.4,14,6,23,0,0.36,0.36,0,0.36,0.06,0.09,0.16,0.06,0,4,3,75,1.42,1.07,0,0,12.4,103,122,84.4,0.3,0.4,0.7,2,2,3,0,6,1,0,1,3,4,2,0,2,7,3,4,0,0,NA,NA,NA,NA,NA,NA,NA,NA,NA,NA,NA,NA,NA
"Manchester City","Bernardo Silva",4,405,0,1,1,0,0,0,0.1,0.1,1.7,1.8,7,18,22,0,0.22,0.22,0,0.22,0.01,0.38,0.4,0.01,0,1,0,0,0.22,0,0,NA,9,209,242,86.4,1.7,1.1,-0.7,8,22,4,2,18,7,4,4,3,10,8,0,7,5,0,12,2,4,33.3,NA,NA,NA,NA,NA,NA,NA,NA,NA,NA,NA,NA
"Manchester City","John Stones",3,265,0,0,0,0,0,0,0,0,0,0,2,14,2,0,0,0,0,0,0,0,0,0,0,0,0,NA,0,0,NA,NA,NA,201,220,91.4,0,0,0,0,11,1,0,14,0,0,2,2,2,12,0,0,0,0,4,9,1,90,NA,NA,NA,NA,NA,NA,NA,NA,NA,NA,NA,NA
"Manchester City","James Trafford",3,270,0,0,0,0,0,0,0,0,0,0,0,0,0,0,0,0,0,0,0,0,0,0,0,0,0,NA,0,0,NA,NA,NA,88,118,74.6,0,0,0,0,0,0,0,0,2,1,0,0,2,5,1,0,1,0,0,1,0,100,4,1.33,15,11,80,1,33.3,1,1,0,0,0
"Manchester Utd","Altay Bayındır",6,540,0,0,0,0,0,0,0,0,0.2,0.2,0,0,0,0,0,0,0,0,0,0.04,0.04,0,0,0,0,NA,0,0,NA,NA,NA,122,192,63.5,0.2,0,-0.2,1,8,1,0,0,0,0,0,0,0,6,1,0,3,0,0,1,0,100,11,1.83,24,13,54.2,0,0,0,0,0,0,NA
"Manchester Utd","Casemiro",7,453,2,1,3,2,0,0,1.1,1.1,0.3,1.3,0,24,8,0.4,0.2,0.6,0.4,0.6,0.21,0.05,0.26,0.21,2,6,2,33.3,1.19,0.4,0.33,1,16.9,216,265,81.5,0.3,0.1,0.7,3,18,0,0,24,15,8,10,4,19,7,0,7,6,0,3,8,7,53.3,NA,NA,NA,NA,NA,NA,NA,NA,NA,NA,NA,NA
"Manchester Utd","Matheus Cunha",6,522,1,0,1,1,0,0,1.5,1.5,0.5,1.9,16,22,26,0.17,0,0.17,0.17,0.17,0.25,0.08,0.33,0.25,1,19,9,47.4,3.28,1.55,0.05,0.11,19.7,131,161,81.4,0.5,0.9,-0.5,6,11,8,3,22,7,4,8,4,11,4,0,4,14,1,11,3,17,15,NA,NA,NA,NA,NA,NA,NA,NA,NA,NA,NA,NA
"Manchester Utd","Diogo Dalot",6,516,0,1,1,0,0,0,0.1,0.1,1,1.1,15,15,35,0,0.17,0.17,0,0.17,0.01,0.18,0.19,0.01,0,3,0,0,0.52,0,0,NA,21.3,189,250,75.6,1,0.9,0,8,8,8,5,15,11,6,2,4,15,22,2,5,1,2,15,4,2,66.7,NA,NA,NA,NA,NA,NA,NA,NA,NA,NA,NA,NA
"Manchester Utd","Amad Diallo",7,574,0,1,1,0,0,0,1.9,1.9,1.2,3.1,37,27,47,0,0.16,0.16,0,0.16,0.3,0.19,0.49,0.3,0,11,4,36.4,1.72,0.63,0,0,14.5,238,267,89.1,1.2,1,-0.2,10,9,10,1,27,13,9,6,4,17,12,0,3,11,4,6,0,7,0,NA,NA,NA,NA,NA,NA,NA,NA,NA,NA,NA,NA
"Manchester Utd","Patrick Dorgu",5,524,0,1,1,0,0,0,0.2,0.2,0.9,1.1,17,8,44,0,0.17,0.17,0,0.17,0.04,0.15,0.19,0.04,0,4,0,0,0.69,0,0,NA,21.1,163,228,71.5,0.9,0.6,0.1,7,5,7,3,8,20,15,5,8,28,12,0,10,19,3,18,16,15,51.6,NA,NA,NA,NA,NA,NA,NA,NA,NA,NA,NA,NA
"Manchester Utd","Bruno Fernandes",9,800,2,1,3,1,1,3,4.3,1.9,2,3.9,14,72,27,0.23,0.11,0.34,0.11,0.23,0.48,0.22,0.71,0.22,2,19,6,31.6,2.14,0.68,0.05,0.17,21,425,548,77.6,2,1.6,-1,24,56,14,2,72,18,10,6,4,22,19,0,7,18,0,35,6,10,37.5,NA,NA,NA,NA,NA,NA,NA,NA,NA,NA,NA,NA
"Manchester Utd","Ayden Heaven",0,30,0,1,1,0,0,0,0,0,0.3,0.3,0,1,0,0,3,3,0,3,0,0.95,0.95,0,0,0,0,NA,0,0,NA,NA,NA,13,14,92.9,0.3,0.1,0.7,1,2,1,0,1,1,1,1,0,1,2,0,0,0,0,0,1,2,33.3,NA,NA,NA,NA,NA,NA,NA,NA,NA,NA,NA,NA
"Manchester Utd","Senne Lammens",3,270,0,0,0,0,0,0,0,0,0,0,0,0,0,0,0,0,0,0,0,0,0,0,0,0,0,NA,0,0,NA,NA,NA,55,144,38.2,0,0,0,0,3,0,0,0,0,0,0,0,0,1,0,0,0,0,0,2,0,100,3,1,14,11,78.6,1,33.3,0,0,0,0,NA
"Manchester Utd","Matthijs de Ligt",9,810,0,0,0,0,0,0,0.9,0.9,0.5,1.4,3,16,6,0,0,0,0,0,0.1,0.06,0.16,0.1,0,6,1,16.7,0.67,0.11,0,0,9.3,360,415,86.7,0.5,0.5,-0.5,2,18,4,3,16,15,12,10,9,24,48,1,5,4,0,4,27,20,57.4,NA,NA,NA,NA,NA,NA,NA,NA,NA,NA,NA,NA
"Manchester Utd","Harry Maguire",3,274,1,1,2,1,0,0,0.3,0.3,0.4,0.7,1,12,2,0.33,0.33,0.66,0.33,0.66,0.1,0.12,0.22,0.1,1,4,1,25,1.31,0.33,0.25,1,8.2,105,131,80.2,0.4,0,0.6,1,6,0,0,12,1,1,1,3,4,18,1,4,0,0,0,14,6,70,NA,NA,NA,NA,NA,NA,NA,NA,NA,NA,NA,NA
"Manchester Utd","Kobbie Mainoo",0,144,0,0,0,0,0,0,0.1,0.1,0.2,0.2,5,7,4,0,0,0,0,0,0.04,0.11,0.15,0.04,0,2,0,0,1.25,0,0,NA,25.1,70,81,86.4,0.2,0.1,-0.2,4,8,2,1,7,6,3,3,1,7,3,1,1,1,1,2,1,6,14.3,NA,NA,NA,NA,NA,NA,NA,NA,NA,NA,NA,NA
"Manchester Utd","Noussair Mazraoui",2,131,0,0,0,0,0,0,0,0,0,0,6,19,13,0,0,0,0,0,0,0,0,0,0,0,0,NA,0,0,NA,NA,NA,74,97,76.3,0,0.1,0,0,12,2,2,19,8,5,3,2,10,5,0,2,3,0,5,2,1,66.7,NA,NA,NA,NA,NA,NA,NA,NA,NA,NA,NA,NA
"Manchester Utd","Bryan Mbeumo",9,775,4,1,5,4,0,0,2.9,2.9,2.3,5.2,27,20,82,0.46,0.12,0.58,0.46,0.58,0.33,0.27,0.6,0.33,4,23,12,52.2,2.67,1.39,0.17,0.33,15,220,297,74.1,2.3,2,-1.3,16,12,15,7,20,2,1,7,1,3,2,0,5,13,2,41,1,25,3.8,NA,NA,NA,NA,NA,NA,NA,NA,NA,NA,NA,NA
"Manchester Utd","Mason Mount",5,332,1,0,1,1,0,0,0.5,0.5,0.5,1,5,19,15,0.27,0,0.27,0.27,0.27,0.14,0.13,0.26,0.14,1,6,2,33.3,1.63,0.54,0.17,0.5,15,88,119,73.9,0.5,0.5,-0.5,6,16,3,0,19,7,4,3,1,8,1,0,4,3,0,3,4,4,50,NA,NA,NA,NA,NA,NA,NA,NA,NA,NA,NA,NA
"Manchester Utd","Benjamin Šeško",5,498,2,1,3,2,0,0,1.8,1.8,0.3,2.2,3,9,20,0.36,0.18,0.54,0.36,0.54,0.33,0.06,0.39,0.33,2,15,7,46.7,2.71,1.27,0.13,0.29,13.2,63,101,62.4,0.3,0.2,0.7,7,5,2,0,9,3,1,5,2,5,7,0,9,2,1,0,25,26,49,NA,NA,NA,NA,NA,NA,NA,NA,NA,NA,NA,NA
"Manchester Utd","Luke Shaw",9,753,0,1,1,0,0,0,0.1,0.1,0.1,0.2,8,34,7,0,0.12,0.12,0,0.12,0.01,0.01,0.02,0.01,0,1,0,0,0.12,0,0,NA,8.9,383,456,84,0.1,0.1,0.9,2,30,2,0,34,16,7,9,7,23,20,0,9,1,0,1,13,8,61.9,NA,NA,NA,NA,NA,NA,NA,NA,NA,NA,NA,NA
"Manchester Utd","Manuel Ugarte",2,285,0,0,0,0,0,0,0,0,0,0.1,4,19,3,0,0,0,0,0,0.02,0.01,0.02,0.02,0,2,0,0,0.63,0,0,NA,30.6,122,144,84.7,0,0,0,1,17,0,0,19,15,10,5,4,19,10,0,9,4,0,0,6,2,75,NA,NA,NA,NA,NA,NA,NA,NA,NA,NA,NA,NA
"Manchester Utd","Leny Yoro",6,547,0,0,0,0,0,0,0.3,0.3,0,0.3,5,20,3,0,0,0,0,0,0.05,0,0.05,0.05,0,3,0,0,0.49,0,0,NA,8.2,264,304,86.8,0,0.1,0,1,17,1,1,20,8,5,3,11,19,24,1,4,0,0,1,14,6,70,NA,NA,NA,NA,NA,NA,NA,NA,NA,NA,NA,NA
"Manchester Utd","Joshua Zirkzee",0,86,0,0,0,0,0,0,0.8,0.8,0,0.8,0,4,5,0,0,0,0,0,0.81,0.05,0.86,0.81,0,8,1,12.5,8.37,1.05,0,0,10.7,29,36,80.6,0,0,0,1,3,0,0,4,2,1,4,0,2,0,0,0,1,0,1,4,8,33.3,NA,NA,NA,NA,NA,NA,NA,NA,NA,NA,NA,NA
"Newcastle Utd","Harvey Barnes",3,368,0,0,0,0,0,0,0.9,0.9,0.8,1.8,17,16,40,0,0,0,0,0,0.23,0.21,0.43,0.23,0,9,2,22.2,2.2,0.49,0,0,19.5,82,113,72.6,0.8,0.9,-0.8,6,6,9,4,16,2,1,4,0,2,2,0,3,6,1,17,1,0,100,NA,NA,NA,NA,NA,NA,NA,NA,NA,NA,NA,NA
"Newcastle Utd","Sven Botman",6,488,0,0,0,0,0,0,0.1,0.1,0.2,0.3,0,12,0,0,0,0,0,0,0.02,0.04,0.06,0.02,0,2,1,50,0.37,0.18,0,0,9,249,289,86.2,0.2,0.3,-0.2,2,3,0,0,12,4,2,10,5,9,36,1,5,0,0,0,14,10,58.3,NA,NA,NA,NA,NA,NA,NA,NA,NA,NA,NA,NA
"Newcastle Utd","Dan Burn",9,810,0,1,1,0,0,0,0.1,0.1,0.1,0.2,3,26,11,0,0.11,0.11,0,0.11,0.01,0.01,0.02,0.01,0,2,0,0,0.22,0,0,NA,11.1,291,411,70.8,0.1,0.2,0.9,3,16,4,1,26,13,8,7,12,25,44,0,17,6,0,6,30,30,50,NA,NA,NA,NA,NA,NA,NA,NA,NA,NA,NA,NA
"Newcastle Utd","Anthony Elanga",4,389,0,0,0,0,0,0,0.8,0.8,0.6,1.3,17,6,56,0,0,0,0,0,0.18,0.13,0.31,0.18,0,4,1,25,0.93,0.23,0,0,12.9,105,160,65.6,0.6,0.3,-0.6,6,5,6,5,6,2,2,1,1,3,5,0,0,9,0,34,3,7,30,NA,NA,NA,NA,NA,NA,NA,NA,NA,NA,NA,NA
"Newcastle Utd","Anthony Gordon",6,413,0,0,0,0,0,0,1.3,1.3,1,2.3,17,12,33,0,0,0,0,0,0.29,0.21,0.5,0.29,0,13,4,30.8,2.83,0.87,0,0,18.4,95,127,74.8,1,0.6,-1,7,10,3,1,12,5,3,3,0,5,1,0,7,12,1,11,4,2,66.7,NA,NA,NA,NA,NA,NA,NA,NA,NA,NA,NA,NA
"Newcastle Utd","Bruno Guimarães",8,715,3,0,3,3,0,0,1.5,1.5,0.5,1.9,7,55,20,0.38,0,0.38,0.38,0.38,0.19,0.06,0.25,0.19,3,12,4,33.3,1.51,0.5,0.25,0.75,17.8,296,358,82.7,0.5,0.9,-0.5,11,38,12,0,55,18,13,3,2,20,2,0,19,25,1,5,5,13,27.8,NA,NA,NA,NA,NA,NA,NA,NA,NA,NA,NA,NA
"Newcastle Utd","Lewis Hall",1,135,0,0,0,0,0,0,0,0,0,0,0,9,7,0,0,0,0,0,0.02,0,0.02,0.02,0,1,0,0,0.67,0,0,NA,26.2,52,78,66.7,0,0,0,0,5,1,0,9,6,3,3,2,8,3,0,1,4,0,7,1,1,50,NA,NA,NA,NA,NA,NA,NA,NA,NA,NA,NA,NA
"Newcastle Utd","Joelinton",7,534,0,0,0,0,0,0,0.6,0.6,0.9,1.5,9,32,20,0,0,0,0,0,0.11,0.15,0.26,0.11,0,7,2,28.6,1.18,0.34,0,0,17.1,161,198,81.3,0.9,0.4,-0.9,5,22,1,0,32,13,5,7,9,22,9,1,8,8,0,1,13,11,54.2,NA,NA,NA,NA,NA,NA,NA,NA,NA,NA,NA,NA
"Newcastle Utd","Jamaal Lascelles",0,21,0,0,0,0,0,0,0,0,0,0,0,0,1,0,0,0,0,0,0.16,0,0.16,0.16,0,1,0,0,4.29,0,0,NA,12.2,6,8,75,0,0,0,0,0,0,0,0,0,0,1,0,0,4,0,0,0,0,0,1,0,100,NA,NA,NA,NA,NA,NA,NA,NA,NA,NA,NA,NA
"Newcastle Utd","Valentino Livramento",6,526,0,1,1,0,0,0,0,0,0.2,0.2,14,24,38,0,0.17,0.17,0,0.17,0,0.03,0.03,0,0,0,0,NA,0,0,NA,NA,NA,235,289,81.3,0.2,0.4,0.8,3,24,5,2,24,6,4,1,2,8,11,0,3,8,0,13,3,1,75,NA,NA,NA,NA,NA,NA,NA,NA,NA,NA,NA,NA
"Newcastle Utd","Lewis Miley",2,274,0,1,1,0,0,0,0,0,0.3,0.3,2,10,9,0,0.33,0.33,0,0.33,0.01,0.09,0.1,0.01,0,1,0,0,0.33,0,0,NA,25,138,162,85.2,0.3,0.3,0.7,4,10,1,0,10,3,1,4,6,9,1,1,0,0,1,1,4,1,80,NA,NA,NA,NA,NA,NA,NA,NA,NA,NA,NA,NA
"Newcastle Utd","Jacob Murphy",5,416,1,1,2,1,0,0,2,2,1.1,3.1,12,11,60,0.22,0.22,0.43,0.22,0.43,0.44,0.24,0.68,0.44,1,20,8,40,4.33,1.73,0.05,0.13,21.2,95,155,61.3,1.1,0.9,-0.1,4,11,8,3,11,2,2,10,0,2,4,0,0,2,1,27,3,1,75,NA,NA,NA,NA,NA,NA,NA,NA,NA,NA,NA,NA
"Newcastle Utd","William Osula",1,174,1,0,1,1,0,0,0.5,0.5,0.1,0.6,3,2,10,0.52,0,0.52,0.52,0.52,0.28,0.04,0.32,0.28,1,5,2,40,2.59,1.03,0.2,0.5,15.4,18,21,85.7,0.1,0,-0.1,1,1,0,0,2,1,0,1,0,1,0,0,13,1,0,0,4,7,36.4,NA,NA,NA,NA,NA,NA,NA,NA,NA,NA,NA,NA
"Newcastle Utd","Nick Pope",9,810,0,0,0,0,0,0,0,0,0,0,0,0,0,0,0,0,0,0,0,0,0,0,0,0,0,NA,0,0,NA,NA,NA,174,263,66.2,0,0,0,0,0,0,0,0,1,1,0,0,1,9,0,0,0,0,0,7,0,100,8,0.89,34,26,76.5,5,55.6,0,0,0,0,NA
"Newcastle Utd","Jacob Ramsey",1,81,0,0,0,0,0,0,0,0,0.3,0.3,5,5,5,0,0,0,0,0,0.03,0.35,0.38,0.03,0,1,0,0,1.11,0,0,NA,17.4,39,43,90.7,0.3,0.1,-0.3,4,1,1,1,5,1,0,0,0,1,1,0,0,0,0,3,0,1,0,NA,NA,NA,NA,NA,NA,NA,NA,NA,NA,NA,NA
"Newcastle Utd","Fabian Schär",4,380,0,0,0,0,0,0,0.1,0.1,0.1,0.2,3,17,1,0,0,0,0,0,0.02,0.03,0.05,0.02,0,4,0,0,0.95,0,0,NA,39.8,209,252,82.9,0.1,0.1,-0.1,2,21,1,0,17,5,4,6,8,13,25,1,5,3,0,2,16,6,72.7,NA,NA,NA,NA,NA,NA,NA,NA,NA,NA,NA,NA
"Newcastle Utd","Malick Thiaw",5,453,0,0,0,0,0,0,0.6,0.6,0.3,0.9,4,24,3,0,0,0,0,0,0.13,0.06,0.18,0.13,0,6,2,33.3,1.19,0.4,0,0,13.2,201,230,87.4,0.3,0.3,-0.3,1,16,1,0,24,7,4,7,9,16,24,0,4,2,0,1,21,8,72.4,NA,NA,NA,NA,NA,NA,NA,NA,NA,NA,NA,NA
"Newcastle Utd","Sandro Tonali",8,704,0,1,1,0,0,0,0.4,0.4,1.6,2.1,17,58,17,0,0.13,0.13,0,0.13,0.06,0.21,0.27,0.06,0,12,5,41.7,1.53,0.64,0,0,22.6,370,460,80.4,1.6,1.1,-0.6,14,50,7,2,58,12,8,12,10,22,7,1,3,9,0,29,1,3,25,NA,NA,NA,NA,NA,NA,NA,NA,NA,NA,NA,NA
"Newcastle Utd","Kieran Trippier",7,609,0,0,0,0,0,0,0,0,0.8,0.8,9,64,33,0,0,0,0,0,0,0.12,0.12,0,0,0,0,NA,0,0,NA,NA,NA,411,514,80,0.8,0.8,-0.8,14,41,10,2,64,9,5,7,4,13,19,0,11,6,0,40,9,5,64.3,NA,NA,NA,NA,NA,NA,NA,NA,NA,NA,NA,NA
"Newcastle Utd","Joe Willock",1,87,0,0,0,0,0,0,0.1,0.1,0,0.1,3,1,4,0,0,0,0,0,0.09,0,0.09,0.09,0,1,0,0,1.03,0,0,NA,13,15,20,75,0,0,0,0,1,0,0,1,4,4,1,1,5,2,0,2,1,0,0,0,2,0,NA,NA,NA,NA,NA,NA,NA,NA,NA,NA,NA,NA
"Newcastle Utd","Nick Woltemade",6,477,4,0,4,3,1,1,3,2.2,0.2,2.4,3,9,20,0.75,0,0.75,0.57,0.57,0.57,0.04,0.61,0.42,4,12,3,25,2.26,0.57,0.25,1,10.6,70,91,76.9,0.2,0.2,-0.2,3,4,3,0,9,6,4,2,2,8,3,0,6,9,1,1,8,16,33.3,NA,NA,NA,NA,NA,NA,NA,NA,NA,NA,NA,NA
"Nott'ham Forest","Ola Aina",3,270,0,0,0,0,0,0,0,0,0.1,0.2,5,11,8,0,0,0,0,0,0.01,0.05,0.06,0.01,0,2,0,0,0.67,0,0,NA,24.6,125,157,79.6,0.1,0.3,-0.1,2,13,2,1,11,6,3,1,5,11,14,0,5,3,0,13,4,2,66.7,NA,NA,NA,NA,NA,NA,NA,NA,NA,NA,NA,NA
"Nott'ham Forest","Elliot Anderson",8,720,0,1,1,0,0,0,0.6,0.6,1.3,1.9,12,71,25,0,0.12,0.12,0,0.12,0.08,0.17,0.24,0.08,0,9,2,22.2,1.13,0.25,0,0,21.2,569,667,85.3,1.3,1,-0.3,10,68,11,4,71,22,12,11,7,29,8,1,9,19,1,35,10,10,50,NA,NA,NA,NA,NA,NA,NA,NA,NA,NA,NA,NA
"Nott'ham Forest","Taiwo Awoniyi",1,45,0,0,0,0,0,0,0.1,0.1,0.1,0.2,1,0,1,0,0,0,0,0,0.16,0.2,0.36,0.16,0,1,0,0,2,0,0,NA,21.2,6,7,85.7,0.1,0,-0.1,1,0,0,0,0,1,1,0,0,1,0,0,2,2,0,0,0,3,0,NA,NA,NA,NA,NA,NA,NA,NA,NA,NA,NA,NA
"Nott'ham Forest","Dilane Bakwa",2,174,0,0,0,0,0,0,0.1,0.1,0.4,0.5,6,9,22,0,0,0,0,0,0.07,0.2,0.27,0.07,0,3,3,100,1.55,1.55,0,0,22.2,72,96,75,0.4,0.3,-0.4,5,3,2,1,9,0,0,2,0,0,2,0,3,4,0,13,0,1,0,NA,NA,NA,NA,NA,NA,NA,NA,NA,NA,NA,NA
"Nott'ham Forest","Jair Cunha",1,90,0,0,0,0,0,0,0,0,0,0,0,1,0,0,0,0,0,0,0,0,0,0,0,0,0,NA,0,0,NA,NA,NA,38,49,77.6,0,0,0,0,2,0,0,1,2,2,1,2,4,6,0,0,0,0,0,1,0,100,NA,NA,NA,NA,NA,NA,NA,NA,NA,NA,NA,NA
"Nott'ham Forest","Nicolás Domínguez",1,45,0,0,0,0,0,0,0,0,0,0,0,5,0,0,0,0,0,0,0,0,0,0,0,0,0,NA,0,0,NA,NA,NA,37,38,97.4,0,0,0,0,12,0,0,5,2,0,1,0,2,1,1,2,0,0,0,0,0,NA,NA,NA,NA,NA,NA,NA,NA,NA,NA,NA,NA,NA
"Nott'ham Forest","Morgan Gibbs-White",7,641,0,1,1,0,0,0,1.5,1.5,0.6,2.2,20,56,60,0,0.14,0.14,0,0.14,0.22,0.08,0.3,0.22,0,18,3,16.7,2.53,0.42,0,0,17.3,297,369,80.5,0.6,0.9,0.4,8,36,13,4,56,2,2,7,3,5,11,3,8,10,1,10,8,9,47.1,NA,NA,NA,NA,NA,NA,NA,NA,NA,NA,NA,NA
"Nott'ham Forest","Callum Hudson-Odoi",4,436,1,0,1,1,0,0,0.4,0.4,1.3,1.7,26,22,68,0.21,0,0.21,0.21,0.21,0.09,0.27,0.36,0.09,1,6,4,66.7,1.24,0.83,0.17,0.25,19.4,164,209,78.5,1.3,0.9,-1.3,11,3,12,3,22,2,1,1,2,4,1,0,3,3,1,33,0,2,0,NA,NA,NA,NA,NA,NA,NA,NA,NA,NA,NA,NA
"Nott'ham Forest","Omari Hutchinson",0,57,0,0,0,0,0,0,0.4,0.4,0.6,1,5,2,15,0,0,0,0,0,0.67,0.96,1.64,0.67,0,4,2,50,6.32,3.16,0,0,13.6,26,37,70.3,0.6,0.4,-0.6,4,1,4,3,2,1,1,2,0,1,0,0,1,0,1,10,0,0,NA,NA,NA,NA,NA,NA,NA,NA,NA,NA,NA,NA,NA
"Nott'ham Forest","Igor Jesus",0,151,0,0,0,0,0,0,0.9,0.9,0,1,0,1,9,0,0,0,0,0,0.54,0.03,0.57,0.54,0,5,2,40,2.98,1.19,0,0,10.7,32,43,74.4,0,0.1,0,1,0,1,0,1,4,2,0,0,4,4,0,5,1,0,1,6,5,54.5,NA,NA,NA,NA,NA,NA,NA,NA,NA,NA,NA,NA
"Nott'ham Forest","Arnaud Kalimuendo",0,69,0,0,0,0,0,0,0.4,0.4,0,0.4,4,2,12,0,0,0,0,0,0.46,0.02,0.47,0.46,0,3,0,0,3.91,0,0,NA,15.5,23,29,79.3,0,0,0,1,1,1,0,2,0,0,1,0,0,1,0,1,0,0,2,3,1,75,NA,NA,NA,NA,NA,NA,NA,NA,NA,NA,NA,NA
"Nott'ham Forest","Douglas Luiz",2,127,0,0,0,0,0,0,0,0,0.4,0.4,3,1,6,0,0,0,0,0,0.01,0.3,0.32,0.01,0,1,0,0,0.71,0,0,NA,23,69,83,83.1,0.4,0.2,-0.4,2,2,0,0,1,1,1,1,0,1,0,0,1,3,0,5,0,0,NA,NA,NA,NA,NA,NA,NA,NA,NA,NA,NA,NA,NA
"Nott'ham Forest","James Mcatee",1,129,0,0,0,0,0,0,0,0,0.4,0.4,4,9,8,0,0,0,0,0,0.01,0.25,0.26,0.01,0,1,0,0,0.7,0,0,NA,33.2,55,62,88.7,0.4,0.2,-0.4,3,5,4,0,9,2,2,5,0,2,1,0,2,3,0,4,1,2,33.3,NA,NA,NA,NA,NA,NA,NA,NA,NA,NA,NA,NA
"Nott'ham Forest","Nikola Milenković",8,720,0,0,0,0,0,0,0.4,0.4,0.3,0.7,5,24,0,0,0,0,0,0,0.05,0.04,0.08,0.05,0,5,1,20,0.62,0.12,0,0,10.2,393,430,91.4,0.3,0.2,-0.3,1,37,4,0,24,3,2,4,8,11,37,0,3,4,0,0,17,13,56.7,NA,NA,NA,NA,NA,NA,NA,NA,NA,NA,NA,NA
"Nott'ham Forest","Morato",5,436,0,0,0,0,0,0,0,0,0,0,1,15,0,0,0,0,0,0,0.01,0,0.01,0.01,0,1,0,0,0.21,0,0,NA,21.5,257,290,88.6,0,0,0,0,13,1,0,15,9,5,7,3,12,25,2,8,4,0,0,5,3,62.5,NA,NA,NA,NA,NA,NA,NA,NA,NA,NA,NA,NA
"Nott'ham Forest","Murillo",5,379,0,0,0,0,0,0,0,0,0,0,2,28,0,0,0,0,0,0,0,0,0,0,0,0,0,NA,0,0,NA,NA,NA,223,270,82.6,0,0.2,0,0,28,0,0,28,3,1,5,9,12,19,0,4,2,0,1,3,2,60,NA,NA,NA,NA,NA,NA,NA,NA,NA,NA,NA,NA
"Nott'ham Forest","Dan Ndoye",7,492,1,1,2,1,0,0,0.2,0.2,0.6,0.7,29,9,54,0.18,0.18,0.37,0.18,0.37,0.03,0.11,0.14,0.03,1,2,1,50,0.37,0.18,0.5,1,12.8,103,146,70.5,0.6,0.6,0.4,6,4,6,3,9,6,3,5,5,11,1,0,5,6,0,20,2,4,33.3,NA,NA,NA,NA,NA,NA,NA,NA,NA,NA,NA,NA
"Nott'ham Forest","Ibrahim Sangaré",5,442,0,0,0,0,0,0,0.2,0.2,0,0.3,5,32,2,0,0,0,0,0,0.05,0,0.05,0.05,0,4,1,25,0.81,0.2,0,0,23.2,249,279,89.2,0,0.1,0,1,32,2,0,32,11,7,6,6,17,13,2,8,2,0,3,4,7,36.4,NA,NA,NA,NA,NA,NA,NA,NA,NA,NA,NA,NA
"Nott'ham Forest","Nicolò Savona",1,161,0,0,0,0,0,0,0,0,0,0,3,5,11,0,0,0,0,0,0,0.01,0.01,0,0,0,0,NA,0,0,NA,NA,NA,68,88,77.3,0,0,0,1,4,1,0,5,4,4,2,1,5,2,0,2,1,0,3,0,2,0,NA,NA,NA,NA,NA,NA,NA,NA,NA,NA,NA,NA
"Nott'ham Forest","Matz Sels",8,720,0,0,0,0,0,0,0,0,0,0,0,0,0,0,0,0,0,0,0,0,0,0,0,0,0,NA,0,0,NA,NA,NA,151,220,68.6,0,0,0,0,6,0,0,0,0,0,0,0,0,5,1,0,0,0,0,1,1,50,17,1.89,48,31,70.8,0,0,3,3,0,0,0
"Nott'ham Forest","Jota Silva",0,12,0,0,0,0,0,0,0,0,0,0,0,0,1,0,0,0,0,0,0,0,0,0,0,0,0,NA,0,0,NA,NA,NA,2,3,66.7,0,0,0,0,0,0,0,0,2,1,0,0,2,1,0,0,1,0,1,0,1,0,NA,NA,NA,NA,NA,NA,NA,NA,NA,NA,NA,NA
"Nott'ham Forest","Neco Williams",8,720,1,0,1,1,0,0,0.6,0.6,0.5,1.1,17,40,47,0.12,0,0.12,0.12,0.12,0.08,0.06,0.14,0.08,1,7,3,42.9,0.87,0.37,0.14,0.33,18.7,373,468,79.7,0.5,0.4,-0.5,7,29,4,4,40,20,12,11,8,28,14,0,11,12,1,43,11,8,57.9,NA,NA,NA,NA,NA,NA,NA,NA,NA,NA,NA,NA
"Nott'ham Forest","Chris Wood",7,540,2,0,2,2,0,0,2.7,2.7,0.2,2.9,0,7,16,0.33,0,0.33,0.33,0.33,0.45,0.03,0.48,0.45,2,16,6,37.5,2.67,1,0.13,0.33,9.5,54,81,66.7,0.2,0.1,-0.2,3,4,1,0,7,1,1,1,0,1,5,1,5,4,3,1,11,19,36.7,NA,NA,NA,NA,NA,NA,NA,NA,NA,NA,NA,NA
"Nott'ham Forest","Ryan Yates",1,91,0,0,0,0,0,0,0,0,0,0,0,5,0,0,0,0,0,0,0.03,0,0.03,0.03,0,1,1,100,0.99,0.99,0,0,17.2,47,51,92.2,0,0,0,0,4,1,0,5,0,0,1,2,2,6,0,4,1,0,0,6,1,85.7,NA,NA,NA,NA,NA,NA,NA,NA,NA,NA,NA,NA
"Nott'ham Forest","Oleksandr Zinchenko",3,253,0,0,0,0,0,0,0,0,0.5,0.5,6,22,7,0,0,0,0,0,0.02,0.16,0.18,0.02,0,3,1,33.3,1.07,0.36,0,0,28.7,194,216,89.8,0.5,0.3,-0.5,3,22,5,1,22,10,6,5,1,11,9,0,1,2,1,9,2,5,28.6,NA,NA,NA,NA,NA,NA,NA,NA,NA,NA,NA,NA
"Sunderland","Simon Adingra",4,273,0,0,0,0,0,0,0.1,0.1,0.6,0.7,6,2,33,0,0,0,0,0,0.05,0.2,0.24,0.05,0,1,0,0,0.33,0,0,NA,14,48,69,69.6,0.6,0.2,-0.6,5,0,4,2,2,4,3,1,0,4,5,0,5,3,3,12,3,5,37.5,NA,NA,NA,NA,NA,NA,NA,NA,NA,NA,NA,NA
"Sunderland","Omar Alderete",7,668,1,1,2,1,0,0,0.6,0.6,0.1,0.7,10,31,2,0.13,0.13,0.27,0.13,0.27,0.08,0.01,0.09,0.08,1,6,2,33.3,0.81,0.27,0.17,0.5,12.8,311,369,84.3,0.1,0.3,0.9,2,26,3,2,31,12,4,7,10,22,44,0,6,2,0,4,17,18,48.6,NA,NA,NA,NA,NA,NA,NA,NA,NA,NA,NA,NA
"Sunderland","Daniel Ballard",4,402,1,0,1,1,0,0,0.6,0.6,0.6,1.2,1,7,2,0.22,0,0.22,0.22,0.22,0.13,0.14,0.27,0.13,1,9,4,44.4,2.01,0.9,0.11,0.25,8.4,115,141,81.6,0.6,0.3,-0.6,4,7,1,0,7,8,3,8,2,10,46,1,5,7,0,0,27,15,64.3,NA,NA,NA,NA,NA,NA,NA,NA,NA,NA,NA,NA
"Sunderland","Brian Brobbey",0,76,0,1,1,0,0,0,0,0,0.1,0.1,2,2,2,0,1.18,1.18,0,1.18,0,0.14,0.14,0,0,0,0,NA,0,0,NA,NA,NA,6,13,46.2,0.1,0,0.9,1,1,0,0,2,1,0,1,0,1,2,0,1,3,1,0,3,6,33.3,NA,NA,NA,NA,NA,NA,NA,NA,NA,NA,NA,NA
"Sunderland","Habib Diarra",4,345,0,0,0,0,0,0,0.6,0.6,0,0.6,10,13,17,0,0,0,0,0,0.15,0.01,0.16,0.15,0,6,1,16.7,1.57,0.26,0,0,19.4,93,121,76.9,0,0.1,0,1,11,2,0,13,1,0,1,1,2,7,0,4,1,0,8,3,2,60,NA,NA,NA,NA,NA,NA,NA,NA,NA,NA,NA,NA
"Sunderland","Lutsharel Geertruida",1,167,0,0,0,0,0,0,0.7,0.7,0,0.7,3,2,0,0,0,0,0,0,0.36,0,0.36,0.36,0,2,1,50,1.08,0.54,0,0,16.8,48,61,78.7,0,0.2,0,0,2,1,0,2,3,3,2,1,4,5,0,1,0,0,0,1,3,25,NA,NA,NA,NA,NA,NA,NA,NA,NA,NA,NA,NA
"Sunderland","Marc Guiu",0,15,0,0,0,0,0,0,0,0,0,0,0,1,1,0,0,0,0,0,0.14,0,0.14,0.14,0,1,0,0,6,0,0,NA,15,3,5,60,0,0,0,0,0,1,0,1,0,0,0,0,0,1,0,0,0,0,0,1,4,20,NA,NA,NA,NA,NA,NA,NA,NA,NA,NA,NA,NA
"Sunderland","Trai Hume",9,798,0,1,1,0,0,0,0.3,0.3,0.4,0.8,9,30,19,0,0.11,0.11,0,0.11,0.04,0.05,0.08,0.04,0,6,0,0,0.68,0,0,NA,21.9,270,388,69.6,0.4,0.4,0.6,6,28,7,2,30,16,11,9,10,26,35,1,3,9,0,32,25,18,58.1,NA,NA,NA,NA,NA,NA,NA,NA,NA,NA,NA,NA
"Sunderland","Wilson Isidor",6,528,4,0,4,4,0,0,2.1,2.1,0,2.1,3,4,21,0.68,0,0.68,0.68,0.68,0.35,0,0.35,0.35,4,19,6,31.6,3.24,1.02,0.21,0.67,14.2,30,46,65.2,0,0,0,0,4,0,0,4,5,3,3,0,5,4,0,6,3,4,0,8,19,29.6,NA,NA,NA,NA,NA,NA,NA,NA,NA,NA,NA,NA
"Sunderland","Enzo Le Fée",6,540,1,0,1,0,1,1,0.9,0.1,0.5,0.6,8,14,29,0.17,0,0.17,0,0,0.14,0.08,0.22,0.01,1,2,0,0,0.33,0,0,NA,31.7,173,221,78.3,0.5,0.3,-0.5,6,15,5,2,14,19,10,13,3,22,9,0,8,7,0,12,2,9,18.2,NA,NA,NA,NA,NA,NA,NA,NA,NA,NA,NA,NA
"Sunderland","Reinildo Mandava",6,482,0,0,0,0,0,0,0,0,0,0,12,27,8,0,0,0,0,0,0,0,0,0,0,1,0,0,0.19,0,0,NA,29.2,210,255,82.4,0,0.1,0,0,23,2,1,27,12,6,2,8,20,25,0,6,13,0,6,11,7,61.1,NA,NA,NA,NA,NA,NA,NA,NA,NA,NA,NA,NA
"Sunderland","Arthur Masuaku",2,126,0,0,0,0,0,0,0.1,0.1,0.1,0.1,2,5,5,0,0,0,0,0,0.05,0.05,0.1,0.05,0,1,0,0,0.71,0,0,NA,12.8,45,62,72.6,0.1,0.1,-0.1,1,3,1,1,5,4,2,1,2,6,7,0,3,0,0,8,1,0,100,NA,NA,NA,NA,NA,NA,NA,NA,NA,NA,NA,NA
"Sunderland","Eliezer Mayenda",3,260,1,0,1,1,0,0,0.5,0.5,0.5,0.9,3,3,8,0.35,0,0.35,0.35,0.35,0.16,0.16,0.33,0.16,1,4,2,50,1.38,0.69,0.25,0.5,12.4,12,17,70.6,0.5,0.1,-0.5,2,0,1,0,3,1,0,3,0,1,1,0,3,3,1,0,5,11,31.3,NA,NA,NA,NA,NA,NA,NA,NA,NA,NA,NA,NA
"Sunderland","Nordi Mukiele",7,630,1,0,1,1,0,0,0.4,0.4,0.3,0.6,4,17,11,0.14,0,0.14,0.14,0.14,0.05,0.04,0.09,0.05,1,4,1,25,0.57,0.14,0.25,1,12.5,249,338,73.7,0.3,0.3,-0.3,4,12,0,0,17,21,16,6,7,28,54,1,5,6,1,7,21,10,67.7,NA,NA,NA,NA,NA,NA,NA,NA,NA,NA,NA,NA
"Sunderland","Dan Neil",0,2,0,0,0,0,0,0,0,0,0,0,0,0,0,0,0,0,0,0,0,0,0,0,0,0,0,NA,0,0,NA,NA,NA,0,0,NA,0,0,0,0,0,0,0,0,0,0,0,1,1,1,0,0,1,0,0,0,1,0,NA,NA,NA,NA,NA,NA,NA,NA,NA,NA,NA,NA
"Sunderland","Chris Rigg",3,187,0,0,0,0,0,0,0.1,0.1,0.1,0.2,1,3,6,0,0,0,0,0,0.05,0.04,0.09,0.05,0,2,0,0,0.96,0,0,NA,18.6,30,42,71.4,0.1,0.1,-0.1,2,1,2,0,3,4,2,1,0,4,1,1,2,2,0,0,1,3,25,NA,NA,NA,NA,NA,NA,NA,NA,NA,NA,NA,NA
"Sunderland","Patrick Roberts",0,28,0,0,0,0,0,0,0,0,0,0,1,1,4,0,0,0,0,0,0.11,0,0.11,0.11,0,1,0,0,3.21,0,0,NA,16.5,17,21,81,0,0,0,0,3,0,0,1,0,0,0,0,0,0,0,0,0,0,0,0,1,0,NA,NA,NA,NA,NA,NA,NA,NA,NA,NA,NA,NA
"Sunderland","Robin Roefs",9,810,0,0,0,0,0,0,0,0,0.2,0.2,0,0,0,0,0,0,0,0,0,0.02,0.02,0,0,0,0,NA,0,0,NA,NA,NA,219,349,62.8,0.2,0,-0.2,2,13,1,0,0,0,0,0,0,0,2,1,0,1,0,0,5,0,100,7,0.78,39,31,82.1,4,44.4,1,0,1,0,100
"Sunderland","Noah Sadiki",9,801,0,0,0,0,0,0,0.1,0.1,0.2,0.3,14,23,24,0,0,0,0,0,0.01,0.02,0.03,0.01,0,3,0,0,0.34,0,0,NA,17.1,269,318,84.6,0.2,0.4,-0.2,4,18,5,2,23,13,8,13,14,27,12,0,9,14,0,7,1,6,14.3,NA,NA,NA,NA,NA,NA,NA,NA,NA,NA,NA,NA
"Sunderland","Jenson Seelt",1,134,0,0,0,0,0,0,0,0,0,0,2,14,0,0,0,0,0,0,0,0,0,0,0,0,0,NA,0,0,NA,NA,NA,96,110,87.3,0,0,0,0,6,0,0,14,4,0,4,0,4,7,0,1,1,0,1,5,1,83.3,NA,NA,NA,NA,NA,NA,NA,NA,NA,NA,NA,NA
"Sunderland","Chemsdine Talbi",6,555,1,1,2,1,0,0,1,1,0.3,1.3,11,4,34,0.16,0.16,0.32,0.16,0.32,0.16,0.04,0.2,0.16,1,9,2,22.2,1.46,0.32,0.11,0.5,15.2,124,165,75.2,0.3,0.3,0.7,5,3,3,2,4,5,2,4,0,5,9,0,1,0,0,23,0,4,0,NA,NA,NA,NA,NA,NA,NA,NA,NA,NA,NA,NA
"Sunderland","Bertrand Traoré",3,215,0,0,0,0,0,0,0.3,0.3,0.7,1,2,2,17,0,0,0,0,0,0.14,0.3,0.43,0.14,0,5,3,60,2.09,1.26,0,0,14.9,46,63,73,0.7,0.1,-0.7,3,2,3,1,2,2,1,3,2,4,3,0,3,6,1,5,1,3,25,NA,NA,NA,NA,NA,NA,NA,NA,NA,NA,NA,NA
"Sunderland","Granit Xhaka",9,810,0,3,3,0,0,0,0.3,0.3,1.1,1.4,2,50,8,0,0.33,0.33,0,0.33,0.04,0.12,0.16,0.04,0,5,2,40,0.56,0.22,0,0,23,405,512,79.1,1.1,0.8,1.9,11,48,6,1,50,17,8,10,11,28,35,2,10,10,0,23,26,12,68.4,NA,NA,NA,NA,NA,NA,NA,NA,NA,NA,NA,NA
"Tottenham","Rodrigo Bentancur",6,496,1,0,1,1,0,0,0.2,0.2,0.2,0.4,3,23,9,0.18,0,0.18,0.18,0.18,0.03,0.04,0.07,0.03,1,4,1,25,0.73,0.18,0.25,1,18.9,244,282,86.5,0.2,0.4,-0.2,4,20,3,0,23,13,6,9,3,16,16,1,2,1,1,2,8,11,42.1,NA,NA,NA,NA,NA,NA,NA,NA,NA,NA,NA,NA
"Tottenham","Lucas Bergvall",4,377,1,1,2,1,0,0,0.6,0.6,0.3,0.8,9,18,23,0.24,0.24,0.48,0.24,0.48,0.13,0.06,0.19,0.13,1,5,3,60,1.19,0.72,0.2,0.33,12.4,107,149,71.8,0.3,0.2,0.7,2,13,4,1,18,11,7,1,2,13,8,1,9,3,1,9,2,8,20,NA,NA,NA,NA,NA,NA,NA,NA,NA,NA,NA,NA
"Tottenham","Kevin Danso",1,108,0,0,0,0,0,0,0,0,0,0,1,6,0,0,0,0,0,0,0,0,0,0,0,0,0,NA,0,0,NA,NA,NA,83,95,87.4,0,0,0,0,4,1,0,6,0,0,1,2,2,10,0,0,1,0,0,3,4,42.9,NA,NA,NA,NA,NA,NA,NA,NA,NA,NA,NA,NA
"Tottenham","Archie Gray",1,72,0,0,0,0,0,0,0,0,0,0,2,7,0,0,0,0,0,0,0,0.03,0.03,0,0,0,0,NA,0,0,NA,NA,NA,40,43,93,0,0,0,1,10,1,0,7,1,1,1,0,1,2,0,3,0,0,0,2,2,50,NA,NA,NA,NA,NA,NA,NA,NA,NA,NA,NA,NA
"Tottenham","Brennan Johnson",3,274,2,0,2,2,0,0,1,1,0.2,1.1,8,6,19,0.66,0,0.66,0.66,0.66,0.31,0.06,0.37,0.31,2,5,2,40,1.64,0.66,0.4,1,17.1,49,75,65.3,0.2,0.1,-0.2,3,5,2,1,6,5,3,2,1,6,8,0,1,4,4,11,1,1,50,NA,NA,NA,NA,NA,NA,NA,NA,NA,NA,NA,NA
"Tottenham","Randal Kolo Muani",0,12,0,0,0,0,0,0,0.1,0.1,0,0.1,0,0,1,0,0,0,0,0,1,0,1,1,0,1,0,0,7.5,0,0,NA,9.9,1,1,100,0,0,0,0,0,0,0,0,0,0,0,0,0,0,0,1,0,0,0,0,0,NA,NA,NA,NA,NA,NA,NA,NA,NA,NA,NA,NA,NA
"Tottenham","Mohammed Kudus",8,708,1,4,5,1,0,0,1.3,1.3,2,3.3,26,17,70,0.13,0.51,0.64,0.13,0.64,0.16,0.25,0.41,0.16,1,13,5,38.5,1.65,0.64,0.08,0.2,17.4,180,245,73.5,2,1.2,2,14,11,11,8,17,17,11,4,0,17,1,0,14,7,6,57,6,5,54.5,NA,NA,NA,NA,NA,NA,NA,NA,NA,NA,NA,NA
"Tottenham","Pape Matar Sarr",4,380,1,2,3,1,0,0,0.3,0.3,0.5,0.8,4,12,15,0.24,0.47,0.71,0.24,0.71,0.07,0.12,0.19,0.07,1,3,2,66.7,0.71,0.47,0.33,0.5,6.2,134,164,81.7,0.5,0.3,1.5,2,16,0,0,12,6,4,3,3,9,9,1,11,4,1,1,10,9,52.6,NA,NA,NA,NA,NA,NA,NA,NA,NA,NA,NA,NA
"Tottenham","Wilson Odobert",3,319,0,0,0,0,0,0,0.7,0.7,0.3,1.1,14,17,28,0,0,0,0,0,0.21,0.1,0.31,0.21,0,7,2,28.6,1.97,0.56,0,0,12.5,106,126,84.1,0.3,0.4,-0.3,3,11,6,1,17,3,3,0,0,3,4,1,1,0,0,7,0,5,0,NA,NA,NA,NA,NA,NA,NA,NA,NA,NA,NA,NA
"Tottenham","João Palhinha",7,603,2,1,3,2,0,0,0.6,0.6,0.1,0.7,2,19,6,0.3,0.15,0.45,0.3,0.45,0.09,0.02,0.11,0.09,2,10,3,30,1.49,0.45,0.2,0.67,19.2,240,295,81.4,0.1,0.3,0.9,2,21,1,0,19,35,20,5,6,41,12,0,5,8,0,1,14,10,58.3,NA,NA,NA,NA,NA,NA,NA,NA,NA,NA,NA,NA
"Tottenham","Pedro Porro",7,637,0,0,0,0,0,0,0.1,0.1,0.8,0.9,16,39,18,0,0,0,0,0,0.02,0.11,0.12,0.02,0,4,0,0,0.57,0,0,NA,25,306,439,69.7,0.8,0.9,-0.8,12,42,9,7,39,13,8,6,5,18,38,2,10,9,0,50,4,1,80,NA,NA,NA,NA,NA,NA,NA,NA,NA,NA,NA,NA
"Tottenham","Richarlison",5,485,3,1,4,3,0,0,1.6,1.6,0.9,2.6,7,9,18,0.56,0.19,0.74,0.56,0.74,0.3,0.17,0.47,0.3,3,15,5,33.3,2.78,0.93,0.2,0.6,10.6,47,80,58.8,0.9,0.3,0.1,5,4,1,0,9,3,3,3,2,5,12,1,6,6,1,4,15,17,46.9,NA,NA,NA,NA,NA,NA,NA,NA,NA,NA,NA,NA
"Tottenham","Cristian Romero",7,630,0,1,1,0,0,0,0.1,0.1,0.2,0.2,2,32,0,0,0.14,0.14,0,0.14,0.01,0.02,0.04,0.01,0,2,1,50,0.29,0.14,0,0,19.3,382,427,89.5,0.2,0.2,0.8,2,27,3,0,32,15,6,7,11,26,25,1,8,6,0,0,15,10,60,NA,NA,NA,NA,NA,NA,NA,NA,NA,NA,NA,NA
"Tottenham","Xavi Simons",4,328,0,1,1,0,0,0,0.3,0.3,0.6,0.9,14,22,17,0,0.27,0.27,0,0.27,0.08,0.16,0.24,0.08,0,4,1,25,1.1,0.27,0,0,20,109,143,76.2,0.6,0.6,0.4,6,7,7,2,22,5,3,3,1,6,5,0,5,5,0,19,3,8,27.3,NA,NA,NA,NA,NA,NA,NA,NA,NA,NA,NA,NA
"Tottenham","Dominic Solanke",0,33,0,0,0,0,0,0,0.2,0.2,0,0.2,0,0,2,0,0,0,0,0,0.57,0,0.57,0.57,0,2,1,50,5.45,2.73,0,0,15,2,2,100,0,0,0,0,0,0,0,0,1,1,1,1,2,1,0,0,1,0,0,0,2,0,NA,NA,NA,NA,NA,NA,NA,NA,NA,NA,NA,NA
"Tottenham","Djed Spence",6,488,0,0,0,0,0,0,0.2,0.2,0.1,0.2,21,29,30,0,0,0,0,0,0.03,0.01,0.05,0.03,0,2,1,50,0.37,0.18,0,0,17.3,238,296,80.4,0.1,0.2,-0.1,2,27,4,1,29,5,3,4,1,6,16,0,6,3,0,14,5,6,45.5,NA,NA,NA,NA,NA,NA,NA,NA,NA,NA,NA,NA
"Tottenham","Mathys Tel",3,238,1,0,1,1,0,0,0.2,0.2,0,0.2,4,3,14,0.38,0,0.38,0.38,0.38,0.08,0,0.08,0.08,1,4,1,25,1.51,0.38,0.25,1,17.8,27,40,67.5,0,0,0,0,4,1,1,3,5,2,1,0,5,2,0,4,2,2,4,2,13,13.3,NA,NA,NA,NA,NA,NA,NA,NA,NA,NA,NA,NA
"Tottenham","Destiny Udogie",3,303,0,0,0,0,0,0,0,0,0.2,0.3,15,21,29,0,0,0,0,0,0.01,0.07,0.08,0.01,0,1,0,0,0.3,0,0,NA,11.7,184,217,84.8,0.2,0.2,-0.2,3,21,5,0,21,5,4,5,1,6,6,0,3,6,2,5,4,3,57.1,NA,NA,NA,NA,NA,NA,NA,NA,NA,NA,NA,NA
"Tottenham","Micky van de Ven",8,709,1,0,1,1,0,0,0.8,0.8,0.1,0.9,5,23,2,0.13,0,0.13,0.13,0.13,0.1,0.01,0.11,0.1,1,5,1,20,0.63,0.13,0.2,1,8.5,439,476,92.2,0.1,0.2,-0.1,2,24,0,0,23,8,6,7,7,15,25,0,6,4,0,1,11,9,55,NA,NA,NA,NA,NA,NA,NA,NA,NA,NA,NA,NA
"Tottenham","Guglielmo Vicario",8,720,0,0,0,0,0,0,0,0,0,0,0,0,0,0,0,0,0,0,0,0,0,0,0,0,0,NA,0,0,NA,NA,NA,278,340,81.8,0,0,0,0,6,0,0,0,0,0,1,0,0,4,2,0,2,0,0,0,0,NA,7,0.78,33,26,78.8,4,44.4,0,0,0,0,NA
"West Ham","Nayef Aguerd",2,180,0,0,0,0,0,0,0.1,0.1,0,0.1,2,9,0,0,0,0,0,0,0.05,0,0.05,0.05,0,2,0,0,1,0,0,NA,9.9,106,119,89.1,0,0,0,0,12,0,0,9,1,0,4,1,2,11,0,0,1,0,2,4,3,57.1,NA,NA,NA,NA,NA,NA,NA,NA,NA,NA,NA,NA
"West Ham","Alphonse Areola",5,450,0,0,0,0,0,0,0,0,0,0,0,0,0,0,0,0,0,0,0,0,0,0,0,0,0,NA,0,0,NA,NA,NA,106,171,62,0,0,0,0,5,0,0,0,0,0,0,1,1,1,0,0,0,0,0,0,0,NA,9,1.8,25,16,68,0,0,1,1,0,0,0
"West Ham","Jarrod Bowen",9,810,3,1,4,3,0,0,1,1,1.4,2.4,27,18,67,0.33,0.11,0.44,0.33,0.44,0.12,0.15,0.27,0.12,3,19,9,47.4,2.11,1,0.16,0.33,17.2,156,220,70.9,1.4,1.2,-0.4,9,8,10,4,18,7,4,3,6,13,9,0,4,15,3,28,5,13,27.8,NA,NA,NA,NA,NA,NA,NA,NA,NA,NA,NA,NA
"West Ham","El Hadji Malick Diouf",8,765,0,3,3,0,0,0,0.2,0.2,0.7,1,12,26,38,0,0.35,0.35,0,0.35,0.03,0.09,0.11,0.03,0,7,1,14.3,0.82,0.12,0,0,23.7,284,386,73.6,0.7,0.8,2.3,7,19,8,3,26,9,3,7,5,14,37,1,10,6,0,35,12,13,48,NA,NA,NA,NA,NA,NA,NA,NA,NA,NA,NA,NA
"West Ham","Mateus Fernandes",6,469,1,0,1,1,0,0,0.3,0.3,0.6,0.8,7,15,7,0.19,0,0.19,0.19,0.19,0.05,0.11,0.15,0.05,1,5,1,20,0.96,0.19,0.2,1,25.2,183,209,87.6,0.6,0.3,-0.6,5,14,3,0,15,16,9,8,2,18,3,0,9,3,0,8,2,3,40,NA,NA,NA,NA,NA,NA,NA,NA,NA,NA,NA,NA
"West Ham","Niclas Füllkrug",5,379,0,0,0,0,0,0,0.8,0.8,0.6,1.3,1,5,15,0,0,0,0,0,0.19,0.13,0.32,0.19,0,8,3,37.5,1.9,0.71,0,0,9.3,53,87,60.9,0.6,0.2,-0.6,6,2,3,0,5,2,1,1,2,4,5,0,10,1,2,0,16,28,36.4,NA,NA,NA,NA,NA,NA,NA,NA,NA,NA,NA,NA
"West Ham","Luis Guilherme",0,57,0,0,0,0,0,0,0.1,0.1,0,0.1,0,0,3,0,0,0,0,0,0.11,0,0.11,0.11,0,1,0,0,1.58,0,0,NA,11.8,10,10,100,0,0,0,0,0,0,0,0,0,0,0,0,0,1,0,0,0,0,0,0,1,0,NA,NA,NA,NA,NA,NA,NA,NA,NA,NA,NA,NA
"West Ham","Mads Hermansen",4,360,0,0,0,0,0,0,0,0,0,0,0,0,0,0,0,0,0,0,0,0,0,0,0,0,0,NA,0,0,NA,NA,NA,104,157,66.2,0,0,0,0,6,0,0,0,0,0,0,0,0,3,1,0,0,0,0,3,0,100,11,2.75,20,9,45,1,25,0,0,0,0,NA
"West Ham","Igor",0,1,0,0,0,0,0,0,0,0,0,0,0,0,0,0,0,0,0,0,0,0,0,0,0,0,0,NA,0,0,NA,NA,NA,0,0,NA,0,0,0,0,0,0,0,0,0,0,0,0,0,0,0,0,0,0,0,0,0,NA,NA,NA,NA,NA,NA,NA,NA,NA,NA,NA,NA,NA
"West Ham","Andy Irving",2,150,0,0,0,0,0,0,0,0,0.1,0.1,2,12,2,0,0,0,0,0,0,0.07,0.07,0,0,0,0,NA,0,0,NA,NA,NA,86,104,82.7,0.1,0.1,-0.1,2,7,0,0,12,6,3,2,1,7,1,0,1,0,0,11,0,4,0,NA,NA,NA,NA,NA,NA,NA,NA,NA,NA,NA,NA
"West Ham","Max Kilman",9,810,0,0,0,0,0,0,0.4,0.4,0.2,0.6,3,20,1,0,0,0,0,0,0.04,0.02,0.06,0.04,0,2,0,0,0.22,0,0,NA,4.5,366,408,89.7,0.2,0.2,-0.2,2,18,1,1,20,9,6,11,5,14,62,0,11,1,0,3,32,18,64,NA,NA,NA,NA,NA,NA,NA,NA,NA,NA,NA,NA
"West Ham","Soungoutou Magassa",2,173,0,0,0,0,0,0,0,0,0,0,1,2,3,0,0,0,0,0,0,0,0,0,0,0,0,NA,0,0,NA,NA,NA,63,76,82.9,0,0,0,0,5,0,0,2,8,3,6,1,9,5,0,4,1,0,1,0,2,0,NA,NA,NA,NA,NA,NA,NA,NA,NA,NA,NA,NA
"West Ham","Callum Marshall",0,60,0,0,0,0,0,0,0.1,0.1,0,0.1,0,1,0,0,0,0,0,0,0.19,0,0.19,0.19,0,1,0,0,1.5,0,0,NA,5.8,2,4,50,0,0,0,0,0,0,0,1,0,0,1,2,2,0,0,0,0,1,0,1,3,25,NA,NA,NA,NA,NA,NA,NA,NA,NA,NA,NA,NA
"West Ham","Konstantinos Mavropanos",5,495,0,0,0,0,0,0,0.4,0.4,0,0.4,2,17,0,0,0,0,0,0,0.07,0,0.07,0.07,0,4,1,25,0.73,0.18,0,0,7.3,221,253,87.4,0,0,0,0,15,1,0,17,2,1,7,7,9,45,0,3,1,0,0,16,10,61.5,NA,NA,NA,NA,NA,NA,NA,NA,NA,NA,NA,NA
"West Ham","Lucas Paquetá",9,786,2,0,2,1,1,1,1.7,0.9,0.9,1.8,4,60,37,0.23,0,0.23,0.11,0.11,0.19,0.1,0.29,0.1,2,10,3,30,1.15,0.34,0.1,0.33,18.4,337,455,74.1,0.9,1.1,-0.9,13,38,12,2,60,20,13,12,2,22,13,1,16,17,2,23,24,23,51.1,NA,NA,NA,NA,NA,NA,NA,NA,NA,NA,NA,NA
"West Ham","Freddie Potts",0,134,0,0,0,0,0,0,0,0,0,0,0,6,2,0,0,0,0,0,0,0,0,0,0,0,0,NA,0,0,NA,NA,NA,78,97,80.4,0,0,0,0,8,0,0,6,3,2,0,0,3,4,0,0,0,0,1,4,2,66.7,NA,NA,NA,NA,NA,NA,NA,NA,NA,NA,NA,NA
"West Ham","Guido Rodríguez",1,90,0,0,0,0,0,0,0,0,0,0,0,5,3,0,0,0,0,0,0.03,0,0.03,0.03,0,1,0,0,1,0,0,NA,23.7,31,37,83.8,0,0,0,0,2,1,0,5,0,0,3,1,1,1,0,0,0,0,2,1,0,100,NA,NA,NA,NA,NA,NA,NA,NA,NA,NA,NA,NA
"West Ham","Oliver Scarles",2,69,0,0,0,0,0,0,0,0,0,0,0,2,2,0,0,0,0,0,0,0,0,0,0,0,0,NA,0,0,NA,NA,NA,20,24,83.3,0,0,0,0,3,0,0,2,1,1,1,0,1,5,0,0,2,0,1,1,2,33.3,NA,NA,NA,NA,NA,NA,NA,NA,NA,NA,NA,NA
"West Ham","Tomáš Souček",5,366,0,0,0,0,0,0,0.5,0.5,0,0.5,1,10,7,0,0,0,0,0,0.12,0.01,0.13,0.12,0,6,3,50,1.48,0.74,0,0,11.6,114,155,73.5,0,0,0,1,6,1,0,10,5,3,4,3,8,20,0,5,2,1,1,15,8,65.2,NA,NA,NA,NA,NA,NA,NA,NA,NA,NA,NA,NA
"West Ham","Crysencio Summerville",6,480,0,1,1,0,0,0,0.6,0.6,0.2,0.8,12,16,33,0,0.19,0.19,0,0.19,0.12,0.04,0.16,0.12,0,6,1,16.7,1.13,0.19,0,0,19.4,125,149,83.9,0.2,0.5,0.8,3,5,4,1,16,7,3,4,1,8,10,0,8,13,1,7,1,3,25,NA,NA,NA,NA,NA,NA,NA,NA,NA,NA,NA,NA
"West Ham","Jean-Clair Todibo",4,306,0,0,0,0,0,0,0,0,0,0,4,16,1,0,0,0,0,0,0,0,0,0,0,0,0,NA,0,0,NA,NA,NA,176,202,87.1,0,0,0,0,16,0,0,16,8,6,1,3,11,15,0,1,2,1,2,6,10,37.5,NA,NA,NA,NA,NA,NA,NA,NA,NA,NA,NA,NA
"West Ham","Kyle Walker-Peters",5,450,0,0,0,0,0,0,0.1,0.1,0.1,0.2,12,16,19,0,0,0,0,0,0.03,0.02,0.04,0.03,0,3,1,33.3,0.6,0.2,0,0,10.2,205,241,85.1,0.1,0.1,-0.1,3,14,3,0,16,10,6,7,0,10,16,0,5,8,0,4,6,7,46.2,NA,NA,NA,NA,NA,NA,NA,NA,NA,NA,NA,NA
"West Ham","Aaron Wan-Bissaka",4,381,0,0,0,0,0,0,0,0,0.2,0.2,8,13,23,0,0,0,0,0,0,0.05,0.05,0,0,0,0,NA,0,0,NA,NA,NA,196,241,81.3,0.2,0.2,-0.2,3,9,6,5,13,4,3,6,4,8,14,1,3,3,0,10,4,2,66.7,NA,NA,NA,NA,NA,NA,NA,NA,NA,NA,NA,NA
"West Ham","James Ward-Prowse",5,413,0,0,0,0,0,0,0.1,0.1,0.9,1,1,20,8,0,0,0,0,0,0.03,0.2,0.23,0.03,0,2,0,0,0.44,0,0,NA,27.5,185,218,84.9,0.9,0.9,-0.9,12,19,5,1,20,4,2,5,5,9,3,0,4,2,0,23,3,5,37.5,NA,NA,NA,NA,NA,NA,NA,NA,NA,NA,NA,NA
"West Ham","Callum Wilson",1,239,1,0,1,1,0,0,1.2,1.2,0,1.2,2,1,15,0.38,0,0.38,0.38,0.38,0.45,0.02,0.46,0.45,1,7,5,71.4,2.64,1.88,0.14,0.2,11.6,18,30,60,0,0.1,0,1,1,0,0,1,0,0,2,1,1,0,0,3,5,1,1,3,8,27.3,NA,NA,NA,NA,NA,NA,NA,NA,NA,NA,NA,NA
"Wolves","Emmanuel Agbadou",5,526,0,0,0,0,0,0,0.4,0.4,0.1,0.5,3,26,5,0,0,0,0,0,0.07,0.02,0.09,0.07,0,6,2,33.3,1.03,0.34,0,0,22.1,287,362,79.3,0.1,0.3,-0.1,2,36,5,2,26,14,8,11,5,19,34,2,4,2,0,8,15,7,68.2,NA,NA,NA,NA,NA,NA,NA,NA,NA,NA,NA,NA
"Wolves","André",6,533,0,0,0,0,0,0,0,0,0,0,6,24,3,0,0,0,0,0,0.01,0,0.01,0.01,0,2,0,0,0.34,0,0,NA,33.1,249,272,91.5,0,0.1,0,0,22,1,0,24,15,7,9,5,20,13,2,7,10,0,0,1,5,16.7,NA,NA,NA,NA,NA,NA,NA,NA,NA,NA,NA,NA
"Wolves","Jhon Arias",5,435,0,0,0,0,0,0,0.7,0.7,0.4,1.1,8,17,21,0,0,0,0,0,0.14,0.09,0.22,0.14,0,8,2,25,1.66,0.41,0,0,19.5,163,195,83.6,0.4,0.3,-0.4,8,12,4,1,17,21,13,8,4,25,7,0,7,0,1,22,6,8,42.9,NA,NA,NA,NA,NA,NA,NA,NA,NA,NA,NA,NA
"Wolves","Tolu Arokodare",2,178,0,0,0,0,0,0,0.3,0.3,0.1,0.5,1,0,9,0,0,0,0,0,0.17,0.07,0.24,0.17,0,6,1,16.7,3.03,0.51,0,0,12.5,13,25,52,0.1,0,-0.1,1,1,0,0,0,1,1,0,1,2,7,0,2,3,1,0,13,17,43.3,NA,NA,NA,NA,NA,NA,NA,NA,NA,NA,NA,NA
"Wolves","Jean-Ricner Bellegarde",3,255,0,0,0,0,0,0,0.2,0.2,0.3,0.5,9,17,8,0,0,0,0,0,0.07,0.1,0.17,0.07,0,6,1,16.7,2.12,0.35,0,0,22.9,76,101,75.2,0.3,0.2,-0.3,3,2,6,0,17,6,4,2,2,8,3,1,2,8,0,9,0,5,0,NA,NA,NA,NA,NA,NA,NA,NA,NA,NA,NA,NA
"Wolves","Hugo Bueno",5,530,0,0,0,0,0,0,0.1,0.1,0.8,1,17,12,39,0,0,0,0,0,0.02,0.14,0.17,0.02,0,2,1,50,0.34,0.17,0,0,16.8,226,298,75.8,0.8,1.1,-0.8,11,9,16,15,12,20,12,6,9,29,15,0,5,2,0,44,5,3,62.5,NA,NA,NA,NA,NA,NA,NA,NA,NA,NA,NA,NA
"Wolves","Santiago Bueno",4,395,1,0,1,1,0,0,0.8,0.8,0.1,0.8,1,14,1,0.23,0,0.23,0.23,0.23,0.17,0.01,0.18,0.17,1,1,1,100,0.23,0.23,1,1,3.4,184,213,86.4,0.1,0.4,-0.1,3,8,1,1,14,18,8,3,10,28,14,0,6,2,0,3,14,6,70,NA,NA,NA,NA,NA,NA,NA,NA,NA,NA,NA,NA
"Wolves","Matt Doherty",4,291,0,0,0,0,0,0,0.1,0.1,0.1,0.1,1,9,3,0,0,0,0,0,0.02,0.02,0.04,0.02,0,1,0,0,0.31,0,0,NA,10.2,120,149,80.5,0.1,0,-0.1,1,8,0,0,9,8,4,3,2,10,16,0,8,2,0,4,10,4,71.4,NA,NA,NA,NA,NA,NA,NA,NA,NA,NA,NA,NA
"Wolves","João Gomes",8,677,0,0,0,0,0,0,0.3,0.3,0.2,0.6,9,44,13,0,0,0,0,0,0.05,0.03,0.07,0.05,0,5,0,0,0.66,0,0,NA,22.2,311,367,84.7,0.2,0.4,-0.2,5,34,13,5,44,23,17,10,9,32,18,0,19,11,0,10,8,4,66.7,NA,NA,NA,NA,NA,NA,NA,NA,NA,NA,NA,NA
"Wolves","Rodrigo Gomes",3,241,1,0,1,1,0,0,0.7,0.7,0.1,0.8,8,4,23,0.37,0,0.37,0.37,0.37,0.27,0.03,0.3,0.27,1,8,2,25,2.99,0.75,0.13,0.5,14.7,61,78,78.2,0.1,0.2,-0.1,1,1,1,1,4,6,5,2,2,8,7,0,2,2,0,4,3,3,50,NA,NA,NA,NA,NA,NA,NA,NA,NA,NA,NA,NA
"Wolves","Toti Gomes",5,390,0,0,0,0,0,0,0,0,0,0.1,5,10,1,0,0,0,0,0,0.01,0.01,0.02,0.01,0,2,1,50,0.46,0.23,0,0,8.8,250,295,84.7,0,0,0,2,19,0,0,10,7,4,1,3,10,17,0,3,4,0,3,6,8,42.9,NA,NA,NA,NA,NA,NA,NA,NA,NA,NA,NA,NA
"Wolves","Hwang Hee-chan",4,277,1,0,1,1,0,0,0.6,0.6,0,0.7,5,7,14,0.32,0,0.32,0.32,0.32,0.21,0.01,0.22,0.21,1,5,2,40,1.62,0.65,0.2,0.5,18.2,42,71,59.2,0,0.1,0,1,3,2,1,7,4,2,3,1,5,4,0,5,4,2,6,1,1,50,NA,NA,NA,NA,NA,NA,NA,NA,NA,NA,NA,NA
"Wolves","Ki-Jana Hoever",2,130,0,0,0,0,0,0,0,0,0.2,0.3,1,2,9,0,0,0,0,0,0.01,0.17,0.19,0.01,0,1,1,100,0.69,0.69,0,0,31.7,42,62,67.7,0.2,0.2,-0.2,2,6,4,3,2,2,2,0,2,4,9,0,0,0,0,7,0,1,0,NA,NA,NA,NA,NA,NA,NA,NA,NA,NA,NA,NA
"Wolves","Sam Johnstone",4,360,0,0,0,0,0,0,0,0,0,0,0,0,0,0,0,0,0,0,0,0,0,0,0,0,0,NA,0,0,NA,NA,NA,110,183,60.1,0,0,0,0,6,0,0,0,0,0,0,0,0,4,0,0,0,0,0,2,0,100,8,1.6,22,15,63.6,0,0,0,0,0,0,NA
"Wolves","Sasa Kalajdzic",0,15,0,0,0,0,0,0,0,0,0,0,0,0,2,0,0,0,0,0,0,0,0,0,0,0,0,NA,0,0,NA,NA,NA,4,6,66.7,0,0,0,0,0,0,0,0,0,0,0,1,1,0,0,0,0,0,0,2,1,66.7,NA,NA,NA,NA,NA,NA,NA,NA,NA,NA,NA,NA
"Wolves","Ladislav Krejčí",5,450,1,0,1,1,0,0,0.8,0.8,0.2,1,3,24,3,0.2,0,0.2,0.2,0.2,0.16,0.04,0.19,0.16,1,5,4,80,1,0.8,0.2,0.25,14.9,254,290,87.6,0.2,0.3,-0.2,4,28,4,1,24,9,4,4,2,11,20,0,8,3,0,4,13,7,65,NA,NA,NA,NA,NA,NA,NA,NA,NA,NA,NA,NA
"Wolves","Fer López",1,120,0,1,1,0,0,0,0.1,0.1,0.7,0.9,5,14,10,0,0.75,0.75,0,0.75,0.1,0.56,0.66,0.1,0,4,1,25,3,0.75,0,0,18.9,53,70,75.7,0.7,0.5,0.3,3,7,6,0,14,1,1,1,0,1,0,0,4,0,0,3,1,0,100,NA,NA,NA,NA,NA,NA,NA,NA,NA,NA,NA,NA
"Wolves","Yerson Mosquera",2,137,0,0,0,0,0,0,0.1,0.1,0,0.1,1,0,1,0,0,0,0,0,0.03,0,0.03,0.03,0,2,1,50,1.31,0.66,0,0,14.8,65,70,92.9,0,0,0,0,1,0,0,0,3,0,2,3,6,3,0,2,6,0,1,2,4,33.3,NA,NA,NA,NA,NA,NA,NA,NA,NA,NA,NA,NA
"Wolves","Marshall Munetsi",6,609,0,1,1,0,0,0,0.7,0.7,0.5,1.2,5,11,25,0,0.15,0.15,0,0.15,0.11,0.07,0.18,0.11,0,8,3,37.5,1.18,0.44,0,0,15.6,68,120,56.7,0.5,0.3,0.5,3,7,2,2,11,14,7,8,4,18,18,0,12,6,4,10,16,20,44.4,NA,NA,NA,NA,NA,NA,NA,NA,NA,NA,NA,NA
"Wolves","David Møller Wolfe",2,145,0,1,1,0,0,0,0,0,0.3,0.3,3,3,8,0,0.62,0.62,0,0.62,0,0.17,0.17,0,0,0,0,NA,0,0,NA,NA,NA,28,54,51.9,0.3,0.1,0.7,1,2,1,1,3,2,2,0,0,2,5,0,0,1,0,8,1,1,50,NA,NA,NA,NA,NA,NA,NA,NA,NA,NA,NA,NA
"Wolves","José Sá",4,360,0,0,0,0,0,0,0,0,0.1,0.1,0,0,0,0,0,0,0,0,0,0.02,0.02,0,0,0,0,NA,0,0,NA,NA,NA,89,131,67.9,0.1,0,-0.1,1,3,1,0,0,0,0,0,0,0,1,0,0,0,0,0,2,0,100,11,2.75,16,5,31.3,0,0,0,0,0,0,NA
"Wolves","Jørgen Strand Larsen",5,452,0,0,0,0,0,0,0.7,0.7,0.3,1,2,3,15,0,0,0,0,0,0.14,0.06,0.2,0.14,0,9,3,33.3,1.79,0.6,0,0,13,62,93,66.7,0.3,0.2,-0.3,2,8,0,0,3,1,1,2,1,2,8,0,12,4,2,1,19,25,43.2,NA,NA,NA,NA,NA,NA,NA,NA,NA,NA,NA,NA
"Wolves","Jackson Tchatchoua",3,372,0,0,0,0,0,0,0.3,0.3,0.1,0.4,8,4,30,0,0,0,0,0,0.06,0.03,0.09,0.06,0,1,0,0,0.24,0,0,NA,18.1,131,182,72,0.1,0.1,-0.1,4,4,3,3,4,10,4,5,3,13,15,1,0,0,1,17,8,6,57.1,NA,NA,NA,NA,NA,NA,NA,NA,NA,NA,NA,NA
